PHASE|phase-1-1|12:00:10.000 PM 28-Sep-2026
STATE|1|1|0|0|length 0|2.55
STATE|1|1|0|0|hasGrass|true
STATE|1|1|0|0|hasCanola|false
STATE|1|1|0|0|hasFlower|false
STATE|1|1|0|0|soilQuality|6.52
STATE|1|1|0|0|grassCount|5.3
STATE|1|1|0|0|canolaCount|8.4
STATE|1|1|0|0|flowerCount|7.76
STATE|1|1|0|0|predatorCount|2.49
STATE|1|1|0|0|pollinatorCount|0.52
STATE|1|1|0|0|pestCount|1.57
STATE|1|1|0|0|predatorK|3.72
STATE|1|1|0|0|pollinatorK|8.68
STATE|1|1|0|0|pestK|3.81
STATE|1|1|0|0|yield|1.02
STATE|1|1|0|0|canolaPoints|2.49
STATE|1|1|0|0|paymentPoints|7.31
STATE|1|1|0|0|ownedBy|2
STATE|1|1|0|0|village|1
STATE|1|1|0|0|shared?|true
STATE|1|1|0|1|length 0|8.67
STATE|1|1|0|1|hasGrass|true
STATE|1|1|0|1|hasCanola|false
STATE|1|1|0|1|hasFlower|true
STATE|1|1|0|1|soilQuality|6.18
STATE|1|1|0|1|grassCount|4.45
STATE|1|1|0|1|canolaCount|1.32
STATE|1|1|0|1|flowerCount|9.72
STATE|1|1|0|1|predatorCount|0.05
STATE|1|1|0|1|pollinatorCount|7.74
STATE|1|1|0|1|pestCount|9.6
STATE|1|1|0|1|predatorK|1.66
STATE|1|1|0|1|pollinatorK|1.66
STATE|1|1|0|1|pestK|3.14
STATE|1|1|0|1|yield|1.99
STATE|1|1|0|1|canolaPoints|8.76
STATE|1|1|0|1|paymentPoints|6.26
STATE|1|1|0|1|ownedBy|0
STATE|1|1|0|1|village|3
STATE|1|1|0|1|shared?|true
STATE|1|1|0|2|length 0|9.65
STATE|1|1|0|2|hasGrass|true
STATE|1|1|0|2|hasCanola|true
STATE|1|1|0|2|hasFlower|true
STATE|1|1|0|2|soilQuality|9.36
STATE|1|1|0|2|grassCount|2.64
STATE|1|1|0|2|canolaCount|3.32
STATE|1|1|0|2|flowerCount|8.17
STATE|1|1|0|2|predatorCount|5.86
STATE|1|1|0|2|pollinatorCount|5.96
STATE|1|1|0|2|pestCount|7.08
STATE|1|1|0|2|predatorK|0.66
STATE|1|1|0|2|pollinatorK|3.55
STATE|1|1|0|2|pestK|3.06
STATE|1|1|0|2|yield|6.96
STATE|1|1|0|2|canolaPoints|1.85
STATE|1|1|0|2|paymentPoints|4.73
STATE|1|1|0|2|ownedBy|0
STATE|1|1|0|2|village|0
STATE|1|1|0|2|shared?|true
STATE|1|1|0|3|length 0|9.39
STATE|1|1|0|3|hasGrass|false
STATE|1|1|0|3|hasCanola|true
STATE|1|1|0|3|hasFlower|true
STATE|1|1|0|3|soilQuality|5.49
STATE|1|1|0|3|grassCount|4.19
STATE|1|1|0|3|canolaCount|3.76
STATE|1|1|0|3|flowerCount|8.41
STATE|1|1|0|3|predatorCount|4.53
STATE|1|1|0|3|pollinatorCount|7.08
STATE|1|1|0|3|pestCount|6.24
STATE|1|1|0|3|predatorK|9.54
STATE|1|1|0|3|pollinatorK|1.19
STATE|1|1|0|3|pestK|2.46
STATE|1|1|0|3|yield|8.19
STATE|1|1|0|3|canolaPoints|4.62
STATE|1|1|0|3|paymentPoints|5.12
STATE|1|1|0|3|ownedBy|3
STATE|1|1|0|3|village|1
STATE|1|1|0|3|shared?|false
STATE|1|1|0|4|length 0|1.08
STATE|1|1|0|4|hasGrass|false
STATE|1|1|0|4|hasCanola|false
STATE|1|1|0|4|hasFlower|false
STATE|1|1|0|4|soilQuality|0.37
STATE|1|1|0|4|grassCount|9.46
STATE|1|1|0|4|canolaCount|0.91
STATE|1|1|0|4|flowerCount|3.41
STATE|1|1|0|4|predatorCount|6.11
STATE|1|1|0|4|pollinatorCount|9.18
STATE|1|1|0|4|pestCount|3.4
STATE|1|1|0|4|predatorK|9.24
STATE|1|1|0|4|pollinatorK|5.45
STATE|1|1|0|4|pestK|3.12
STATE|1|1|0|4|yield|3.17
STATE|1|1|0|4|canolaPoints|1.77
STATE|1|1|0|4|paymentPoints|0.78
STATE|1|1|0|4|ownedBy|0
STATE|1|1|0|4|village|3
STATE|1|1|0|4|shared?|false
STATE|1|1|0|5|length 0|9.97
STATE|1|1|0|5|hasGrass|true
STATE|1|1|0|5|hasCanola|true
STATE|1|1|0|5|hasFlower|false
STATE|1|1|0|5|soilQuality|5.34
STATE|1|1|0|5|grassCount|4.06
STATE|1|1|0|5|canolaCount|2.37
STATE|1|1|0|5|flowerCount|5.94
STATE|1|1|0|5|predatorCount|8.26
STATE|1|1|0|5|pollinatorCount|4.56
STATE|1|1|0|5|pestCount|4.22
STATE|1|1|0|5|predatorK|0.56
STATE|1|1|0|5|pollinatorK|9.16
STATE|1|1|0|5|pestK|0.33
STATE|1|1|0|5|yield|4.94
STATE|1|1|0|5|canolaPoints|8.38
STATE|1|1|0|5|paymentPoints|1.31
STATE|1|1|0|5|ownedBy|3
STATE|1|1|0|5|village|3
STATE|1|1|0|5|shared?|false
STATE|1|1|0|6|length 0|6.3
STATE|1|1|0|6|hasGrass|false
STATE|1|1|0|6|hasCanola|true
STATE|1|1|0|6|hasFlower|true
STATE|1|1|0|6|soilQuality|1.49
STATE|1|1|0|6|grassCount|8.45
STATE|1|1|0|6|canolaCount|2.95
STATE|1|1|0|6|flowerCount|4.53
STATE|1|1|0|6|predatorCount|9.99
STATE|1|1|0|6|pollinatorCount|8.52
STATE|1|1|0|6|pestCount|9.76
STATE|1|1|0|6|predatorK|4.54
STATE|1|1|0|6|pollinatorK|4.88
STATE|1|1|0|6|pestK|7.3
STATE|1|1|0|6|yield|4.79
STATE|1|1|0|6|canolaPoints|2.91
STATE|1|1|0|6|paymentPoints|4.04
STATE|1|1|0|6|ownedBy|0
STATE|1|1|0|6|village|0
STATE|1|1|0|6|shared?|true
STATE|1|1|0|7|length 0|9.88
STATE|1|1|0|7|hasGrass|false
STATE|1|1|0|7|hasCanola|false
STATE|1|1|0|7|hasFlower|true
STATE|1|1|0|7|soilQuality|3.38
STATE|1|1|0|7|grassCount|0.89
STATE|1|1|0|7|canolaCount|2.72
STATE|1|1|0|7|flowerCount|7.82
STATE|1|1|0|7|predatorCount|8.67
STATE|1|1|0|7|pollinatorCount|3.61
STATE|1|1|0|7|pestCount|7.86
STATE|1|1|0|7|predatorK|7.75
STATE|1|1|0|7|pollinatorK|6.95
STATE|1|1|0|7|pestK|6.64
STATE|1|1|0|7|yield|7.6
STATE|1|1|0|7|canolaPoints|3.63
STATE|1|1|0|7|paymentPoints|7.04
STATE|1|1|0|7|ownedBy|1
STATE|1|1|0|7|village|2
STATE|1|1|0|7|shared?|true
STATE|1|1|1|0|length 0|9.81
STATE|1|1|1|0|hasGrass|false
STATE|1|1|1|0|hasCanola|false
STATE|1|1|1|0|hasFlower|true
STATE|1|1|1|0|soilQuality|1.79
STATE|1|1|1|0|grassCount|8.52
STATE|1|1|1|0|canolaCount|4.74
STATE|1|1|1|0|flowerCount|7.74
STATE|1|1|1|0|predatorCount|3.26
STATE|1|1|1|0|pollinatorCount|2.74
STATE|1|1|1|0|pestCount|2.89
STATE|1|1|1|0|predatorK|5.0
STATE|1|1|1|0|pollinatorK|6.74
STATE|1|1|1|0|pestK|3.57
STATE|1|1|1|0|yield|2.74
STATE|1|1|1|0|canolaPoints|3.46
STATE|1|1|1|0|paymentPoints|9.38
STATE|1|1|1|0|ownedBy|2
STATE|1|1|1|0|village|1
STATE|1|1|1|0|shared?|false
STATE|1|1|1|1|length 0|1.72
STATE|1|1|1|1|hasGrass|false
STATE|1|1|1|1|hasCanola|true
STATE|1|1|1|1|hasFlower|true
STATE|1|1|1|1|soilQuality|3.34
STATE|1|1|1|1|grassCount|1.42
STATE|1|1|1|1|canolaCount|9.8
STATE|1|1|1|1|flowerCount|1.99
STATE|1|1|1|1|predatorCount|3.62
STATE|1|1|1|1|pollinatorCount|8.54
STATE|1|1|1|1|pestCount|2.83
STATE|1|1|1|1|predatorK|0.79
STATE|1|1|1|1|pollinatorK|6.71
STATE|1|1|1|1|pestK|4.17
STATE|1|1|1|1|yield|6.17
STATE|1|1|1|1|canolaPoints|9.36
STATE|1|1|1|1|paymentPoints|5.16
STATE|1|1|1|1|ownedBy|2
STATE|1|1|1|1|village|1
STATE|1|1|1|1|shared?|false
STATE|1|1|1|2|length 0|7.75
STATE|1|1|1|2|hasGrass|false
STATE|1|1|1|2|hasCanola|false
STATE|1|1|1|2|hasFlower|true
STATE|1|1|1|2|soilQuality|1.6
STATE|1|1|1|2|grassCount|4.41
STATE|1|1|1|2|canolaCount|6.5
STATE|1|1|1|2|flowerCount|2.19
STATE|1|1|1|2|predatorCount|6.86
STATE|1|1|1|2|pollinatorCount|6.31
STATE|1|1|1|2|pestCount|0.42
STATE|1|1|1|2|predatorK|4.72
STATE|1|1|1|2|pollinatorK|2.26
STATE|1|1|1|2|pestK|0.54
STATE|1|1|1|2|yield|1.34
STATE|1|1|1|2|canolaPoints|3.17
STATE|1|1|1|2|paymentPoints|1.82
STATE|1|1|1|2|ownedBy|0
STATE|1|1|1|2|village|3
STATE|1|1|1|2|shared?|true
STATE|1|1|1|3|length 0|4.65
STATE|1|1|1|3|hasGrass|true
STATE|1|1|1|3|hasCanola|false
STATE|1|1|1|3|hasFlower|false
STATE|1|1|1|3|soilQuality|2.38
STATE|1|1|1|3|grassCount|9.03
STATE|1|1|1|3|canolaCount|0.01
STATE|1|1|1|3|flowerCount|4.05
STATE|1|1|1|3|predatorCount|2.79
STATE|1|1|1|3|pollinatorCount|4.1
STATE|1|1|1|3|pestCount|1.15
STATE|1|1|1|3|predatorK|8.31
STATE|1|1|1|3|pollinatorK|3.74
STATE|1|1|1|3|pestK|0.36
STATE|1|1|1|3|yield|6.14
STATE|1|1|1|3|canolaPoints|0.95
STATE|1|1|1|3|paymentPoints|5.45
STATE|1|1|1|3|ownedBy|1
STATE|1|1|1|3|village|3
STATE|1|1|1|3|shared?|true
STATE|1|1|1|4|length 0|3.52
STATE|1|1|1|4|hasGrass|true
STATE|1|1|1|4|hasCanola|true
STATE|1|1|1|4|hasFlower|false
STATE|1|1|1|4|soilQuality|5.38
STATE|1|1|1|4|grassCount|4.67
STATE|1|1|1|4|canolaCount|1.57
STATE|1|1|1|4|flowerCount|3.83
STATE|1|1|1|4|predatorCount|4.77
STATE|1|1|1|4|pollinatorCount|1.99
STATE|1|1|1|4|pestCount|1.33
STATE|1|1|1|4|predatorK|0.91
STATE|1|1|1|4|pollinatorK|8.21
STATE|1|1|1|4|pestK|6.62
STATE|1|1|1|4|yield|3.82
STATE|1|1|1|4|canolaPoints|3.26
STATE|1|1|1|4|paymentPoints|9.16
STATE|1|1|1|4|ownedBy|3
STATE|1|1|1|4|village|0
STATE|1|1|1|4|shared?|true
STATE|1|1|1|5|length 0|8.76
STATE|1|1|1|5|hasGrass|false
STATE|1|1|1|5|hasCanola|true
STATE|1|1|1|5|hasFlower|false
STATE|1|1|1|5|soilQuality|4.93
STATE|1|1|1|5|grassCount|4.8
STATE|1|1|1|5|canolaCount|7.08
STATE|1|1|1|5|flowerCount|3.84
STATE|1|1|1|5|predatorCount|8.55
STATE|1|1|1|5|pollinatorCount|1.59
STATE|1|1|1|5|pestCount|5.94
STATE|1|1|1|5|predatorK|7.41
STATE|1|1|1|5|pollinatorK|3.01
STATE|1|1|1|5|pestK|2.51
STATE|1|1|1|5|yield|0.2
STATE|1|1|1|5|canolaPoints|9.45
STATE|1|1|1|5|paymentPoints|3.07
STATE|1|1|1|5|ownedBy|1
STATE|1|1|1|5|village|0
STATE|1|1|1|5|shared?|true
STATE|1|1|1|6|length 0|1.22
STATE|1|1|1|6|hasGrass|false
STATE|1|1|1|6|hasCanola|true
STATE|1|1|1|6|hasFlower|true
STATE|1|1|1|6|soilQuality|7.82
STATE|1|1|1|6|grassCount|8.27
STATE|1|1|1|6|canolaCount|0.13
STATE|1|1|1|6|flowerCount|5.33
STATE|1|1|1|6|predatorCount|2.74
STATE|1|1|1|6|pollinatorCount|9.35
STATE|1|1|1|6|pestCount|7.82
STATE|1|1|1|6|predatorK|2.46
STATE|1|1|1|6|pollinatorK|2.68
STATE|1|1|1|6|pestK|1.55
STATE|1|1|1|6|yield|9.89
STATE|1|1|1|6|canolaPoints|2.93
STATE|1|1|1|6|paymentPoints|6.08
STATE|1|1|1|6|ownedBy|2
STATE|1|1|1|6|village|3
STATE|1|1|1|6|shared?|false
STATE|1|1|1|7|length 0|6.04
STATE|1|1|1|7|hasGrass|false
STATE|1|1|1|7|hasCanola|true
STATE|1|1|1|7|hasFlower|false
STATE|1|1|1|7|soilQuality|3.01
STATE|1|1|1|7|grassCount|5.33
STATE|1|1|1|7|canolaCount|3.36
STATE|1|1|1|7|flowerCount|2.97
STATE|1|1|1|7|predatorCount|5.3
STATE|1|1|1|7|pollinatorCount|4.64
STATE|1|1|1|7|pestCount|3.61
STATE|1|1|1|7|predatorK|7.45
STATE|1|1|1|7|pollinatorK|5.91
STATE|1|1|1|7|pestK|0.36
STATE|1|1|1|7|yield|2.52
STATE|1|1|1|7|canolaPoints|4.56
STATE|1|1|1|7|paymentPoints|9.17
STATE|1|1|1|7|ownedBy|3
STATE|1|1|1|7|village|3
STATE|1|1|1|7|shared?|true
STATE|1|1|2|0|length 0|4.3
STATE|1|1|2|0|hasGrass|false
STATE|1|1|2|0|hasCanola|false
STATE|1|1|2|0|hasFlower|false
STATE|1|1|2|0|soilQuality|9.53
STATE|1|1|2|0|grassCount|6.49
STATE|1|1|2|0|canolaCount|8.59
STATE|1|1|2|0|flowerCount|8.41
STATE|1|1|2|0|predatorCount|4.76
STATE|1|1|2|0|pollinatorCount|6.82
STATE|1|1|2|0|pestCount|7.2
STATE|1|1|2|0|predatorK|8.99
STATE|1|1|2|0|pollinatorK|4.65
STATE|1|1|2|0|pestK|7.58
STATE|1|1|2|0|yield|3.04
STATE|1|1|2|0|canolaPoints|0.03
STATE|1|1|2|0|paymentPoints|7.79
STATE|1|1|2|0|ownedBy|3
STATE|1|1|2|0|village|1
STATE|1|1|2|0|shared?|false
STATE|1|1|2|1|length 0|4.72
STATE|1|1|2|1|hasGrass|true
STATE|1|1|2|1|hasCanola|true
STATE|1|1|2|1|hasFlower|false
STATE|1|1|2|1|soilQuality|8.89
STATE|1|1|2|1|grassCount|9.73
STATE|1|1|2|1|canolaCount|5.38
STATE|1|1|2|1|flowerCount|4.26
STATE|1|1|2|1|predatorCount|5.41
STATE|1|1|2|1|pollinatorCount|0.49
STATE|1|1|2|1|pestCount|7.33
STATE|1|1|2|1|predatorK|2.67
STATE|1|1|2|1|pollinatorK|0.85
STATE|1|1|2|1|pestK|0.63
STATE|1|1|2|1|yield|9.42
STATE|1|1|2|1|canolaPoints|3.33
STATE|1|1|2|1|paymentPoints|4.29
STATE|1|1|2|1|ownedBy|0
STATE|1|1|2|1|village|2
STATE|1|1|2|1|shared?|false
STATE|1|1|2|2|length 0|0.49
STATE|1|1|2|2|hasGrass|false
STATE|1|1|2|2|hasCanola|true
STATE|1|1|2|2|hasFlower|false
STATE|1|1|2|2|soilQuality|9.52
STATE|1|1|2|2|grassCount|7.12
STATE|1|1|2|2|canolaCount|1.35
STATE|1|1|2|2|flowerCount|2.92
STATE|1|1|2|2|predatorCount|9.18
STATE|1|1|2|2|pollinatorCount|1.5
STATE|1|1|2|2|pestCount|6.11
STATE|1|1|2|2|predatorK|4.14
STATE|1|1|2|2|pollinatorK|1.61
STATE|1|1|2|2|pestK|6.22
STATE|1|1|2|2|yield|0.44
STATE|1|1|2|2|canolaPoints|1.08
STATE|1|1|2|2|paymentPoints|3.79
STATE|1|1|2|2|ownedBy|0
STATE|1|1|2|2|village|1
STATE|1|1|2|2|shared?|true
STATE|1|1|2|3|length 0|5.75
STATE|1|1|2|3|hasGrass|false
STATE|1|1|2|3|hasCanola|false
STATE|1|1|2|3|hasFlower|true
STATE|1|1|2|3|soilQuality|4.32
STATE|1|1|2|3|grassCount|3.15
STATE|1|1|2|3|canolaCount|6.0
STATE|1|1|2|3|flowerCount|4.9
STATE|1|1|2|3|predatorCount|9.39
STATE|1|1|2|3|pollinatorCount|3.74
STATE|1|1|2|3|pestCount|0.56
STATE|1|1|2|3|predatorK|6.97
STATE|1|1|2|3|pollinatorK|1.51
STATE|1|1|2|3|pestK|6.31
STATE|1|1|2|3|yield|5.06
STATE|1|1|2|3|canolaPoints|9.1
STATE|1|1|2|3|paymentPoints|5.55
STATE|1|1|2|3|ownedBy|3
STATE|1|1|2|3|village|0
STATE|1|1|2|3|shared?|true
STATE|1|1|2|4|length 0|5.52
STATE|1|1|2|4|hasGrass|true
STATE|1|1|2|4|hasCanola|false
STATE|1|1|2|4|hasFlower|false
STATE|1|1|2|4|soilQuality|1.34
STATE|1|1|2|4|grassCount|2.34
STATE|1|1|2|4|canolaCount|3.71
STATE|1|1|2|4|flowerCount|7.37
STATE|1|1|2|4|predatorCount|1.79
STATE|1|1|2|4|pollinatorCount|7.13
STATE|1|1|2|4|pestCount|6.55
STATE|1|1|2|4|predatorK|0.85
STATE|1|1|2|4|pollinatorK|6.68
STATE|1|1|2|4|pestK|0.91
STATE|1|1|2|4|yield|1.25
STATE|1|1|2|4|canolaPoints|5.94
STATE|1|1|2|4|paymentPoints|2.39
STATE|1|1|2|4|ownedBy|2
STATE|1|1|2|4|village|2
STATE|1|1|2|4|shared?|false
STATE|1|1|2|5|length 0|1.08
STATE|1|1|2|5|hasGrass|false
STATE|1|1|2|5|hasCanola|false
STATE|1|1|2|5|hasFlower|true
STATE|1|1|2|5|soilQuality|8.48
STATE|1|1|2|5|grassCount|9.45
STATE|1|1|2|5|canolaCount|4.29
STATE|1|1|2|5|flowerCount|7.94
STATE|1|1|2|5|predatorCount|7.5
STATE|1|1|2|5|pollinatorCount|0.84
STATE|1|1|2|5|pestCount|9.11
STATE|1|1|2|5|predatorK|4.91
STATE|1|1|2|5|pollinatorK|2.12
STATE|1|1|2|5|pestK|7.01
STATE|1|1|2|5|yield|3.76
STATE|1|1|2|5|canolaPoints|8.36
STATE|1|1|2|5|paymentPoints|2.9
STATE|1|1|2|5|ownedBy|3
STATE|1|1|2|5|village|3
STATE|1|1|2|5|shared?|true
STATE|1|1|2|6|length 0|3.86
STATE|1|1|2|6|hasGrass|true
STATE|1|1|2|6|hasCanola|false
STATE|1|1|2|6|hasFlower|false
STATE|1|1|2|6|soilQuality|8.05
STATE|1|1|2|6|grassCount|4.33
STATE|1|1|2|6|canolaCount|8.52
STATE|1|1|2|6|flowerCount|5.17
STATE|1|1|2|6|predatorCount|5.93
STATE|1|1|2|6|pollinatorCount|5.73
STATE|1|1|2|6|pestCount|7.4
STATE|1|1|2|6|predatorK|3.96
STATE|1|1|2|6|pollinatorK|0.97
STATE|1|1|2|6|pestK|0.33
STATE|1|1|2|6|yield|2.02
STATE|1|1|2|6|canolaPoints|0.39
STATE|1|1|2|6|paymentPoints|8.89
STATE|1|1|2|6|ownedBy|2
STATE|1|1|2|6|village|3
STATE|1|1|2|6|shared?|false
STATE|1|1|2|7|length 0|0.0
STATE|1|1|2|7|hasGrass|true
STATE|1|1|2|7|hasCanola|false
STATE|1|1|2|7|hasFlower|false
STATE|1|1|2|7|soilQuality|4.29
STATE|1|1|2|7|grassCount|4.66
STATE|1|1|2|7|canolaCount|1.0
STATE|1|1|2|7|flowerCount|1.55
STATE|1|1|2|7|predatorCount|1.59
STATE|1|1|2|7|pollinatorCount|3.75
STATE|1|1|2|7|pestCount|3.86
STATE|1|1|2|7|predatorK|8.8
STATE|1|1|2|7|pollinatorK|1.52
STATE|1|1|2|7|pestK|2.54
STATE|1|1|2|7|yield|2.77
STATE|1|1|2|7|canolaPoints|1.62
STATE|1|1|2|7|paymentPoints|2.87
STATE|1|1|2|7|ownedBy|0
STATE|1|1|2|7|village|0
STATE|1|1|2|7|shared?|true
STATE|1|1|3|0|length 0|0.32
STATE|1|1|3|0|hasGrass|false
STATE|1|1|3|0|hasCanola|true
STATE|1|1|3|0|hasFlower|false
STATE|1|1|3|0|soilQuality|6.88
STATE|1|1|3|0|grassCount|6.74
STATE|1|1|3|0|canolaCount|4.72
STATE|1|1|3|0|flowerCount|9.45
STATE|1|1|3|0|predatorCount|1.18
STATE|1|1|3|0|pollinatorCount|6.69
STATE|1|1|3|0|pestCount|2.91
STATE|1|1|3|0|predatorK|6.74
STATE|1|1|3|0|pollinatorK|7.29
STATE|1|1|3|0|pestK|1.63
STATE|1|1|3|0|yield|2.01
STATE|1|1|3|0|canolaPoints|0.25
STATE|1|1|3|0|paymentPoints|2.3
STATE|1|1|3|0|ownedBy|0
STATE|1|1|3|0|village|3
STATE|1|1|3|0|shared?|true
STATE|1|1|3|1|length 0|9.74
STATE|1|1|3|1|hasGrass|true
STATE|1|1|3|1|hasCanola|true
STATE|1|1|3|1|hasFlower|true
STATE|1|1|3|1|soilQuality|2.83
STATE|1|1|3|1|grassCount|7.32
STATE|1|1|3|1|canolaCount|7.18
STATE|1|1|3|1|flowerCount|1.63
STATE|1|1|3|1|predatorCount|2.41
STATE|1|1|3|1|pollinatorCount|6.72
STATE|1|1|3|1|pestCount|9.4
STATE|1|1|3|1|predatorK|6.46
STATE|1|1|3|1|pollinatorK|4.31
STATE|1|1|3|1|pestK|9.75
STATE|1|1|3|1|yield|0.06
STATE|1|1|3|1|canolaPoints|0.61
STATE|1|1|3|1|paymentPoints|7.79
STATE|1|1|3|1|ownedBy|2
STATE|1|1|3|1|village|0
STATE|1|1|3|1|shared?|true
STATE|1|1|3|2|length 0|5.48
STATE|1|1|3|2|hasGrass|false
STATE|1|1|3|2|hasCanola|false
STATE|1|1|3|2|hasFlower|true
STATE|1|1|3|2|soilQuality|0.94
STATE|1|1|3|2|grassCount|0.71
STATE|1|1|3|2|canolaCount|8.99
STATE|1|1|3|2|flowerCount|4.91
STATE|1|1|3|2|predatorCount|9.36
STATE|1|1|3|2|pollinatorCount|0.54
STATE|1|1|3|2|pestCount|2.43
STATE|1|1|3|2|predatorK|0.5
STATE|1|1|3|2|pollinatorK|3.97
STATE|1|1|3|2|pestK|0.6
STATE|1|1|3|2|yield|2.55
STATE|1|1|3|2|canolaPoints|4.07
STATE|1|1|3|2|paymentPoints|3.06
STATE|1|1|3|2|ownedBy|0
STATE|1|1|3|2|village|0
STATE|1|1|3|2|shared?|false
STATE|1|1|3|3|length 0|1.94
STATE|1|1|3|3|hasGrass|false
STATE|1|1|3|3|hasCanola|false
STATE|1|1|3|3|hasFlower|true
STATE|1|1|3|3|soilQuality|2.34
STATE|1|1|3|3|grassCount|9.27
STATE|1|1|3|3|canolaCount|7.91
STATE|1|1|3|3|flowerCount|0.87
STATE|1|1|3|3|predatorCount|9.85
STATE|1|1|3|3|pollinatorCount|1.62
STATE|1|1|3|3|pestCount|0.75
STATE|1|1|3|3|predatorK|7.3
STATE|1|1|3|3|pollinatorK|6.25
STATE|1|1|3|3|pestK|4.41
STATE|1|1|3|3|yield|3.58
STATE|1|1|3|3|canolaPoints|4.23
STATE|1|1|3|3|paymentPoints|7.68
STATE|1|1|3|3|ownedBy|3
STATE|1|1|3|3|village|3
STATE|1|1|3|3|shared?|true
STATE|1|1|3|4|length 0|0.12
STATE|1|1|3|4|hasGrass|false
STATE|1|1|3|4|hasCanola|false
STATE|1|1|3|4|hasFlower|false
STATE|1|1|3|4|soilQuality|10.0
STATE|1|1|3|4|grassCount|5.54
STATE|1|1|3|4|canolaCount|1.39
STATE|1|1|3|4|flowerCount|4.83
STATE|1|1|3|4|predatorCount|7.8
STATE|1|1|3|4|pollinatorCount|2.63
STATE|1|1|3|4|pestCount|4.03
STATE|1|1|3|4|predatorK|1.33
STATE|1|1|3|4|pollinatorK|5.37
STATE|1|1|3|4|pestK|4.72
STATE|1|1|3|4|yield|6.97
STATE|1|1|3|4|canolaPoints|7.99
STATE|1|1|3|4|paymentPoints|9.68
STATE|1|1|3|4|ownedBy|3
STATE|1|1|3|4|village|0
STATE|1|1|3|4|shared?|true
STATE|1|1|3|5|length 0|4.93
STATE|1|1|3|5|hasGrass|true
STATE|1|1|3|5|hasCanola|false
STATE|1|1|3|5|hasFlower|false
STATE|1|1|3|5|soilQuality|8.83
STATE|1|1|3|5|grassCount|8.86
STATE|1|1|3|5|canolaCount|0.72
STATE|1|1|3|5|flowerCount|7.69
STATE|1|1|3|5|predatorCount|3.8
STATE|1|1|3|5|pollinatorCount|7.69
STATE|1|1|3|5|pestCount|0.0
STATE|1|1|3|5|predatorK|2.86
STATE|1|1|3|5|pollinatorK|9.4
STATE|1|1|3|5|pestK|1.32
STATE|1|1|3|5|yield|0.28
STATE|1|1|3|5|canolaPoints|1.43
STATE|1|1|3|5|paymentPoints|6.88
STATE|1|1|3|5|ownedBy|0
STATE|1|1|3|5|village|3
STATE|1|1|3|5|shared?|true
STATE|1|1|3|6|length 0|4.28
STATE|1|1|3|6|hasGrass|true
STATE|1|1|3|6|hasCanola|false
STATE|1|1|3|6|hasFlower|false
STATE|1|1|3|6|soilQuality|3.21
STATE|1|1|3|6|grassCount|3.06
STATE|1|1|3|6|canolaCount|1.37
STATE|1|1|3|6|flowerCount|4.98
STATE|1|1|3|6|predatorCount|3.23
STATE|1|1|3|6|pollinatorCount|0.34
STATE|1|1|3|6|pestCount|5.42
STATE|1|1|3|6|predatorK|7.39
STATE|1|1|3|6|pollinatorK|0.28
STATE|1|1|3|6|pestK|1.22
STATE|1|1|3|6|yield|9.7
STATE|1|1|3|6|canolaPoints|8.26
STATE|1|1|3|6|paymentPoints|4.36
STATE|1|1|3|6|ownedBy|1
STATE|1|1|3|6|village|3
STATE|1|1|3|6|shared?|true
STATE|1|1|3|7|length 0|5.27
STATE|1|1|3|7|hasGrass|true
STATE|1|1|3|7|hasCanola|true
STATE|1|1|3|7|hasFlower|true
STATE|1|1|3|7|soilQuality|1.63
STATE|1|1|3|7|grassCount|6.19
STATE|1|1|3|7|canolaCount|1.63
STATE|1|1|3|7|flowerCount|9.83
STATE|1|1|3|7|predatorCount|2.68
STATE|1|1|3|7|pollinatorCount|6.06
STATE|1|1|3|7|pestCount|6.31
STATE|1|1|3|7|predatorK|1.44
STATE|1|1|3|7|pollinatorK|7.65
STATE|1|1|3|7|pestK|4.35
STATE|1|1|3|7|yield|4.29
STATE|1|1|3|7|canolaPoints|3.33
STATE|1|1|3|7|paymentPoints|4.46
STATE|1|1|3|7|ownedBy|0
STATE|1|1|3|7|village|2
STATE|1|1|3|7|shared?|false
STATE|1|1|4|0|length 0|1.72
STATE|1|1|4|0|hasGrass|true
STATE|1|1|4|0|hasCanola|false
STATE|1|1|4|0|hasFlower|true
STATE|1|1|4|0|soilQuality|4.73
STATE|1|1|4|0|grassCount|4.91
STATE|1|1|4|0|canolaCount|0.02
STATE|1|1|4|0|flowerCount|1.27
STATE|1|1|4|0|predatorCount|8.51
STATE|1|1|4|0|pollinatorCount|6.85
STATE|1|1|4|0|pestCount|2.08
STATE|1|1|4|0|predatorK|0.01
STATE|1|1|4|0|pollinatorK|9.09
STATE|1|1|4|0|pestK|2.36
STATE|1|1|4|0|yield|7.05
STATE|1|1|4|0|canolaPoints|3.54
STATE|1|1|4|0|paymentPoints|4.64
STATE|1|1|4|0|ownedBy|0
STATE|1|1|4|0|village|1
STATE|1|1|4|0|shared?|false
STATE|1|1|4|1|length 0|3.03
STATE|1|1|4|1|hasGrass|false
STATE|1|1|4|1|hasCanola|false
STATE|1|1|4|1|hasFlower|false
STATE|1|1|4|1|soilQuality|3.67
STATE|1|1|4|1|grassCount|8.09
STATE|1|1|4|1|canolaCount|8.14
STATE|1|1|4|1|flowerCount|6.63
STATE|1|1|4|1|predatorCount|9.08
STATE|1|1|4|1|pollinatorCount|0.62
STATE|1|1|4|1|pestCount|4.94
STATE|1|1|4|1|predatorK|3.49
STATE|1|1|4|1|pollinatorK|1.43
STATE|1|1|4|1|pestK|2.38
STATE|1|1|4|1|yield|3.82
STATE|1|1|4|1|canolaPoints|0.94
STATE|1|1|4|1|paymentPoints|3.97
STATE|1|1|4|1|ownedBy|3
STATE|1|1|4|1|village|1
STATE|1|1|4|1|shared?|false
STATE|1|1|4|2|length 0|1.99
STATE|1|1|4|2|hasGrass|false
STATE|1|1|4|2|hasCanola|true
STATE|1|1|4|2|hasFlower|false
STATE|1|1|4|2|soilQuality|8.63
STATE|1|1|4|2|grassCount|6.23
STATE|1|1|4|2|canolaCount|8.0
STATE|1|1|4|2|flowerCount|3.76
STATE|1|1|4|2|predatorCount|0.1
STATE|1|1|4|2|pollinatorCount|5.12
STATE|1|1|4|2|pestCount|5.87
STATE|1|1|4|2|predatorK|1.85
STATE|1|1|4|2|pollinatorK|3.89
STATE|1|1|4|2|pestK|3.17
STATE|1|1|4|2|yield|0.27
STATE|1|1|4|2|canolaPoints|3.12
STATE|1|1|4|2|paymentPoints|3.83
STATE|1|1|4|2|ownedBy|2
STATE|1|1|4|2|village|3
STATE|1|1|4|2|shared?|false
STATE|1|1|4|3|length 0|3.99
STATE|1|1|4|3|hasGrass|false
STATE|1|1|4|3|hasCanola|false
STATE|1|1|4|3|hasFlower|false
STATE|1|1|4|3|soilQuality|6.93
STATE|1|1|4|3|grassCount|6.7
STATE|1|1|4|3|canolaCount|5.37
STATE|1|1|4|3|flowerCount|7.99
STATE|1|1|4|3|predatorCount|3.63
STATE|1|1|4|3|pollinatorCount|5.94
STATE|1|1|4|3|pestCount|6.79
STATE|1|1|4|3|predatorK|5.22
STATE|1|1|4|3|pollinatorK|2.84
STATE|1|1|4|3|pestK|0.78
STATE|1|1|4|3|yield|0.87
STATE|1|1|4|3|canolaPoints|3.56
STATE|1|1|4|3|paymentPoints|5.8
STATE|1|1|4|3|ownedBy|3
STATE|1|1|4|3|village|2
STATE|1|1|4|3|shared?|true
STATE|1|1|4|4|length 0|9.29
STATE|1|1|4|4|hasGrass|true
STATE|1|1|4|4|hasCanola|false
STATE|1|1|4|4|hasFlower|true
STATE|1|1|4|4|soilQuality|7.53
STATE|1|1|4|4|grassCount|6.7
STATE|1|1|4|4|canolaCount|9.57
STATE|1|1|4|4|flowerCount|8.97
STATE|1|1|4|4|predatorCount|6.88
STATE|1|1|4|4|pollinatorCount|8.38
STATE|1|1|4|4|pestCount|7.39
STATE|1|1|4|4|predatorK|6.11
STATE|1|1|4|4|pollinatorK|2.09
STATE|1|1|4|4|pestK|5.17
STATE|1|1|4|4|yield|8.96
STATE|1|1|4|4|canolaPoints|2.39
STATE|1|1|4|4|paymentPoints|9.75
STATE|1|1|4|4|ownedBy|3
STATE|1|1|4|4|village|2
STATE|1|1|4|4|shared?|true
STATE|1|1|4|5|length 0|0.03
STATE|1|1|4|5|hasGrass|true
STATE|1|1|4|5|hasCanola|true
STATE|1|1|4|5|hasFlower|false
STATE|1|1|4|5|soilQuality|9.0
STATE|1|1|4|5|grassCount|9.1
STATE|1|1|4|5|canolaCount|6.14
STATE|1|1|4|5|flowerCount|3.87
STATE|1|1|4|5|predatorCount|1.09
STATE|1|1|4|5|pollinatorCount|6.89
STATE|1|1|4|5|pestCount|5.53
STATE|1|1|4|5|predatorK|7.15
STATE|1|1|4|5|pollinatorK|3.74
STATE|1|1|4|5|pestK|8.87
STATE|1|1|4|5|yield|2.13
STATE|1|1|4|5|canolaPoints|3.06
STATE|1|1|4|5|paymentPoints|2.68
STATE|1|1|4|5|ownedBy|3
STATE|1|1|4|5|village|0
STATE|1|1|4|5|shared?|false
STATE|1|1|4|6|length 0|1.67
STATE|1|1|4|6|hasGrass|false
STATE|1|1|4|6|hasCanola|false
STATE|1|1|4|6|hasFlower|true
STATE|1|1|4|6|soilQuality|0.63
STATE|1|1|4|6|grassCount|5.66
STATE|1|1|4|6|canolaCount|8.3
STATE|1|1|4|6|flowerCount|8.79
STATE|1|1|4|6|predatorCount|7.28
STATE|1|1|4|6|pollinatorCount|4.17
STATE|1|1|4|6|pestCount|4.25
STATE|1|1|4|6|predatorK|5.29
STATE|1|1|4|6|pollinatorK|9.05
STATE|1|1|4|6|pestK|3.02
STATE|1|1|4|6|yield|2.81
STATE|1|1|4|6|canolaPoints|6.05
STATE|1|1|4|6|paymentPoints|9.67
STATE|1|1|4|6|ownedBy|0
STATE|1|1|4|6|village|2
STATE|1|1|4|6|shared?|true
STATE|1|1|4|7|length 0|1.16
STATE|1|1|4|7|hasGrass|false
STATE|1|1|4|7|hasCanola|false
STATE|1|1|4|7|hasFlower|true
STATE|1|1|4|7|soilQuality|1.9
STATE|1|1|4|7|grassCount|5.95
STATE|1|1|4|7|canolaCount|6.46
STATE|1|1|4|7|flowerCount|6.9
STATE|1|1|4|7|predatorCount|7.29
STATE|1|1|4|7|pollinatorCount|0.61
STATE|1|1|4|7|pestCount|4.85
STATE|1|1|4|7|predatorK|8.35
STATE|1|1|4|7|pollinatorK|9.57
STATE|1|1|4|7|pestK|3.18
STATE|1|1|4|7|yield|8.5
STATE|1|1|4|7|canolaPoints|6.45
STATE|1|1|4|7|paymentPoints|9.27
STATE|1|1|4|7|ownedBy|0
STATE|1|1|4|7|village|3
STATE|1|1|4|7|shared?|false
STATE|1|1|5|0|length 0|7.98
STATE|1|1|5|0|hasGrass|false
STATE|1|1|5|0|hasCanola|true
STATE|1|1|5|0|hasFlower|false
STATE|1|1|5|0|soilQuality|1.12
STATE|1|1|5|0|grassCount|3.36
STATE|1|1|5|0|canolaCount|3.68
STATE|1|1|5|0|flowerCount|7.6
STATE|1|1|5|0|predatorCount|5.75
STATE|1|1|5|0|pollinatorCount|4.41
STATE|1|1|5|0|pestCount|3.23
STATE|1|1|5|0|predatorK|7.7
STATE|1|1|5|0|pollinatorK|1.83
STATE|1|1|5|0|pestK|8.94
STATE|1|1|5|0|yield|5.49
STATE|1|1|5|0|canolaPoints|5.8
STATE|1|1|5|0|paymentPoints|8.69
STATE|1|1|5|0|ownedBy|0
STATE|1|1|5|0|village|1
STATE|1|1|5|0|shared?|true
STATE|1|1|5|1|length 0|0.64
STATE|1|1|5|1|hasGrass|true
STATE|1|1|5|1|hasCanola|true
STATE|1|1|5|1|hasFlower|true
STATE|1|1|5|1|soilQuality|6.81
STATE|1|1|5|1|grassCount|7.43
STATE|1|1|5|1|canolaCount|0.84
STATE|1|1|5|1|flowerCount|4.03
STATE|1|1|5|1|predatorCount|5.43
STATE|1|1|5|1|pollinatorCount|3.75
STATE|1|1|5|1|pestCount|1.18
STATE|1|1|5|1|predatorK|5.97
STATE|1|1|5|1|pollinatorK|3.74
STATE|1|1|5|1|pestK|6.84
STATE|1|1|5|1|yield|4.96
STATE|1|1|5|1|canolaPoints|9.63
STATE|1|1|5|1|paymentPoints|9.45
STATE|1|1|5|1|ownedBy|0
STATE|1|1|5|1|village|2
STATE|1|1|5|1|shared?|false
STATE|1|1|5|2|length 0|7.21
STATE|1|1|5|2|hasGrass|true
STATE|1|1|5|2|hasCanola|true
STATE|1|1|5|2|hasFlower|true
STATE|1|1|5|2|soilQuality|3.54
STATE|1|1|5|2|grassCount|7.37
STATE|1|1|5|2|canolaCount|9.18
STATE|1|1|5|2|flowerCount|3.82
STATE|1|1|5|2|predatorCount|2.91
STATE|1|1|5|2|pollinatorCount|4.99
STATE|1|1|5|2|pestCount|6.97
STATE|1|1|5|2|predatorK|7.89
STATE|1|1|5|2|pollinatorK|5.76
STATE|1|1|5|2|pestK|2.96
STATE|1|1|5|2|yield|3.37
STATE|1|1|5|2|canolaPoints|8.48
STATE|1|1|5|2|paymentPoints|5.19
STATE|1|1|5|2|ownedBy|0
STATE|1|1|5|2|village|0
STATE|1|1|5|2|shared?|true
STATE|1|1|5|3|length 0|2.38
STATE|1|1|5|3|hasGrass|false
STATE|1|1|5|3|hasCanola|true
STATE|1|1|5|3|hasFlower|true
STATE|1|1|5|3|soilQuality|0.96
STATE|1|1|5|3|grassCount|4.78
STATE|1|1|5|3|canolaCount|9.85
STATE|1|1|5|3|flowerCount|5.41
STATE|1|1|5|3|predatorCount|3.86
STATE|1|1|5|3|pollinatorCount|9.34
STATE|1|1|5|3|pestCount|0.92
STATE|1|1|5|3|predatorK|3.56
STATE|1|1|5|3|pollinatorK|8.11
STATE|1|1|5|3|pestK|0.05
STATE|1|1|5|3|yield|7.66
STATE|1|1|5|3|canolaPoints|3.61
STATE|1|1|5|3|paymentPoints|0.16
STATE|1|1|5|3|ownedBy|1
STATE|1|1|5|3|village|3
STATE|1|1|5|3|shared?|true
STATE|1|1|5|4|length 0|3.83
STATE|1|1|5|4|hasGrass|false
STATE|1|1|5|4|hasCanola|true
STATE|1|1|5|4|hasFlower|true
STATE|1|1|5|4|soilQuality|9.74
STATE|1|1|5|4|grassCount|4.43
STATE|1|1|5|4|canolaCount|4.72
STATE|1|1|5|4|flowerCount|0.85
STATE|1|1|5|4|predatorCount|2.79
STATE|1|1|5|4|pollinatorCount|9.55
STATE|1|1|5|4|pestCount|6.87
STATE|1|1|5|4|predatorK|5.08
STATE|1|1|5|4|pollinatorK|0.53
STATE|1|1|5|4|pestK|3.93
STATE|1|1|5|4|yield|7.78
STATE|1|1|5|4|canolaPoints|4.35
STATE|1|1|5|4|paymentPoints|5.94
STATE|1|1|5|4|ownedBy|3
STATE|1|1|5|4|village|3
STATE|1|1|5|4|shared?|false
STATE|1|1|5|5|length 0|5.87
STATE|1|1|5|5|hasGrass|true
STATE|1|1|5|5|hasCanola|true
STATE|1|1|5|5|hasFlower|false
STATE|1|1|5|5|soilQuality|8.12
STATE|1|1|5|5|grassCount|8.24
STATE|1|1|5|5|canolaCount|4.32
STATE|1|1|5|5|flowerCount|8.98
STATE|1|1|5|5|predatorCount|0.15
STATE|1|1|5|5|pollinatorCount|8.16
STATE|1|1|5|5|pestCount|1.67
STATE|1|1|5|5|predatorK|3.38
STATE|1|1|5|5|pollinatorK|3.03
STATE|1|1|5|5|pestK|1.91
STATE|1|1|5|5|yield|8.34
STATE|1|1|5|5|canolaPoints|0.77
STATE|1|1|5|5|paymentPoints|3.69
STATE|1|1|5|5|ownedBy|2
STATE|1|1|5|5|village|2
STATE|1|1|5|5|shared?|true
STATE|1|1|5|6|length 0|1.39
STATE|1|1|5|6|hasGrass|true
STATE|1|1|5|6|hasCanola|true
STATE|1|1|5|6|hasFlower|false
STATE|1|1|5|6|soilQuality|7.69
STATE|1|1|5|6|grassCount|7.58
STATE|1|1|5|6|canolaCount|0.77
STATE|1|1|5|6|flowerCount|6.87
STATE|1|1|5|6|predatorCount|0.36
STATE|1|1|5|6|pollinatorCount|4.1
STATE|1|1|5|6|pestCount|1.5
STATE|1|1|5|6|predatorK|6.48
STATE|1|1|5|6|pollinatorK|7.47
STATE|1|1|5|6|pestK|4.94
STATE|1|1|5|6|yield|3.18
STATE|1|1|5|6|canolaPoints|4.58
STATE|1|1|5|6|paymentPoints|4.68
STATE|1|1|5|6|ownedBy|0
STATE|1|1|5|6|village|1
STATE|1|1|5|6|shared?|false
STATE|1|1|5|7|length 0|0.31
STATE|1|1|5|7|hasGrass|true
STATE|1|1|5|7|hasCanola|true
STATE|1|1|5|7|hasFlower|true
STATE|1|1|5|7|soilQuality|7.54
STATE|1|1|5|7|grassCount|3.73
STATE|1|1|5|7|canolaCount|7.75
STATE|1|1|5|7|flowerCount|1.52
STATE|1|1|5|7|predatorCount|5.18
STATE|1|1|5|7|pollinatorCount|9.75
STATE|1|1|5|7|pestCount|7.02
STATE|1|1|5|7|predatorK|0.9
STATE|1|1|5|7|pollinatorK|1.11
STATE|1|1|5|7|pestK|6.44
STATE|1|1|5|7|yield|3.75
STATE|1|1|5|7|canolaPoints|3.69
STATE|1|1|5|7|paymentPoints|4.78
STATE|1|1|5|7|ownedBy|3
STATE|1|1|5|7|village|2
STATE|1|1|5|7|shared?|false
STATE|1|1|6|0|length 0|2.41
STATE|1|1|6|0|hasGrass|false
STATE|1|1|6|0|hasCanola|true
STATE|1|1|6|0|hasFlower|false
STATE|1|1|6|0|soilQuality|7.31
STATE|1|1|6|0|grassCount|1.34
STATE|1|1|6|0|canolaCount|4.81
STATE|1|1|6|0|flowerCount|7.06
STATE|1|1|6|0|predatorCount|0.08
STATE|1|1|6|0|pollinatorCount|7.71
STATE|1|1|6|0|pestCount|4.19
STATE|1|1|6|0|predatorK|5.04
STATE|1|1|6|0|pollinatorK|6.11
STATE|1|1|6|0|pestK|7.93
STATE|1|1|6|0|yield|0.56
STATE|1|1|6|0|canolaPoints|5.01
STATE|1|1|6|0|paymentPoints|0.38
STATE|1|1|6|0|ownedBy|2
STATE|1|1|6|0|village|1
STATE|1|1|6|0|shared?|false
STATE|1|1|6|1|length 0|5.58
STATE|1|1|6|1|hasGrass|true
STATE|1|1|6|1|hasCanola|true
STATE|1|1|6|1|hasFlower|true
STATE|1|1|6|1|soilQuality|9.06
STATE|1|1|6|1|grassCount|5.69
STATE|1|1|6|1|canolaCount|2.76
STATE|1|1|6|1|flowerCount|5.83
STATE|1|1|6|1|predatorCount|5.94
STATE|1|1|6|1|pollinatorCount|3.91
STATE|1|1|6|1|pestCount|3.78
STATE|1|1|6|1|predatorK|8.47
STATE|1|1|6|1|pollinatorK|5.91
STATE|1|1|6|1|pestK|6.82
STATE|1|1|6|1|yield|6.45
STATE|1|1|6|1|canolaPoints|0.55
STATE|1|1|6|1|paymentPoints|2.12
STATE|1|1|6|1|ownedBy|3
STATE|1|1|6|1|village|2
STATE|1|1|6|1|shared?|true
STATE|1|1|6|2|length 0|5.13
STATE|1|1|6|2|hasGrass|false
STATE|1|1|6|2|hasCanola|true
STATE|1|1|6|2|hasFlower|true
STATE|1|1|6|2|soilQuality|4.56
STATE|1|1|6|2|grassCount|0.63
STATE|1|1|6|2|canolaCount|0.04
STATE|1|1|6|2|flowerCount|5.65
STATE|1|1|6|2|predatorCount|5.67
STATE|1|1|6|2|pollinatorCount|0.42
STATE|1|1|6|2|pestCount|7.42
STATE|1|1|6|2|predatorK|1.17
STATE|1|1|6|2|pollinatorK|8.85
STATE|1|1|6|2|pestK|3.74
STATE|1|1|6|2|yield|3.41
STATE|1|1|6|2|canolaPoints|8.15
STATE|1|1|6|2|paymentPoints|4.84
STATE|1|1|6|2|ownedBy|0
STATE|1|1|6|2|village|3
STATE|1|1|6|2|shared?|true
STATE|1|1|6|3|length 0|2.51
STATE|1|1|6|3|hasGrass|true
STATE|1|1|6|3|hasCanola|true
STATE|1|1|6|3|hasFlower|true
STATE|1|1|6|3|soilQuality|7.89
STATE|1|1|6|3|grassCount|7.02
STATE|1|1|6|3|canolaCount|5.92
STATE|1|1|6|3|flowerCount|8.75
STATE|1|1|6|3|predatorCount|9.15
STATE|1|1|6|3|pollinatorCount|8.36
STATE|1|1|6|3|pestCount|5.94
STATE|1|1|6|3|predatorK|5.66
STATE|1|1|6|3|pollinatorK|9.02
STATE|1|1|6|3|pestK|3.55
STATE|1|1|6|3|yield|1.23
STATE|1|1|6|3|canolaPoints|4.56
STATE|1|1|6|3|paymentPoints|6.94
STATE|1|1|6|3|ownedBy|3
STATE|1|1|6|3|village|2
STATE|1|1|6|3|shared?|false
STATE|1|1|6|4|length 0|6.5
STATE|1|1|6|4|hasGrass|true
STATE|1|1|6|4|hasCanola|true
STATE|1|1|6|4|hasFlower|true
STATE|1|1|6|4|soilQuality|5.31
STATE|1|1|6|4|grassCount|4.43
STATE|1|1|6|4|canolaCount|5.77
STATE|1|1|6|4|flowerCount|5.36
STATE|1|1|6|4|predatorCount|6.96
STATE|1|1|6|4|pollinatorCount|7.06
STATE|1|1|6|4|pestCount|7.19
STATE|1|1|6|4|predatorK|5.92
STATE|1|1|6|4|pollinatorK|0.43
STATE|1|1|6|4|pestK|7.16
STATE|1|1|6|4|yield|3.04
STATE|1|1|6|4|canolaPoints|5.25
STATE|1|1|6|4|paymentPoints|5.41
STATE|1|1|6|4|ownedBy|0
STATE|1|1|6|4|village|3
STATE|1|1|6|4|shared?|false
STATE|1|1|6|5|length 0|2.73
STATE|1|1|6|5|hasGrass|true
STATE|1|1|6|5|hasCanola|true
STATE|1|1|6|5|hasFlower|true
STATE|1|1|6|5|soilQuality|2.99
STATE|1|1|6|5|grassCount|8.79
STATE|1|1|6|5|canolaCount|3.23
STATE|1|1|6|5|flowerCount|6.58
STATE|1|1|6|5|predatorCount|4.98
STATE|1|1|6|5|pollinatorCount|3.81
STATE|1|1|6|5|pestCount|6.56
STATE|1|1|6|5|predatorK|9.43
STATE|1|1|6|5|pollinatorK|3.15
STATE|1|1|6|5|pestK|6.12
STATE|1|1|6|5|yield|4.58
STATE|1|1|6|5|canolaPoints|1.5
STATE|1|1|6|5|paymentPoints|9.94
STATE|1|1|6|5|ownedBy|3
STATE|1|1|6|5|village|2
STATE|1|1|6|5|shared?|true
STATE|1|1|6|6|length 0|5.18
STATE|1|1|6|6|hasGrass|true
STATE|1|1|6|6|hasCanola|true
STATE|1|1|6|6|hasFlower|false
STATE|1|1|6|6|soilQuality|1.7
STATE|1|1|6|6|grassCount|5.02
STATE|1|1|6|6|canolaCount|9.35
STATE|1|1|6|6|flowerCount|3.44
STATE|1|1|6|6|predatorCount|0.17
STATE|1|1|6|6|pollinatorCount|4.34
STATE|1|1|6|6|pestCount|5.63
STATE|1|1|6|6|predatorK|5.03
STATE|1|1|6|6|pollinatorK|9.51
STATE|1|1|6|6|pestK|2.17
STATE|1|1|6|6|yield|2.4
STATE|1|1|6|6|canolaPoints|1.68
STATE|1|1|6|6|paymentPoints|5.52
STATE|1|1|6|6|ownedBy|1
STATE|1|1|6|6|village|1
STATE|1|1|6|6|shared?|true
STATE|1|1|6|7|length 0|1.08
STATE|1|1|6|7|hasGrass|true
STATE|1|1|6|7|hasCanola|true
STATE|1|1|6|7|hasFlower|false
STATE|1|1|6|7|soilQuality|2.65
STATE|1|1|6|7|grassCount|6.29
STATE|1|1|6|7|canolaCount|6.41
STATE|1|1|6|7|flowerCount|9.56
STATE|1|1|6|7|predatorCount|1.16
STATE|1|1|6|7|pollinatorCount|7.7
STATE|1|1|6|7|pestCount|3.36
STATE|1|1|6|7|predatorK|1.03
STATE|1|1|6|7|pollinatorK|6.32
STATE|1|1|6|7|pestK|8.44
STATE|1|1|6|7|yield|5.82
STATE|1|1|6|7|canolaPoints|0.5
STATE|1|1|6|7|paymentPoints|9.72
STATE|1|1|6|7|ownedBy|2
STATE|1|1|6|7|village|0
STATE|1|1|6|7|shared?|false
STATE|1|1|7|0|length 0|7.24
STATE|1|1|7|0|hasGrass|true
STATE|1|1|7|0|hasCanola|true
STATE|1|1|7|0|hasFlower|true
STATE|1|1|7|0|soilQuality|0.96
STATE|1|1|7|0|grassCount|0.64
STATE|1|1|7|0|canolaCount|7.17
STATE|1|1|7|0|flowerCount|4.11
STATE|1|1|7|0|predatorCount|8.7
STATE|1|1|7|0|pollinatorCount|0.63
STATE|1|1|7|0|pestCount|3.01
STATE|1|1|7|0|predatorK|1.8
STATE|1|1|7|0|pollinatorK|9.43
STATE|1|1|7|0|pestK|7.91
STATE|1|1|7|0|yield|8.96
STATE|1|1|7|0|canolaPoints|5.06
STATE|1|1|7|0|paymentPoints|1.04
STATE|1|1|7|0|ownedBy|2
STATE|1|1|7|0|village|0
STATE|1|1|7|0|shared?|true
STATE|1|1|7|1|length 0|0.27
STATE|1|1|7|1|hasGrass|false
STATE|1|1|7|1|hasCanola|true
STATE|1|1|7|1|hasFlower|true
STATE|1|1|7|1|soilQuality|5.12
STATE|1|1|7|1|grassCount|9.33
STATE|1|1|7|1|canolaCount|9.46
STATE|1|1|7|1|flowerCount|4.66
STATE|1|1|7|1|predatorCount|1.03
STATE|1|1|7|1|pollinatorCount|7.69
STATE|1|1|7|1|pestCount|1.15
STATE|1|1|7|1|predatorK|5.37
STATE|1|1|7|1|pollinatorK|0.84
STATE|1|1|7|1|pestK|9.87
STATE|1|1|7|1|yield|5.43
STATE|1|1|7|1|canolaPoints|4.37
STATE|1|1|7|1|paymentPoints|2.72
STATE|1|1|7|1|ownedBy|3
STATE|1|1|7|1|village|2
STATE|1|1|7|1|shared?|false
STATE|1|1|7|2|length 0|4.28
STATE|1|1|7|2|hasGrass|true
STATE|1|1|7|2|hasCanola|false
STATE|1|1|7|2|hasFlower|false
STATE|1|1|7|2|soilQuality|3.82
STATE|1|1|7|2|grassCount|6.34
STATE|1|1|7|2|canolaCount|9.19
STATE|1|1|7|2|flowerCount|3.26
STATE|1|1|7|2|predatorCount|8.11
STATE|1|1|7|2|pollinatorCount|5.29
STATE|1|1|7|2|pestCount|1.39
STATE|1|1|7|2|predatorK|0.54
STATE|1|1|7|2|pollinatorK|9.39
STATE|1|1|7|2|pestK|4.66
STATE|1|1|7|2|yield|4.43
STATE|1|1|7|2|canolaPoints|9.18
STATE|1|1|7|2|paymentPoints|5.74
STATE|1|1|7|2|ownedBy|3
STATE|1|1|7|2|village|1
STATE|1|1|7|2|shared?|true
STATE|1|1|7|3|length 0|7.44
STATE|1|1|7|3|hasGrass|true
STATE|1|1|7|3|hasCanola|true
STATE|1|1|7|3|hasFlower|false
STATE|1|1|7|3|soilQuality|6.05
STATE|1|1|7|3|grassCount|1.34
STATE|1|1|7|3|canolaCount|2.03
STATE|1|1|7|3|flowerCount|6.95
STATE|1|1|7|3|predatorCount|7.29
STATE|1|1|7|3|pollinatorCount|1.03
STATE|1|1|7|3|pestCount|9.98
STATE|1|1|7|3|predatorK|1.33
STATE|1|1|7|3|pollinatorK|1.68
STATE|1|1|7|3|pestK|0.9
STATE|1|1|7|3|yield|4.46
STATE|1|1|7|3|canolaPoints|6.2
STATE|1|1|7|3|paymentPoints|8.57
STATE|1|1|7|3|ownedBy|0
STATE|1|1|7|3|village|3
STATE|1|1|7|3|shared?|true
STATE|1|1|7|4|length 0|2.98
STATE|1|1|7|4|hasGrass|false
STATE|1|1|7|4|hasCanola|false
STATE|1|1|7|4|hasFlower|false
STATE|1|1|7|4|soilQuality|5.43
STATE|1|1|7|4|grassCount|5.55
STATE|1|1|7|4|canolaCount|2.07
STATE|1|1|7|4|flowerCount|0.24
STATE|1|1|7|4|predatorCount|5.78
STATE|1|1|7|4|pollinatorCount|4.81
STATE|1|1|7|4|pestCount|8.42
STATE|1|1|7|4|predatorK|8.75
STATE|1|1|7|4|pollinatorK|5.21
STATE|1|1|7|4|pestK|6.04
STATE|1|1|7|4|yield|6.05
STATE|1|1|7|4|canolaPoints|0.58
STATE|1|1|7|4|paymentPoints|2.89
STATE|1|1|7|4|ownedBy|3
STATE|1|1|7|4|village|2
STATE|1|1|7|4|shared?|true
STATE|1|1|7|5|length 0|3.7
STATE|1|1|7|5|hasGrass|false
STATE|1|1|7|5|hasCanola|true
STATE|1|1|7|5|hasFlower|true
STATE|1|1|7|5|soilQuality|9.52
STATE|1|1|7|5|grassCount|0.33
STATE|1|1|7|5|canolaCount|4.87
STATE|1|1|7|5|flowerCount|1.6
STATE|1|1|7|5|predatorCount|9.64
STATE|1|1|7|5|pollinatorCount|4.17
STATE|1|1|7|5|pestCount|2.82
STATE|1|1|7|5|predatorK|8.22
STATE|1|1|7|5|pollinatorK|5.91
STATE|1|1|7|5|pestK|4.61
STATE|1|1|7|5|yield|9.15
STATE|1|1|7|5|canolaPoints|5.24
STATE|1|1|7|5|paymentPoints|3.28
STATE|1|1|7|5|ownedBy|3
STATE|1|1|7|5|village|3
STATE|1|1|7|5|shared?|false
STATE|1|1|7|6|length 0|0.14
STATE|1|1|7|6|hasGrass|false
STATE|1|1|7|6|hasCanola|false
STATE|1|1|7|6|hasFlower|false
STATE|1|1|7|6|soilQuality|4.83
STATE|1|1|7|6|grassCount|4.66
STATE|1|1|7|6|canolaCount|3.73
STATE|1|1|7|6|flowerCount|2.27
STATE|1|1|7|6|predatorCount|0.02
STATE|1|1|7|6|pollinatorCount|9.71
STATE|1|1|7|6|pestCount|7.37
STATE|1|1|7|6|predatorK|1.69
STATE|1|1|7|6|pollinatorK|1.71
STATE|1|1|7|6|pestK|5.07
STATE|1|1|7|6|yield|6.66
STATE|1|1|7|6|canolaPoints|3.99
STATE|1|1|7|6|paymentPoints|1.02
STATE|1|1|7|6|ownedBy|2
STATE|1|1|7|6|village|3
STATE|1|1|7|6|shared?|false
STATE|1|1|7|7|length 0|6.46
STATE|1|1|7|7|hasGrass|false
STATE|1|1|7|7|hasCanola|true
STATE|1|1|7|7|hasFlower|true
STATE|1|1|7|7|soilQuality|0.67
STATE|1|1|7|7|grassCount|9.31
STATE|1|1|7|7|canolaCount|3.73
STATE|1|1|7|7|flowerCount|5.82
STATE|1|1|7|7|predatorCount|2.23
STATE|1|1|7|7|pollinatorCount|0.94
STATE|1|1|7|7|pestCount|5.58
STATE|1|1|7|7|predatorK|5.51
STATE|1|1|7|7|pollinatorK|8.05
STATE|1|1|7|7|pestK|7.85
STATE|1|1|7|7|yield|7.27
STATE|1|1|7|7|canolaPoints|8.92
STATE|1|1|7|7|paymentPoints|5.31
STATE|1|1|7|7|ownedBy|0
STATE|1|1|7|7|village|0
STATE|1|1|7|7|shared?|true
CHOICE|1|1|1|0|3|1|12:00:13.000 PM 28-Sep-2026
CHOICE|1|1|1|7|7|1|12:00:14.000 PM 28-Sep-2026
CONFIRM|1|1|1|12:00:27.000 PM 28-Sep-2026
CHOICE|1|1|2|7|3|-99|12:00:42.000 PM 28-Sep-2026
CHOICE|1|1|2|3|1|2|12:00:44.000 PM 28-Sep-2026
CHOICE|1|1|2|1|2|1|12:00:45.000 PM 28-Sep-2026
CONFIRM|1|1|2|12:00:52.000 PM 28-Sep-2026
CHOICE|1|1|3|4|3|4|12:00:59.000 PM 28-Sep-2026
CONFIRM|1|1|3|12:01:02.000 PM 28-Sep-2026
CHOICE|1|1|4|6|3|4|12:01:17.000 PM 28-Sep-2026
CONFIRM|1|1|4|12:01:25.000 PM 28-Sep-2026
CHOICE|1|1|5|6|0|2|12:01:37.000 PM 28-Sep-2026
CONFIRM|1|1|5|12:01:49.000 PM 28-Sep-2026
CHOICE|1|1|6|4|1|4|12:02:02.000 PM 28-Sep-2026
CHOICE|1|1|6|7|3|3|12:02:14.000 PM 28-Sep-2026
CHOICE|1|1|6|0|3|2|12:02:20.000 PM 28-Sep-2026
CONFIRM|1|1|6|12:02:31.000 PM 28-Sep-2026
CHOICE|1|1|7|6|5|3|12:02:34.000 PM 28-Sep-2026
CONFIRM|1|1|7|12:02:35.000 PM 28-Sep-2026
CHOICE|1|1|8|2|6|1|12:02:47.000 PM 28-Sep-2026
CHOICE|1|1|8|5|1|3|12:02:48.000 PM 28-Sep-2026
CHOICE|1|1|8|5|7|4|12:03:03.000 PM 28-Sep-2026
CONFIRM|1|1|8|12:03:18.000 PM 28-Sep-2026
CHOICE|1|1|9|6|2|4|12:03:32.000 PM 28-Sep-2026
CHOICE|1|1|9|6|2|1|12:03:46.000 PM 28-Sep-2026
CONFIRM|1|1|9|12:03:55.000 PM 28-Sep-2026
CHOICE|1|1|10|7|3|-99|12:04:06.000 PM 28-Sep-2026
CONFIRM|1|1|10|12:04:16.000 PM 28-Sep-2026
CHOICE|1|1|11|1|1|4|12:04:19.000 PM 28-Sep-2026
CHOICE|1|1|11|0|4|1|12:04:34.000 PM 28-Sep-2026
CONFIRM|1|1|11|12:04:43.000 PM 28-Sep-2026
CHOICE|1|1|12|1|0|4|12:04:47.000 PM 28-Sep-2026
CONFIRM|1|1|12|12:04:55.000 PM 28-Sep-2026
CHOICE|1|1|13|2|6|4|12:05:05.000 PM 28-Sep-2026
CHOICE|1|1|13|2|6|2|12:05:20.000 PM 28-Sep-2026
CONFIRM|1|1|13|12:05:25.000 PM 28-Sep-2026
CHOICE|1|1|14|4|1|3|12:05:32.000 PM 28-Sep-2026
CONFIRM|1|1|14|12:05:34.000 PM 28-Sep-2026
CHOICE|1|1|15|5|6|-99|12:05:40.000 PM 28-Sep-2026
CONFIRM|1|1|15|12:05:54.000 PM 28-Sep-2026
CHOICE|1|1|16|5|1|1|12:06:08.000 PM 28-Sep-2026
CONFIRM|1|1|16|12:06:22.000 PM 28-Sep-2026
CHOICE|1|1|17|5|0|4|12:06:34.000 PM 28-Sep-2026
CHOICE|1|1|17|0|3|3|12:06:39.000 PM 28-Sep-2026
CONFIRM|1|1|17|12:06:47.000 PM 28-Sep-2026
CHOICE|1|1|18|5|1|4|12:06:54.000 PM 28-Sep-2026
CHOICE|1|1|18|6|6|1|12:07:02.000 PM 28-Sep-2026
CHOICE|1|1|18|0|4|4|12:07:12.000 PM 28-Sep-2026
CONFIRM|1|1|18|12:07:22.000 PM 28-Sep-2026
CHOICE|1|1|19|2|0|3|12:07:23.000 PM 28-Sep-2026
CONFIRM|1|1|19|12:07:33.000 PM 28-Sep-2026
CHOICE|1|1|20|0|1|3|12:07:44.000 PM 28-Sep-2026
CONFIRM|1|1|20|12:07:49.000 PM 28-Sep-2026
SCORE|1|1|1|9|36|7
SCORE|1|1|2|1|28|14
SCORE|1|1|3|9|19|10
SCORE|1|1|4|16|60|16
SCORE|1|1|5|18|43|14
SCORE|1|1|6|19|48|1
SCORE|1|1|7|5|28|15
SCORE|1|1|8|10|49|2
SCORE|1|1|9|3|31|8
SCORE|1|1|10|11|61|10
SCORE|1|1|11|20|27|12
SCORE|1|1|12|12|40|8
SCORE|1|1|13|4|13|17
SCORE|1|1|14|14|36|8
SCORE|1|1|15|5|16|13
SCORE|1|1|16|0|43|12
SCORE|1|1|17|10|26|6
SCORE|1|1|18|19|28|13
SCORE|1|1|19|19|52|14
SCORE|1|1|20|3|21|12
PHASE|phase-1-2|12:07:50.000 PM 28-Sep-2026
STATE|1|2|0|0|length 0|1.94
STATE|1|2|0|0|hasGrass|true
STATE|1|2|0|0|hasCanola|true
STATE|1|2|0|0|hasFlower|false
STATE|1|2|0|0|soilQuality|8.75
STATE|1|2|0|0|grassCount|6.68
STATE|1|2|0|0|canolaCount|0.26
STATE|1|2|0|0|flowerCount|1.13
STATE|1|2|0|0|predatorCount|5.55
STATE|1|2|0|0|pollinatorCount|0.99
STATE|1|2|0|0|pestCount|3.37
STATE|1|2|0|0|predatorK|3.48
STATE|1|2|0|0|pollinatorK|8.47
STATE|1|2|0|0|pestK|0.13
STATE|1|2|0|0|yield|1.96
STATE|1|2|0|0|canolaPoints|0.33
STATE|1|2|0|0|paymentPoints|4.75
STATE|1|2|0|0|ownedBy|0
STATE|1|2|0|0|village|0
STATE|1|2|0|0|shared?|false
STATE|1|2|0|1|length 0|9.93
STATE|1|2|0|1|hasGrass|true
STATE|1|2|0|1|hasCanola|true
STATE|1|2|0|1|hasFlower|true
STATE|1|2|0|1|soilQuality|0.17
STATE|1|2|0|1|grassCount|6.99
STATE|1|2|0|1|canolaCount|7.59
STATE|1|2|0|1|flowerCount|1.09
STATE|1|2|0|1|predatorCount|6.94
STATE|1|2|0|1|pollinatorCount|1.2
STATE|1|2|0|1|pestCount|8.99
STATE|1|2|0|1|predatorK|6.34
STATE|1|2|0|1|pollinatorK|7.72
STATE|1|2|0|1|pestK|8.95
STATE|1|2|0|1|yield|5.84
STATE|1|2|0|1|canolaPoints|9.22
STATE|1|2|0|1|paymentPoints|3.51
STATE|1|2|0|1|ownedBy|1
STATE|1|2|0|1|village|1
STATE|1|2|0|1|shared?|true
STATE|1|2|0|2|length 0|7.77
STATE|1|2|0|2|hasGrass|true
STATE|1|2|0|2|hasCanola|true
STATE|1|2|0|2|hasFlower|true
STATE|1|2|0|2|soilQuality|9.63
STATE|1|2|0|2|grassCount|8.38
STATE|1|2|0|2|canolaCount|7.67
STATE|1|2|0|2|flowerCount|4.7
STATE|1|2|0|2|predatorCount|2.32
STATE|1|2|0|2|pollinatorCount|0.55
STATE|1|2|0|2|pestCount|7.47
STATE|1|2|0|2|predatorK|7.56
STATE|1|2|0|2|pollinatorK|9.43
STATE|1|2|0|2|pestK|2.18
STATE|1|2|0|2|yield|6.65
STATE|1|2|0|2|canolaPoints|0.97
STATE|1|2|0|2|paymentPoints|4.84
STATE|1|2|0|2|ownedBy|3
STATE|1|2|0|2|village|1
STATE|1|2|0|2|shared?|true
STATE|1|2|0|3|length 0|1.47
STATE|1|2|0|3|hasGrass|false
STATE|1|2|0|3|hasCanola|false
STATE|1|2|0|3|hasFlower|true
STATE|1|2|0|3|soilQuality|2.41
STATE|1|2|0|3|grassCount|6.14
STATE|1|2|0|3|canolaCount|0.07
STATE|1|2|0|3|flowerCount|6.97
STATE|1|2|0|3|predatorCount|0.02
STATE|1|2|0|3|pollinatorCount|9.46
STATE|1|2|0|3|pestCount|5.22
STATE|1|2|0|3|predatorK|3.53
STATE|1|2|0|3|pollinatorK|2.68
STATE|1|2|0|3|pestK|2.16
STATE|1|2|0|3|yield|8.41
STATE|1|2|0|3|canolaPoints|5.84
STATE|1|2|0|3|paymentPoints|4.53
STATE|1|2|0|3|ownedBy|3
STATE|1|2|0|3|village|0
STATE|1|2|0|3|shared?|false
STATE|1|2|0|4|length 0|1.99
STATE|1|2|0|4|hasGrass|false
STATE|1|2|0|4|hasCanola|false
STATE|1|2|0|4|hasFlower|true
STATE|1|2|0|4|soilQuality|2.37
STATE|1|2|0|4|grassCount|3.83
STATE|1|2|0|4|canolaCount|6.47
STATE|1|2|0|4|flowerCount|2.18
STATE|1|2|0|4|predatorCount|8.42
STATE|1|2|0|4|pollinatorCount|1.39
STATE|1|2|0|4|pestCount|7.6
STATE|1|2|0|4|predatorK|1.69
STATE|1|2|0|4|pollinatorK|6.06
STATE|1|2|0|4|pestK|6.15
STATE|1|2|0|4|yield|8.38
STATE|1|2|0|4|canolaPoints|5.96
STATE|1|2|0|4|paymentPoints|2.22
STATE|1|2|0|4|ownedBy|2
STATE|1|2|0|4|village|3
STATE|1|2|0|4|shared?|true
STATE|1|2|0|5|length 0|2.54
STATE|1|2|0|5|hasGrass|false
STATE|1|2|0|5|hasCanola|false
STATE|1|2|0|5|hasFlower|false
STATE|1|2|0|5|soilQuality|6.5
STATE|1|2|0|5|grassCount|6.76
STATE|1|2|0|5|canolaCount|6.4
STATE|1|2|0|5|flowerCount|5.68
STATE|1|2|0|5|predatorCount|9.45
STATE|1|2|0|5|pollinatorCount|9.92
STATE|1|2|0|5|pestCount|0.14
STATE|1|2|0|5|predatorK|0.14
STATE|1|2|0|5|pollinatorK|1.65
STATE|1|2|0|5|pestK|1.6
STATE|1|2|0|5|yield|7.87
STATE|1|2|0|5|canolaPoints|3.79
STATE|1|2|0|5|paymentPoints|8.38
STATE|1|2|0|5|ownedBy|3
STATE|1|2|0|5|village|3
STATE|1|2|0|5|shared?|false
STATE|1|2|0|6|length 0|1.34
STATE|1|2|0|6|hasGrass|true
STATE|1|2|0|6|hasCanola|false
STATE|1|2|0|6|hasFlower|true
STATE|1|2|0|6|soilQuality|1.02
STATE|1|2|0|6|grassCount|9.29
STATE|1|2|0|6|canolaCount|0.21
STATE|1|2|0|6|flowerCount|4.99
STATE|1|2|0|6|predatorCount|2.95
STATE|1|2|0|6|pollinatorCount|0.31
STATE|1|2|0|6|pestCount|2.7
STATE|1|2|0|6|predatorK|1.61
STATE|1|2|0|6|pollinatorK|4.0
STATE|1|2|0|6|pestK|9.1
STATE|1|2|0|6|yield|0.79
STATE|1|2|0|6|canolaPoints|3.52
STATE|1|2|0|6|paymentPoints|6.95
STATE|1|2|0|6|ownedBy|3
STATE|1|2|0|6|village|0
STATE|1|2|0|6|shared?|true
STATE|1|2|0|7|length 0|2.29
STATE|1|2|0|7|hasGrass|true
STATE|1|2|0|7|hasCanola|false
STATE|1|2|0|7|hasFlower|true
STATE|1|2|0|7|soilQuality|2.58
STATE|1|2|0|7|grassCount|4.8
STATE|1|2|0|7|canolaCount|4.85
STATE|1|2|0|7|flowerCount|1.49
STATE|1|2|0|7|predatorCount|6.67
STATE|1|2|0|7|pollinatorCount|7.21
STATE|1|2|0|7|pestCount|4.77
STATE|1|2|0|7|predatorK|5.37
STATE|1|2|0|7|pollinatorK|7.71
STATE|1|2|0|7|pestK|9.56
STATE|1|2|0|7|yield|6.13
STATE|1|2|0|7|canolaPoints|0.44
STATE|1|2|0|7|paymentPoints|5.05
STATE|1|2|0|7|ownedBy|3
STATE|1|2|0|7|village|1
STATE|1|2|0|7|shared?|true
STATE|1|2|1|0|length 0|6.84
STATE|1|2|1|0|hasGrass|true
STATE|1|2|1|0|hasCanola|false
STATE|1|2|1|0|hasFlower|false
STATE|1|2|1|0|soilQuality|6.7
STATE|1|2|1|0|grassCount|9.25
STATE|1|2|1|0|canolaCount|7.08
STATE|1|2|1|0|flowerCount|7.09
STATE|1|2|1|0|predatorCount|7.04
STATE|1|2|1|0|pollinatorCount|2.31
STATE|1|2|1|0|pestCount|6.14
STATE|1|2|1|0|predatorK|6.2
STATE|1|2|1|0|pollinatorK|0.61
STATE|1|2|1|0|pestK|7.54
STATE|1|2|1|0|yield|2.27
STATE|1|2|1|0|canolaPoints|4.92
STATE|1|2|1|0|paymentPoints|5.24
STATE|1|2|1|0|ownedBy|3
STATE|1|2|1|0|village|0
STATE|1|2|1|0|shared?|false
STATE|1|2|1|1|length 0|4.68
STATE|1|2|1|1|hasGrass|false
STATE|1|2|1|1|hasCanola|true
STATE|1|2|1|1|hasFlower|false
STATE|1|2|1|1|soilQuality|9.92
STATE|1|2|1|1|grassCount|3.24
STATE|1|2|1|1|canolaCount|7.14
STATE|1|2|1|1|flowerCount|9.56
STATE|1|2|1|1|predatorCount|0.84
STATE|1|2|1|1|pollinatorCount|7.77
STATE|1|2|1|1|pestCount|6.52
STATE|1|2|1|1|predatorK|5.4
STATE|1|2|1|1|pollinatorK|7.9
STATE|1|2|1|1|pestK|8.6
STATE|1|2|1|1|yield|1.47
STATE|1|2|1|1|canolaPoints|4.87
STATE|1|2|1|1|paymentPoints|6.15
STATE|1|2|1|1|ownedBy|3
STATE|1|2|1|1|village|0
STATE|1|2|1|1|shared?|false
STATE|1|2|1|2|length 0|8.03
STATE|1|2|1|2|hasGrass|false
STATE|1|2|1|2|hasCanola|true
STATE|1|2|1|2|hasFlower|true
STATE|1|2|1|2|soilQuality|9.13
STATE|1|2|1|2|grassCount|9.46
STATE|1|2|1|2|canolaCount|7.56
STATE|1|2|1|2|flowerCount|3.34
STATE|1|2|1|2|predatorCount|7.7
STATE|1|2|1|2|pollinatorCount|5.32
STATE|1|2|1|2|pestCount|6.67
STATE|1|2|1|2|predatorK|6.37
STATE|1|2|1|2|pollinatorK|8.65
STATE|1|2|1|2|pestK|7.14
STATE|1|2|1|2|yield|9.7
STATE|1|2|1|2|canolaPoints|4.94
STATE|1|2|1|2|paymentPoints|4.94
STATE|1|2|1|2|ownedBy|3
STATE|1|2|1|2|village|3
STATE|1|2|1|2|shared?|true
STATE|1|2|1|3|length 0|7.7
STATE|1|2|1|3|hasGrass|false
STATE|1|2|1|3|hasCanola|true
STATE|1|2|1|3|hasFlower|false
STATE|1|2|1|3|soilQuality|2.04
STATE|1|2|1|3|grassCount|5.48
STATE|1|2|1|3|canolaCount|2.53
STATE|1|2|1|3|flowerCount|9.72
STATE|1|2|1|3|predatorCount|2.3
STATE|1|2|1|3|pollinatorCount|6.69
STATE|1|2|1|3|pestCount|4.43
STATE|1|2|1|3|predatorK|0.67
STATE|1|2|1|3|pollinatorK|4.96
STATE|1|2|1|3|pestK|9.21
STATE|1|2|1|3|yield|2.33
STATE|1|2|1|3|canolaPoints|4.14
STATE|1|2|1|3|paymentPoints|2.16
STATE|1|2|1|3|ownedBy|2
STATE|1|2|1|3|village|0
STATE|1|2|1|3|shared?|true
STATE|1|2|1|4|length 0|7.91
STATE|1|2|1|4|hasGrass|true
STATE|1|2|1|4|hasCanola|true
STATE|1|2|1|4|hasFlower|true
STATE|1|2|1|4|soilQuality|9.14
STATE|1|2|1|4|grassCount|7.65
STATE|1|2|1|4|canolaCount|9.93
STATE|1|2|1|4|flowerCount|1.04
STATE|1|2|1|4|predatorCount|5.59
STATE|1|2|1|4|pollinatorCount|2.53
STATE|1|2|1|4|pestCount|5.32
STATE|1|2|1|4|predatorK|6.3
STATE|1|2|1|4|pollinatorK|0.43
STATE|1|2|1|4|pestK|6.67
STATE|1|2|1|4|yield|8.65
STATE|1|2|1|4|canolaPoints|1.01
STATE|1|2|1|4|paymentPoints|3.01
STATE|1|2|1|4|ownedBy|0
STATE|1|2|1|4|village|3
STATE|1|2|1|4|shared?|false
STATE|1|2|1|5|length 0|2.21
STATE|1|2|1|5|hasGrass|true
STATE|1|2|1|5|hasCanola|true
STATE|1|2|1|5|hasFlower|true
STATE|1|2|1|5|soilQuality|6.51
STATE|1|2|1|5|grassCount|3.83
STATE|1|2|1|5|canolaCount|1.14
STATE|1|2|1|5|flowerCount|8.34
STATE|1|2|1|5|predatorCount|5.26
STATE|1|2|1|5|pollinatorCount|3.91
STATE|1|2|1|5|pestCount|0.88
STATE|1|2|1|5|predatorK|0.96
STATE|1|2|1|5|pollinatorK|3.14
STATE|1|2|1|5|pestK|5.6
STATE|1|2|1|5|yield|1.39
STATE|1|2|1|5|canolaPoints|7.2
STATE|1|2|1|5|paymentPoints|6.28
STATE|1|2|1|5|ownedBy|1
STATE|1|2|1|5|village|3
STATE|1|2|1|5|shared?|false
STATE|1|2|1|6|length 0|2.78
STATE|1|2|1|6|hasGrass|true
STATE|1|2|1|6|hasCanola|false
STATE|1|2|1|6|hasFlower|true
STATE|1|2|1|6|soilQuality|4.8
STATE|1|2|1|6|grassCount|7.38
STATE|1|2|1|6|canolaCount|9.91
STATE|1|2|1|6|flowerCount|0.99
STATE|1|2|1|6|predatorCount|5.21
STATE|1|2|1|6|pollinatorCount|0.75
STATE|1|2|1|6|pestCount|9.92
STATE|1|2|1|6|predatorK|1.1
STATE|1|2|1|6|pollinatorK|5.83
STATE|1|2|1|6|pestK|6.42
STATE|1|2|1|6|yield|5.08
STATE|1|2|1|6|canolaPoints|3.9
STATE|1|2|1|6|paymentPoints|1.92
STATE|1|2|1|6|ownedBy|3
STATE|1|2|1|6|village|3
STATE|1|2|1|6|shared?|true
STATE|1|2|1|7|length 0|5.21
STATE|1|2|1|7|hasGrass|true
STATE|1|2|1|7|hasCanola|false
STATE|1|2|1|7|hasFlower|true
STATE|1|2|1|7|soilQuality|6.18
STATE|1|2|1|7|grassCount|4.13
STATE|1|2|1|7|canolaCount|9.6
STATE|1|2|1|7|flowerCount|4.68
STATE|1|2|1|7|predatorCount|5.61
STATE|1|2|1|7|pollinatorCount|8.97
STATE|1|2|1|7|pestCount|9.06
STATE|1|2|1|7|predatorK|2.59
STATE|1|2|1|7|pollinatorK|2.27
STATE|1|2|1|7|pestK|4.88
STATE|1|2|1|7|yield|2.53
STATE|1|2|1|7|canolaPoints|2.66
STATE|1|2|1|7|paymentPoints|6.15
STATE|1|2|1|7|ownedBy|3
STATE|1|2|1|7|village|3
STATE|1|2|1|7|shared?|true
STATE|1|2|2|0|length 0|7.13
STATE|1|2|2|0|hasGrass|true
STATE|1|2|2|0|hasCanola|false
STATE|1|2|2|0|hasFlower|false
STATE|1|2|2|0|soilQuality|6.64
STATE|1|2|2|0|grassCount|0.5
STATE|1|2|2|0|canolaCount|4.26
STATE|1|2|2|0|flowerCount|8.37
STATE|1|2|2|0|predatorCount|5.93
STATE|1|2|2|0|pollinatorCount|2.09
STATE|1|2|2|0|pestCount|2.34
STATE|1|2|2|0|predatorK|0.64
STATE|1|2|2|0|pollinatorK|5.22
STATE|1|2|2|0|pestK|1.81
STATE|1|2|2|0|yield|4.46
STATE|1|2|2|0|canolaPoints|8.96
STATE|1|2|2|0|paymentPoints|9.01
STATE|1|2|2|0|ownedBy|2
STATE|1|2|2|0|village|3
STATE|1|2|2|0|shared?|false
STATE|1|2|2|1|length 0|1.34
STATE|1|2|2|1|hasGrass|false
STATE|1|2|2|1|hasCanola|false
STATE|1|2|2|1|hasFlower|true
STATE|1|2|2|1|soilQuality|8.86
STATE|1|2|2|1|grassCount|2.97
STATE|1|2|2|1|canolaCount|9.8
STATE|1|2|2|1|flowerCount|3.23
STATE|1|2|2|1|predatorCount|9.24
STATE|1|2|2|1|pollinatorCount|8.37
STATE|1|2|2|1|pestCount|9.35
STATE|1|2|2|1|predatorK|7.27
STATE|1|2|2|1|pollinatorK|0.73
STATE|1|2|2|1|pestK|2.8
STATE|1|2|2|1|yield|6.56
STATE|1|2|2|1|canolaPoints|9.09
STATE|1|2|2|1|paymentPoints|6.81
STATE|1|2|2|1|ownedBy|0
STATE|1|2|2|1|village|3
STATE|1|2|2|1|shared?|true
STATE|1|2|2|2|length 0|3.45
STATE|1|2|2|2|hasGrass|true
STATE|1|2|2|2|hasCanola|true
STATE|1|2|2|2|hasFlower|false
STATE|1|2|2|2|soilQuality|3.73
STATE|1|2|2|2|grassCount|2.67
STATE|1|2|2|2|canolaCount|4.12
STATE|1|2|2|2|flowerCount|9.47
STATE|1|2|2|2|predatorCount|5.97
STATE|1|2|2|2|pollinatorCount|7.52
STATE|1|2|2|2|pestCount|9.33
STATE|1|2|2|2|predatorK|0.31
STATE|1|2|2|2|pollinatorK|8.8
STATE|1|2|2|2|pestK|0.95
STATE|1|2|2|2|yield|1.96
STATE|1|2|2|2|canolaPoints|7.39
STATE|1|2|2|2|paymentPoints|7.53
STATE|1|2|2|2|ownedBy|3
STATE|1|2|2|2|village|2
STATE|1|2|2|2|shared?|false
STATE|1|2|2|3|length 0|1.14
STATE|1|2|2|3|hasGrass|false
STATE|1|2|2|3|hasCanola|true
STATE|1|2|2|3|hasFlower|true
STATE|1|2|2|3|soilQuality|5.64
STATE|1|2|2|3|grassCount|3.78
STATE|1|2|2|3|canolaCount|3.15
STATE|1|2|2|3|flowerCount|2.27
STATE|1|2|2|3|predatorCount|1.57
STATE|1|2|2|3|pollinatorCount|3.32
STATE|1|2|2|3|pestCount|8.39
STATE|1|2|2|3|predatorK|3.11
STATE|1|2|2|3|pollinatorK|3.27
STATE|1|2|2|3|pestK|2.31
STATE|1|2|2|3|yield|8.94
STATE|1|2|2|3|canolaPoints|8.94
STATE|1|2|2|3|paymentPoints|7.58
STATE|1|2|2|3|ownedBy|1
STATE|1|2|2|3|village|0
STATE|1|2|2|3|shared?|true
STATE|1|2|2|4|length 0|4.97
STATE|1|2|2|4|hasGrass|false
STATE|1|2|2|4|hasCanola|true
STATE|1|2|2|4|hasFlower|true
STATE|1|2|2|4|soilQuality|3.29
STATE|1|2|2|4|grassCount|6.98
STATE|1|2|2|4|canolaCount|7.65
STATE|1|2|2|4|flowerCount|1.66
STATE|1|2|2|4|predatorCount|1.98
STATE|1|2|2|4|pollinatorCount|3.93
STATE|1|2|2|4|pestCount|9.84
STATE|1|2|2|4|predatorK|2.71
STATE|1|2|2|4|pollinatorK|6.44
STATE|1|2|2|4|pestK|9.02
STATE|1|2|2|4|yield|0.26
STATE|1|2|2|4|canolaPoints|7.99
STATE|1|2|2|4|paymentPoints|5.98
STATE|1|2|2|4|ownedBy|0
STATE|1|2|2|4|village|2
STATE|1|2|2|4|shared?|false
STATE|1|2|2|5|length 0|5.14
STATE|1|2|2|5|hasGrass|false
STATE|1|2|2|5|hasCanola|false
STATE|1|2|2|5|hasFlower|false
STATE|1|2|2|5|soilQuality|7.7
STATE|1|2|2|5|grassCount|8.48
STATE|1|2|2|5|canolaCount|8.65
STATE|1|2|2|5|flowerCount|5.6
STATE|1|2|2|5|predatorCount|9.43
STATE|1|2|2|5|pollinatorCount|6.87
STATE|1|2|2|5|pestCount|8.9
STATE|1|2|2|5|predatorK|1.14
STATE|1|2|2|5|pollinatorK|5.26
STATE|1|2|2|5|pestK|6.66
STATE|1|2|2|5|yield|7.54
STATE|1|2|2|5|canolaPoints|6.91
STATE|1|2|2|5|paymentPoints|9.83
STATE|1|2|2|5|ownedBy|1
STATE|1|2|2|5|village|1
STATE|1|2|2|5|shared?|false
STATE|1|2|2|6|length 0|2.04
STATE|1|2|2|6|hasGrass|true
STATE|1|2|2|6|hasCanola|true
STATE|1|2|2|6|hasFlower|false
STATE|1|2|2|6|soilQuality|4.84
STATE|1|2|2|6|grassCount|9.96
STATE|1|2|2|6|canolaCount|3.97
STATE|1|2|2|6|flowerCount|4.54
STATE|1|2|2|6|predatorCount|7.18
STATE|1|2|2|6|pollinatorCount|3.14
STATE|1|2|2|6|pestCount|0.35
STATE|1|2|2|6|predatorK|2.85
STATE|1|2|2|6|pollinatorK|3.96
STATE|1|2|2|6|pestK|6.08
STATE|1|2|2|6|yield|7.76
STATE|1|2|2|6|canolaPoints|2.37
STATE|1|2|2|6|paymentPoints|7.85
STATE|1|2|2|6|ownedBy|0
STATE|1|2|2|6|village|0
STATE|1|2|2|6|shared?|false
STATE|1|2|2|7|length 0|5.99
STATE|1|2|2|7|hasGrass|false
STATE|1|2|2|7|hasCanola|false
STATE|1|2|2|7|hasFlower|false
STATE|1|2|2|7|soilQuality|9.87
STATE|1|2|2|7|grassCount|4.96
STATE|1|2|2|7|canolaCount|4.22
STATE|1|2|2|7|flowerCount|4.71
STATE|1|2|2|7|predatorCount|3.72
STATE|1|2|2|7|pollinatorCount|7.6
STATE|1|2|2|7|pestCount|5.75
STATE|1|2|2|7|predatorK|1.23
STATE|1|2|2|7|pollinatorK|9.55
STATE|1|2|2|7|pestK|5.26
STATE|1|2|2|7|yield|7.49
STATE|1|2|2|7|canolaPoints|5.47
STATE|1|2|2|7|paymentPoints|5.89
STATE|1|2|2|7|ownedBy|3
STATE|1|2|2|7|village|3
STATE|1|2|2|7|shared?|true
STATE|1|2|3|0|length 0|1.31
STATE|1|2|3|0|hasGrass|false
STATE|1|2|3|0|hasCanola|true
STATE|1|2|3|0|hasFlower|true
STATE|1|2|3|0|soilQuality|8.15
STATE|1|2|3|0|grassCount|7.48
STATE|1|2|3|0|canolaCount|7.64
STATE|1|2|3|0|flowerCount|3.87
STATE|1|2|3|0|predatorCount|1.32
STATE|1|2|3|0|pollinatorCount|7.6
STATE|1|2|3|0|pestCount|2.16
STATE|1|2|3|0|predatorK|6.68
STATE|1|2|3|0|pollinatorK|6.96
STATE|1|2|3|0|pestK|2.73
STATE|1|2|3|0|yield|0.02
STATE|1|2|3|0|canolaPoints|5.9
STATE|1|2|3|0|paymentPoints|7.9
STATE|1|2|3|0|ownedBy|3
STATE|1|2|3|0|village|3
STATE|1|2|3|0|shared?|false
STATE|1|2|3|1|length 0|2.28
STATE|1|2|3|1|hasGrass|false
STATE|1|2|3|1|hasCanola|true
STATE|1|2|3|1|hasFlower|false
STATE|1|2|3|1|soilQuality|3.02
STATE|1|2|3|1|grassCount|2.3
STATE|1|2|3|1|canolaCount|5.48
STATE|1|2|3|1|flowerCount|6.07
STATE|1|2|3|1|predatorCount|9.1
STATE|1|2|3|1|pollinatorCount|6.04
STATE|1|2|3|1|pestCount|5.0
STATE|1|2|3|1|predatorK|6.51
STATE|1|2|3|1|pollinatorK|6.28
STATE|1|2|3|1|pestK|4.08
STATE|1|2|3|1|yield|2.67
STATE|1|2|3|1|canolaPoints|6.82
STATE|1|2|3|1|paymentPoints|3.87
STATE|1|2|3|1|ownedBy|0
STATE|1|2|3|1|village|2
STATE|1|2|3|1|shared?|true
STATE|1|2|3|2|length 0|3.59
STATE|1|2|3|2|hasGrass|false
STATE|1|2|3|2|hasCanola|false
STATE|1|2|3|2|hasFlower|true
STATE|1|2|3|2|soilQuality|8.16
STATE|1|2|3|2|grassCount|3.26
STATE|1|2|3|2|canolaCount|3.51
STATE|1|2|3|2|flowerCount|7.51
STATE|1|2|3|2|predatorCount|6.79
STATE|1|2|3|2|pollinatorCount|4.26
STATE|1|2|3|2|pestCount|8.89
STATE|1|2|3|2|predatorK|0.26
STATE|1|2|3|2|pollinatorK|5.36
STATE|1|2|3|2|pestK|8.58
STATE|1|2|3|2|yield|8.79
STATE|1|2|3|2|canolaPoints|1.93
STATE|1|2|3|2|paymentPoints|8.07
STATE|1|2|3|2|ownedBy|3
STATE|1|2|3|2|village|2
STATE|1|2|3|2|shared?|false
STATE|1|2|3|3|length 0|3.28
STATE|1|2|3|3|hasGrass|false
STATE|1|2|3|3|hasCanola|false
STATE|1|2|3|3|hasFlower|false
STATE|1|2|3|3|soilQuality|3.39
STATE|1|2|3|3|grassCount|3.9
STATE|1|2|3|3|canolaCount|1.25
STATE|1|2|3|3|flowerCount|6.84
STATE|1|2|3|3|predatorCount|0.7
STATE|1|2|3|3|pollinatorCount|8.49
STATE|1|2|3|3|pestCount|1.46
STATE|1|2|3|3|predatorK|1.91
STATE|1|2|3|3|pollinatorK|9.5
STATE|1|2|3|3|pestK|4.98
STATE|1|2|3|3|yield|7.55
STATE|1|2|3|3|canolaPoints|3.46
STATE|1|2|3|3|paymentPoints|2.43
STATE|1|2|3|3|ownedBy|1
STATE|1|2|3|3|village|0
STATE|1|2|3|3|shared?|false
STATE|1|2|3|4|length 0|1.92
STATE|1|2|3|4|hasGrass|false
STATE|1|2|3|4|hasCanola|false
STATE|1|2|3|4|hasFlower|false
STATE|1|2|3|4|soilQuality|2.66
STATE|1|2|3|4|grassCount|7.3
STATE|1|2|3|4|canolaCount|9.05
STATE|1|2|3|4|flowerCount|5.93
STATE|1|2|3|4|predatorCount|2.2
STATE|1|2|3|4|pollinatorCount|6.1
STATE|1|2|3|4|pestCount|9.57
STATE|1|2|3|4|predatorK|5.91
STATE|1|2|3|4|pollinatorK|1.49
STATE|1|2|3|4|pestK|2.02
STATE|1|2|3|4|yield|6.3
STATE|1|2|3|4|canolaPoints|0.48
STATE|1|2|3|4|paymentPoints|0.01
STATE|1|2|3|4|ownedBy|1
STATE|1|2|3|4|village|1
STATE|1|2|3|4|shared?|true
STATE|1|2|3|5|length 0|4.93
STATE|1|2|3|5|hasGrass|true
STATE|1|2|3|5|hasCanola|true
STATE|1|2|3|5|hasFlower|false
STATE|1|2|3|5|soilQuality|1.74
STATE|1|2|3|5|grassCount|8.06
STATE|1|2|3|5|canolaCount|0.42
STATE|1|2|3|5|flowerCount|8.85
STATE|1|2|3|5|predatorCount|0.63
STATE|1|2|3|5|pollinatorCount|0.22
STATE|1|2|3|5|pestCount|3.26
STATE|1|2|3|5|predatorK|9.84
STATE|1|2|3|5|pollinatorK|8.23
STATE|1|2|3|5|pestK|4.74
STATE|1|2|3|5|yield|8.98
STATE|1|2|3|5|canolaPoints|8.48
STATE|1|2|3|5|paymentPoints|5.37
STATE|1|2|3|5|ownedBy|0
STATE|1|2|3|5|village|3
STATE|1|2|3|5|shared?|true
STATE|1|2|3|6|length 0|0.26
STATE|1|2|3|6|hasGrass|true
STATE|1|2|3|6|hasCanola|true
STATE|1|2|3|6|hasFlower|true
STATE|1|2|3|6|soilQuality|1.11
STATE|1|2|3|6|grassCount|1.95
STATE|1|2|3|6|canolaCount|3.2
STATE|1|2|3|6|flowerCount|2.21
STATE|1|2|3|6|predatorCount|9.69
STATE|1|2|3|6|pollinatorCount|5.66
STATE|1|2|3|6|pestCount|5.89
STATE|1|2|3|6|predatorK|2.36
STATE|1|2|3|6|pollinatorK|1.93
STATE|1|2|3|6|pestK|9.34
STATE|1|2|3|6|yield|8.83
STATE|1|2|3|6|canolaPoints|1.25
STATE|1|2|3|6|paymentPoints|5.91
STATE|1|2|3|6|ownedBy|3
STATE|1|2|3|6|village|2
STATE|1|2|3|6|shared?|true
STATE|1|2|3|7|length 0|8.78
STATE|1|2|3|7|hasGrass|false
STATE|1|2|3|7|hasCanola|true
STATE|1|2|3|7|hasFlower|true
STATE|1|2|3|7|soilQuality|0.19
STATE|1|2|3|7|grassCount|7.48
STATE|1|2|3|7|canolaCount|9.34
STATE|1|2|3|7|flowerCount|1.56
STATE|1|2|3|7|predatorCount|3.84
STATE|1|2|3|7|pollinatorCount|8.73
STATE|1|2|3|7|pestCount|1.74
STATE|1|2|3|7|predatorK|5.37
STATE|1|2|3|7|pollinatorK|6.91
STATE|1|2|3|7|pestK|2.63
STATE|1|2|3|7|yield|2.01
STATE|1|2|3|7|canolaPoints|6.51
STATE|1|2|3|7|paymentPoints|5.41
STATE|1|2|3|7|ownedBy|3
STATE|1|2|3|7|village|3
STATE|1|2|3|7|shared?|true
STATE|1|2|4|0|length 0|7.63
STATE|1|2|4|0|hasGrass|false
STATE|1|2|4|0|hasCanola|true
STATE|1|2|4|0|hasFlower|false
STATE|1|2|4|0|soilQuality|0.55
STATE|1|2|4|0|grassCount|9.7
STATE|1|2|4|0|canolaCount|9.47
STATE|1|2|4|0|flowerCount|5.49
STATE|1|2|4|0|predatorCount|9.96
STATE|1|2|4|0|pollinatorCount|8.0
STATE|1|2|4|0|pestCount|9.73
STATE|1|2|4|0|predatorK|9.08
STATE|1|2|4|0|pollinatorK|9.69
STATE|1|2|4|0|pestK|1.22
STATE|1|2|4|0|yield|1.25
STATE|1|2|4|0|canolaPoints|7.38
STATE|1|2|4|0|paymentPoints|3.62
STATE|1|2|4|0|ownedBy|0
STATE|1|2|4|0|village|2
STATE|1|2|4|0|shared?|false
STATE|1|2|4|1|length 0|9.3
STATE|1|2|4|1|hasGrass|true
STATE|1|2|4|1|hasCanola|false
STATE|1|2|4|1|hasFlower|true
STATE|1|2|4|1|soilQuality|8.85
STATE|1|2|4|1|grassCount|4.64
STATE|1|2|4|1|canolaCount|5.41
STATE|1|2|4|1|flowerCount|2.59
STATE|1|2|4|1|predatorCount|7.57
STATE|1|2|4|1|pollinatorCount|3.68
STATE|1|2|4|1|pestCount|8.84
STATE|1|2|4|1|predatorK|7.07
STATE|1|2|4|1|pollinatorK|4.29
STATE|1|2|4|1|pestK|0.31
STATE|1|2|4|1|yield|2.69
STATE|1|2|4|1|canolaPoints|4.17
STATE|1|2|4|1|paymentPoints|3.7
STATE|1|2|4|1|ownedBy|3
STATE|1|2|4|1|village|0
STATE|1|2|4|1|shared?|false
STATE|1|2|4|2|length 0|7.34
STATE|1|2|4|2|hasGrass|false
STATE|1|2|4|2|hasCanola|true
STATE|1|2|4|2|hasFlower|false
STATE|1|2|4|2|soilQuality|8.64
STATE|1|2|4|2|grassCount|1.24
STATE|1|2|4|2|canolaCount|3.42
STATE|1|2|4|2|flowerCount|7.85
STATE|1|2|4|2|predatorCount|7.06
STATE|1|2|4|2|pollinatorCount|3.88
STATE|1|2|4|2|pestCount|7.7
STATE|1|2|4|2|predatorK|0.79
STATE|1|2|4|2|pollinatorK|7.21
STATE|1|2|4|2|pestK|8.32
STATE|1|2|4|2|yield|5.85
STATE|1|2|4|2|canolaPoints|8.25
STATE|1|2|4|2|paymentPoints|2.13
STATE|1|2|4|2|ownedBy|2
STATE|1|2|4|2|village|1
STATE|1|2|4|2|shared?|false
STATE|1|2|4|3|length 0|0.44
STATE|1|2|4|3|hasGrass|true
STATE|1|2|4|3|hasCanola|true
STATE|1|2|4|3|hasFlower|false
STATE|1|2|4|3|soilQuality|5.58
STATE|1|2|4|3|grassCount|2.57
STATE|1|2|4|3|canolaCount|1.01
STATE|1|2|4|3|flowerCount|2.5
STATE|1|2|4|3|predatorCount|1.27
STATE|1|2|4|3|pollinatorCount|1.44
STATE|1|2|4|3|pestCount|7.45
STATE|1|2|4|3|predatorK|1.93
STATE|1|2|4|3|pollinatorK|1.67
STATE|1|2|4|3|pestK|6.2
STATE|1|2|4|3|yield|1.31
STATE|1|2|4|3|canolaPoints|8.33
STATE|1|2|4|3|paymentPoints|6.5
STATE|1|2|4|3|ownedBy|1
STATE|1|2|4|3|village|3
STATE|1|2|4|3|shared?|false
STATE|1|2|4|4|length 0|8.28
STATE|1|2|4|4|hasGrass|false
STATE|1|2|4|4|hasCanola|true
STATE|1|2|4|4|hasFlower|true
STATE|1|2|4|4|soilQuality|9.88
STATE|1|2|4|4|grassCount|4.43
STATE|1|2|4|4|canolaCount|2.45
STATE|1|2|4|4|flowerCount|9.67
STATE|1|2|4|4|predatorCount|9.16
STATE|1|2|4|4|pollinatorCount|1.29
STATE|1|2|4|4|pestCount|9.73
STATE|1|2|4|4|predatorK|3.68
STATE|1|2|4|4|pollinatorK|8.35
STATE|1|2|4|4|pestK|5.04
STATE|1|2|4|4|yield|2.66
STATE|1|2|4|4|canolaPoints|1.63
STATE|1|2|4|4|paymentPoints|3.52
STATE|1|2|4|4|ownedBy|2
STATE|1|2|4|4|village|3
STATE|1|2|4|4|shared?|true
STATE|1|2|4|5|length 0|6.94
STATE|1|2|4|5|hasGrass|true
STATE|1|2|4|5|hasCanola|true
STATE|1|2|4|5|hasFlower|false
STATE|1|2|4|5|soilQuality|8.18
STATE|1|2|4|5|grassCount|6.87
STATE|1|2|4|5|canolaCount|6.32
STATE|1|2|4|5|flowerCount|6.19
STATE|1|2|4|5|predatorCount|8.63
STATE|1|2|4|5|pollinatorCount|6.07
STATE|1|2|4|5|pestCount|1.14
STATE|1|2|4|5|predatorK|8.82
STATE|1|2|4|5|pollinatorK|2.95
STATE|1|2|4|5|pestK|0.28
STATE|1|2|4|5|yield|6.54
STATE|1|2|4|5|canolaPoints|5.1
STATE|1|2|4|5|paymentPoints|0.17
STATE|1|2|4|5|ownedBy|2
STATE|1|2|4|5|village|0
STATE|1|2|4|5|shared?|false
STATE|1|2|4|6|length 0|3.29
STATE|1|2|4|6|hasGrass|true
STATE|1|2|4|6|hasCanola|false
STATE|1|2|4|6|hasFlower|false
STATE|1|2|4|6|soilQuality|2.98
STATE|1|2|4|6|grassCount|4.71
STATE|1|2|4|6|canolaCount|4.07
STATE|1|2|4|6|flowerCount|6.27
STATE|1|2|4|6|predatorCount|8.78
STATE|1|2|4|6|pollinatorCount|3.73
STATE|1|2|4|6|pestCount|5.38
STATE|1|2|4|6|predatorK|5.62
STATE|1|2|4|6|pollinatorK|6.67
STATE|1|2|4|6|pestK|2.44
STATE|1|2|4|6|yield|2.47
STATE|1|2|4|6|canolaPoints|9.22
STATE|1|2|4|6|paymentPoints|1.45
STATE|1|2|4|6|ownedBy|3
STATE|1|2|4|6|village|0
STATE|1|2|4|6|shared?|true
STATE|1|2|4|7|length 0|4.91
STATE|1|2|4|7|hasGrass|true
STATE|1|2|4|7|hasCanola|true
STATE|1|2|4|7|hasFlower|true
STATE|1|2|4|7|soilQuality|9.57
STATE|1|2|4|7|grassCount|0.39
STATE|1|2|4|7|canolaCount|1.43
STATE|1|2|4|7|flowerCount|7.39
STATE|1|2|4|7|predatorCount|3.71
STATE|1|2|4|7|pollinatorCount|1.95
STATE|1|2|4|7|pestCount|7.76
STATE|1|2|4|7|predatorK|9.82
STATE|1|2|4|7|pollinatorK|2.08
STATE|1|2|4|7|pestK|7.07
STATE|1|2|4|7|yield|3.96
STATE|1|2|4|7|canolaPoints|9.98
STATE|1|2|4|7|paymentPoints|5.97
STATE|1|2|4|7|ownedBy|3
STATE|1|2|4|7|village|0
STATE|1|2|4|7|shared?|true
STATE|1|2|5|0|length 0|4.42
STATE|1|2|5|0|hasGrass|false
STATE|1|2|5|0|hasCanola|true
STATE|1|2|5|0|hasFlower|true
STATE|1|2|5|0|soilQuality|9.91
STATE|1|2|5|0|grassCount|9.24
STATE|1|2|5|0|canolaCount|6.51
STATE|1|2|5|0|flowerCount|0.64
STATE|1|2|5|0|predatorCount|7.01
STATE|1|2|5|0|pollinatorCount|9.89
STATE|1|2|5|0|pestCount|7.82
STATE|1|2|5|0|predatorK|7.15
STATE|1|2|5|0|pollinatorK|4.4
STATE|1|2|5|0|pestK|6.32
STATE|1|2|5|0|yield|9.26
STATE|1|2|5|0|canolaPoints|4.99
STATE|1|2|5|0|paymentPoints|0.75
STATE|1|2|5|0|ownedBy|0
STATE|1|2|5|0|village|3
STATE|1|2|5|0|shared?|false
STATE|1|2|5|1|length 0|7.1
STATE|1|2|5|1|hasGrass|false
STATE|1|2|5|1|hasCanola|true
STATE|1|2|5|1|hasFlower|true
STATE|1|2|5|1|soilQuality|6.83
STATE|1|2|5|1|grassCount|4.28
STATE|1|2|5|1|canolaCount|4.63
STATE|1|2|5|1|flowerCount|2.33
STATE|1|2|5|1|predatorCount|7.63
STATE|1|2|5|1|pollinatorCount|7.81
STATE|1|2|5|1|pestCount|7.26
STATE|1|2|5|1|predatorK|4.3
STATE|1|2|5|1|pollinatorK|4.91
STATE|1|2|5|1|pestK|3.96
STATE|1|2|5|1|yield|4.65
STATE|1|2|5|1|canolaPoints|3.26
STATE|1|2|5|1|paymentPoints|4.69
STATE|1|2|5|1|ownedBy|0
STATE|1|2|5|1|village|0
STATE|1|2|5|1|shared?|false
STATE|1|2|5|2|length 0|8.2
STATE|1|2|5|2|hasGrass|true
STATE|1|2|5|2|hasCanola|false
STATE|1|2|5|2|hasFlower|false
STATE|1|2|5|2|soilQuality|0.71
STATE|1|2|5|2|grassCount|6.25
STATE|1|2|5|2|canolaCount|3.81
STATE|1|2|5|2|flowerCount|4.66
STATE|1|2|5|2|predatorCount|5.48
STATE|1|2|5|2|pollinatorCount|8.6
STATE|1|2|5|2|pestCount|6.31
STATE|1|2|5|2|predatorK|8.88
STATE|1|2|5|2|pollinatorK|2.49
STATE|1|2|5|2|pestK|7.97
STATE|1|2|5|2|yield|3.92
STATE|1|2|5|2|canolaPoints|1.82
STATE|1|2|5|2|paymentPoints|8.03
STATE|1|2|5|2|ownedBy|3
STATE|1|2|5|2|village|0
STATE|1|2|5|2|shared?|false
STATE|1|2|5|3|length 0|2.01
STATE|1|2|5|3|hasGrass|false
STATE|1|2|5|3|hasCanola|true
STATE|1|2|5|3|hasFlower|false
STATE|1|2|5|3|soilQuality|6.4
STATE|1|2|5|3|grassCount|4.31
STATE|1|2|5|3|canolaCount|8.4
STATE|1|2|5|3|flowerCount|1.41
STATE|1|2|5|3|predatorCount|2.65
STATE|1|2|5|3|pollinatorCount|7.29
STATE|1|2|5|3|pestCount|3.57
STATE|1|2|5|3|predatorK|3.6
STATE|1|2|5|3|pollinatorK|9.79
STATE|1|2|5|3|pestK|5.67
STATE|1|2|5|3|yield|1.9
STATE|1|2|5|3|canolaPoints|0.51
STATE|1|2|5|3|paymentPoints|1.34
STATE|1|2|5|3|ownedBy|3
STATE|1|2|5|3|village|2
STATE|1|2|5|3|shared?|false
STATE|1|2|5|4|length 0|8.75
STATE|1|2|5|4|hasGrass|false
STATE|1|2|5|4|hasCanola|true
STATE|1|2|5|4|hasFlower|true
STATE|1|2|5|4|soilQuality|1.39
STATE|1|2|5|4|grassCount|9.75
STATE|1|2|5|4|canolaCount|3.36
STATE|1|2|5|4|flowerCount|7.76
STATE|1|2|5|4|predatorCount|3.37
STATE|1|2|5|4|pollinatorCount|3.96
STATE|1|2|5|4|pestCount|2.47
STATE|1|2|5|4|predatorK|5.68
STATE|1|2|5|4|pollinatorK|9.46
STATE|1|2|5|4|pestK|9.88
STATE|1|2|5|4|yield|5.27
STATE|1|2|5|4|canolaPoints|6.56
STATE|1|2|5|4|paymentPoints|6.75
STATE|1|2|5|4|ownedBy|0
STATE|1|2|5|4|village|3
STATE|1|2|5|4|shared?|false
STATE|1|2|5|5|length 0|3.01
STATE|1|2|5|5|hasGrass|false
STATE|1|2|5|5|hasCanola|false
STATE|1|2|5|5|hasFlower|false
STATE|1|2|5|5|soilQuality|2.75
STATE|1|2|5|5|grassCount|7.6
STATE|1|2|5|5|canolaCount|3.39
STATE|1|2|5|5|flowerCount|8.7
STATE|1|2|5|5|predatorCount|4.24
STATE|1|2|5|5|pollinatorCount|6.92
STATE|1|2|5|5|pestCount|7.51
STATE|1|2|5|5|predatorK|7.03
STATE|1|2|5|5|pollinatorK|7.53
STATE|1|2|5|5|pestK|3.42
STATE|1|2|5|5|yield|1.52
STATE|1|2|5|5|canolaPoints|3.68
STATE|1|2|5|5|paymentPoints|9.59
STATE|1|2|5|5|ownedBy|0
STATE|1|2|5|5|village|0
STATE|1|2|5|5|shared?|true
STATE|1|2|5|6|length 0|3.09
STATE|1|2|5|6|hasGrass|true
STATE|1|2|5|6|hasCanola|false
STATE|1|2|5|6|hasFlower|true
STATE|1|2|5|6|soilQuality|1.04
STATE|1|2|5|6|grassCount|0.18
STATE|1|2|5|6|canolaCount|3.4
STATE|1|2|5|6|flowerCount|7.27
STATE|1|2|5|6|predatorCount|4.53
STATE|1|2|5|6|pollinatorCount|6.46
STATE|1|2|5|6|pestCount|5.13
STATE|1|2|5|6|predatorK|3.6
STATE|1|2|5|6|pollinatorK|4.08
STATE|1|2|5|6|pestK|0.41
STATE|1|2|5|6|yield|9.52
STATE|1|2|5|6|canolaPoints|7.33
STATE|1|2|5|6|paymentPoints|0.98
STATE|1|2|5|6|ownedBy|0
STATE|1|2|5|6|village|2
STATE|1|2|5|6|shared?|false
STATE|1|2|5|7|length 0|5.08
STATE|1|2|5|7|hasGrass|false
STATE|1|2|5|7|hasCanola|false
STATE|1|2|5|7|hasFlower|true
STATE|1|2|5|7|soilQuality|8.22
STATE|1|2|5|7|grassCount|2.01
STATE|1|2|5|7|canolaCount|1.38
STATE|1|2|5|7|flowerCount|7.47
STATE|1|2|5|7|predatorCount|8.15
STATE|1|2|5|7|pollinatorCount|3.03
STATE|1|2|5|7|pestCount|3.85
STATE|1|2|5|7|predatorK|7.34
STATE|1|2|5|7|pollinatorK|2.94
STATE|1|2|5|7|pestK|4.45
STATE|1|2|5|7|yield|9.92
STATE|1|2|5|7|canolaPoints|1.3
STATE|1|2|5|7|paymentPoints|9.43
STATE|1|2|5|7|ownedBy|1
STATE|1|2|5|7|village|0
STATE|1|2|5|7|shared?|false
STATE|1|2|6|0|length 0|7.29
STATE|1|2|6|0|hasGrass|false
STATE|1|2|6|0|hasCanola|true
STATE|1|2|6|0|hasFlower|false
STATE|1|2|6|0|soilQuality|5.96
STATE|1|2|6|0|grassCount|5.77
STATE|1|2|6|0|canolaCount|7.9
STATE|1|2|6|0|flowerCount|5.03
STATE|1|2|6|0|predatorCount|6.95
STATE|1|2|6|0|pollinatorCount|2.2
STATE|1|2|6|0|pestCount|9.26
STATE|1|2|6|0|predatorK|9.54
STATE|1|2|6|0|pollinatorK|8.11
STATE|1|2|6|0|pestK|1.42
STATE|1|2|6|0|yield|7.26
STATE|1|2|6|0|canolaPoints|8.43
STATE|1|2|6|0|paymentPoints|8.21
STATE|1|2|6|0|ownedBy|1
STATE|1|2|6|0|village|3
STATE|1|2|6|0|shared?|false
STATE|1|2|6|1|length 0|8.97
STATE|1|2|6|1|hasGrass|false
STATE|1|2|6|1|hasCanola|true
STATE|1|2|6|1|hasFlower|true
STATE|1|2|6|1|soilQuality|8.82
STATE|1|2|6|1|grassCount|1.82
STATE|1|2|6|1|canolaCount|5.94
STATE|1|2|6|1|flowerCount|3.02
STATE|1|2|6|1|predatorCount|8.04
STATE|1|2|6|1|pollinatorCount|0.57
STATE|1|2|6|1|pestCount|2.69
STATE|1|2|6|1|predatorK|2.69
STATE|1|2|6|1|pollinatorK|3.05
STATE|1|2|6|1|pestK|6.43
STATE|1|2|6|1|yield|0.48
STATE|1|2|6|1|canolaPoints|0.09
STATE|1|2|6|1|paymentPoints|0.9
STATE|1|2|6|1|ownedBy|0
STATE|1|2|6|1|village|0
STATE|1|2|6|1|shared?|true
STATE|1|2|6|2|length 0|8.93
STATE|1|2|6|2|hasGrass|false
STATE|1|2|6|2|hasCanola|true
STATE|1|2|6|2|hasFlower|false
STATE|1|2|6|2|soilQuality|1.97
STATE|1|2|6|2|grassCount|3.31
STATE|1|2|6|2|canolaCount|1.86
STATE|1|2|6|2|flowerCount|4.64
STATE|1|2|6|2|predatorCount|3.5
STATE|1|2|6|2|pollinatorCount|1.22
STATE|1|2|6|2|pestCount|1.63
STATE|1|2|6|2|predatorK|6.29
STATE|1|2|6|2|pollinatorK|6.99
STATE|1|2|6|2|pestK|3.95
STATE|1|2|6|2|yield|4.17
STATE|1|2|6|2|canolaPoints|2.44
STATE|1|2|6|2|paymentPoints|6.28
STATE|1|2|6|2|ownedBy|3
STATE|1|2|6|2|village|3
STATE|1|2|6|2|shared?|false
STATE|1|2|6|3|length 0|0.02
STATE|1|2|6|3|hasGrass|true
STATE|1|2|6|3|hasCanola|true
STATE|1|2|6|3|hasFlower|true
STATE|1|2|6|3|soilQuality|0.73
STATE|1|2|6|3|grassCount|9.57
STATE|1|2|6|3|canolaCount|6.84
STATE|1|2|6|3|flowerCount|5.62
STATE|1|2|6|3|predatorCount|6.89
STATE|1|2|6|3|pollinatorCount|8.69
STATE|1|2|6|3|pestCount|6.35
STATE|1|2|6|3|predatorK|4.27
STATE|1|2|6|3|pollinatorK|3.92
STATE|1|2|6|3|pestK|9.71
STATE|1|2|6|3|yield|9.54
STATE|1|2|6|3|canolaPoints|1.52
STATE|1|2|6|3|paymentPoints|8.18
STATE|1|2|6|3|ownedBy|3
STATE|1|2|6|3|village|3
STATE|1|2|6|3|shared?|true
STATE|1|2|6|4|length 0|6.95
STATE|1|2|6|4|hasGrass|true
STATE|1|2|6|4|hasCanola|false
STATE|1|2|6|4|hasFlower|false
STATE|1|2|6|4|soilQuality|5.85
STATE|1|2|6|4|grassCount|0.56
STATE|1|2|6|4|canolaCount|9.03
STATE|1|2|6|4|flowerCount|9.56
STATE|1|2|6|4|predatorCount|7.61
STATE|1|2|6|4|pollinatorCount|2.93
STATE|1|2|6|4|pestCount|7.23
STATE|1|2|6|4|predatorK|1.16
STATE|1|2|6|4|pollinatorK|5.47
STATE|1|2|6|4|pestK|3.45
STATE|1|2|6|4|yield|4.71
STATE|1|2|6|4|canolaPoints|2.9
STATE|1|2|6|4|paymentPoints|0.71
STATE|1|2|6|4|ownedBy|2
STATE|1|2|6|4|village|0
STATE|1|2|6|4|shared?|true
STATE|1|2|6|5|length 0|1.75
STATE|1|2|6|5|hasGrass|true
STATE|1|2|6|5|hasCanola|true
STATE|1|2|6|5|hasFlower|true
STATE|1|2|6|5|soilQuality|9.74
STATE|1|2|6|5|grassCount|0.55
STATE|1|2|6|5|canolaCount|8.93
STATE|1|2|6|5|flowerCount|4.2
STATE|1|2|6|5|predatorCount|1.21
STATE|1|2|6|5|pollinatorCount|4.29
STATE|1|2|6|5|pestCount|5.07
STATE|1|2|6|5|predatorK|0.56
STATE|1|2|6|5|pollinatorK|5.43
STATE|1|2|6|5|pestK|0.07
STATE|1|2|6|5|yield|2.99
STATE|1|2|6|5|canolaPoints|7.11
STATE|1|2|6|5|paymentPoints|8.45
STATE|1|2|6|5|ownedBy|0
STATE|1|2|6|5|village|2
STATE|1|2|6|5|shared?|true
STATE|1|2|6|6|length 0|6.11
STATE|1|2|6|6|hasGrass|true
STATE|1|2|6|6|hasCanola|false
STATE|1|2|6|6|hasFlower|false
STATE|1|2|6|6|soilQuality|8.66
STATE|1|2|6|6|grassCount|1.56
STATE|1|2|6|6|canolaCount|4.28
STATE|1|2|6|6|flowerCount|1.96
STATE|1|2|6|6|predatorCount|8.61
STATE|1|2|6|6|pollinatorCount|5.12
STATE|1|2|6|6|pestCount|2.56
STATE|1|2|6|6|predatorK|4.53
STATE|1|2|6|6|pollinatorK|6.19
STATE|1|2|6|6|pestK|4.12
STATE|1|2|6|6|yield|2.51
STATE|1|2|6|6|canolaPoints|2.6
STATE|1|2|6|6|paymentPoints|2.82
STATE|1|2|6|6|ownedBy|1
STATE|1|2|6|6|village|3
STATE|1|2|6|6|shared?|false
STATE|1|2|6|7|length 0|7.63
STATE|1|2|6|7|hasGrass|false
STATE|1|2|6|7|hasCanola|false
STATE|1|2|6|7|hasFlower|false
STATE|1|2|6|7|soilQuality|1.93
STATE|1|2|6|7|grassCount|6.39
STATE|1|2|6|7|canolaCount|3.01
STATE|1|2|6|7|flowerCount|9.04
STATE|1|2|6|7|predatorCount|5.87
STATE|1|2|6|7|pollinatorCount|4.74
STATE|1|2|6|7|pestCount|6.34
STATE|1|2|6|7|predatorK|5.96
STATE|1|2|6|7|pollinatorK|9.21
STATE|1|2|6|7|pestK|9.78
STATE|1|2|6|7|yield|7.9
STATE|1|2|6|7|canolaPoints|6.9
STATE|1|2|6|7|paymentPoints|5.33
STATE|1|2|6|7|ownedBy|3
STATE|1|2|6|7|village|2
STATE|1|2|6|7|shared?|false
STATE|1|2|7|0|length 0|2.95
STATE|1|2|7|0|hasGrass|false
STATE|1|2|7|0|hasCanola|false
STATE|1|2|7|0|hasFlower|false
STATE|1|2|7|0|soilQuality|6.59
STATE|1|2|7|0|grassCount|3.7
STATE|1|2|7|0|canolaCount|0.44
STATE|1|2|7|0|flowerCount|2.79
STATE|1|2|7|0|predatorCount|6.37
STATE|1|2|7|0|pollinatorCount|9.88
STATE|1|2|7|0|pestCount|4.01
STATE|1|2|7|0|predatorK|0.98
STATE|1|2|7|0|pollinatorK|5.87
STATE|1|2|7|0|pestK|3.12
STATE|1|2|7|0|yield|1.11
STATE|1|2|7|0|canolaPoints|7.83
STATE|1|2|7|0|paymentPoints|4.34
STATE|1|2|7|0|ownedBy|3
STATE|1|2|7|0|village|0
STATE|1|2|7|0|shared?|true
STATE|1|2|7|1|length 0|7.28
STATE|1|2|7|1|hasGrass|true
STATE|1|2|7|1|hasCanola|true
STATE|1|2|7|1|hasFlower|false
STATE|1|2|7|1|soilQuality|3.64
STATE|1|2|7|1|grassCount|6.4
STATE|1|2|7|1|canolaCount|8.13
STATE|1|2|7|1|flowerCount|5.52
STATE|1|2|7|1|predatorCount|0.27
STATE|1|2|7|1|pollinatorCount|6.78
STATE|1|2|7|1|pestCount|5.36
STATE|1|2|7|1|predatorK|7.01
STATE|1|2|7|1|pollinatorK|7.07
STATE|1|2|7|1|pestK|3.93
STATE|1|2|7|1|yield|4.18
STATE|1|2|7|1|canolaPoints|8.48
STATE|1|2|7|1|paymentPoints|5.71
STATE|1|2|7|1|ownedBy|0
STATE|1|2|7|1|village|0
STATE|1|2|7|1|shared?|false
STATE|1|2|7|2|length 0|4.8
STATE|1|2|7|2|hasGrass|false
STATE|1|2|7|2|hasCanola|false
STATE|1|2|7|2|hasFlower|false
STATE|1|2|7|2|soilQuality|6.94
STATE|1|2|7|2|grassCount|3.33
STATE|1|2|7|2|canolaCount|7.26
STATE|1|2|7|2|flowerCount|6.39
STATE|1|2|7|2|predatorCount|2.19
STATE|1|2|7|2|pollinatorCount|8.69
STATE|1|2|7|2|pestCount|4.73
STATE|1|2|7|2|predatorK|5.31
STATE|1|2|7|2|pollinatorK|1.98
STATE|1|2|7|2|pestK|8.31
STATE|1|2|7|2|yield|4.74
STATE|1|2|7|2|canolaPoints|7.42
STATE|1|2|7|2|paymentPoints|8.42
STATE|1|2|7|2|ownedBy|3
STATE|1|2|7|2|village|3
STATE|1|2|7|2|shared?|false
STATE|1|2|7|3|length 0|5.06
STATE|1|2|7|3|hasGrass|true
STATE|1|2|7|3|hasCanola|false
STATE|1|2|7|3|hasFlower|true
STATE|1|2|7|3|soilQuality|1.96
STATE|1|2|7|3|grassCount|1.66
STATE|1|2|7|3|canolaCount|7.69
STATE|1|2|7|3|flowerCount|4.05
STATE|1|2|7|3|predatorCount|1.25
STATE|1|2|7|3|pollinatorCount|5.76
STATE|1|2|7|3|pestCount|6.84
STATE|1|2|7|3|predatorK|1.89
STATE|1|2|7|3|pollinatorK|2.54
STATE|1|2|7|3|pestK|1.78
STATE|1|2|7|3|yield|2.37
STATE|1|2|7|3|canolaPoints|9.96
STATE|1|2|7|3|paymentPoints|5.45
STATE|1|2|7|3|ownedBy|2
STATE|1|2|7|3|village|0
STATE|1|2|7|3|shared?|true
STATE|1|2|7|4|length 0|7.57
STATE|1|2|7|4|hasGrass|true
STATE|1|2|7|4|hasCanola|false
STATE|1|2|7|4|hasFlower|false
STATE|1|2|7|4|soilQuality|0.68
STATE|1|2|7|4|grassCount|6.66
STATE|1|2|7|4|canolaCount|6.82
STATE|1|2|7|4|flowerCount|6.16
STATE|1|2|7|4|predatorCount|0.6
STATE|1|2|7|4|pollinatorCount|3.82
STATE|1|2|7|4|pestCount|0.81
STATE|1|2|7|4|predatorK|4.99
STATE|1|2|7|4|pollinatorK|6.09
STATE|1|2|7|4|pestK|4.3
STATE|1|2|7|4|yield|5.18
STATE|1|2|7|4|canolaPoints|3.16
STATE|1|2|7|4|paymentPoints|7.44
STATE|1|2|7|4|ownedBy|3
STATE|1|2|7|4|village|3
STATE|1|2|7|4|shared?|false
STATE|1|2|7|5|length 0|4.84
STATE|1|2|7|5|hasGrass|false
STATE|1|2|7|5|hasCanola|true
STATE|1|2|7|5|hasFlower|false
STATE|1|2|7|5|soilQuality|9.87
STATE|1|2|7|5|grassCount|3.33
STATE|1|2|7|5|canolaCount|1.52
STATE|1|2|7|5|flowerCount|1.14
STATE|1|2|7|5|predatorCount|0.27
STATE|1|2|7|5|pollinatorCount|7.32
STATE|1|2|7|5|pestCount|4.12
STATE|1|2|7|5|predatorK|8.21
STATE|1|2|7|5|pollinatorK|8.35
STATE|1|2|7|5|pestK|0.26
STATE|1|2|7|5|yield|3.07
STATE|1|2|7|5|canolaPoints|2.64
STATE|1|2|7|5|paymentPoints|2.64
STATE|1|2|7|5|ownedBy|0
STATE|1|2|7|5|village|1
STATE|1|2|7|5|shared?|false
STATE|1|2|7|6|length 0|7.22
STATE|1|2|7|6|hasGrass|true
STATE|1|2|7|6|hasCanola|false
STATE|1|2|7|6|hasFlower|true
STATE|1|2|7|6|soilQuality|9.83
STATE|1|2|7|6|grassCount|5.53
STATE|1|2|7|6|canolaCount|2.84
STATE|1|2|7|6|flowerCount|7.78
STATE|1|2|7|6|predatorCount|4.63
STATE|1|2|7|6|pollinatorCount|6.99
STATE|1|2|7|6|pestCount|0.28
STATE|1|2|7|6|predatorK|1.38
STATE|1|2|7|6|pollinatorK|4.71
STATE|1|2|7|6|pestK|9.35
STATE|1|2|7|6|yield|1.81
STATE|1|2|7|6|canolaPoints|2.78
STATE|1|2|7|6|paymentPoints|2.57
STATE|1|2|7|6|ownedBy|2
STATE|1|2|7|6|village|0
STATE|1|2|7|6|shared?|false
STATE|1|2|7|7|length 0|9.01
STATE|1|2|7|7|hasGrass|true
STATE|1|2|7|7|hasCanola|true
STATE|1|2|7|7|hasFlower|false
STATE|1|2|7|7|soilQuality|9.78
STATE|1|2|7|7|grassCount|0.4
STATE|1|2|7|7|canolaCount|8.66
STATE|1|2|7|7|flowerCount|8.91
STATE|1|2|7|7|predatorCount|0.87
STATE|1|2|7|7|pollinatorCount|3.37
STATE|1|2|7|7|pestCount|8.39
STATE|1|2|7|7|predatorK|0.39
STATE|1|2|7|7|pollinatorK|8.73
STATE|1|2|7|7|pestK|3.54
STATE|1|2|7|7|yield|3.59
STATE|1|2|7|7|canolaPoints|7.86
STATE|1|2|7|7|paymentPoints|5.26
STATE|1|2|7|7|ownedBy|0
STATE|1|2|7|7|village|0
STATE|1|2|7|7|shared?|true
CHOICE|1|2|1|3|1|4|12:07:53.000 PM 28-Sep-2026
CHOICE|1|2|1|3|1|3|12:07:54.000 PM 28-Sep-2026
CONFIRM|1|2|1|12:07:55.000 PM 28-Sep-2026
CHOICE|1|2|2|1|1|3|12:07:58.000 PM 28-Sep-2026
CHOICE|1|2|2|2|2|4|12:08:02.000 PM 28-Sep-2026
CONFIRM|1|2|2|12:08:16.000 PM 28-Sep-2026
CHOICE|1|2|3|0|0|3|12:08:29.000 PM 28-Sep-2026
CONFIRM|1|2|3|12:08:44.000 PM 28-Sep-2026
CHOICE|1|2|4|7|2|1|12:08:53.000 PM 28-Sep-2026
CONFIRM|1|2|4|12:08:56.000 PM 28-Sep-2026
CHOICE|1|2|5|1|2|3|12:09:11.000 PM 28-Sep-2026
CONFIRM|1|2|5|12:09:23.000 PM 28-Sep-2026
CHOICE|1|2|6|7|3|4|12:09:28.000 PM 28-Sep-2026
CONFIRM|1|2|6|12:09:31.000 PM 28-Sep-2026
CHOICE|1|2|7|6|7|3|12:09:45.000 PM 28-Sep-2026
CHOICE|1|2|7|3|2|2|12:10:00.000 PM 28-Sep-2026
CHOICE|1|2|7|3|4|1|12:10:05.000 PM 28-Sep-2026
CONFIRM|1|2|7|12:10:08.000 PM 28-Sep-2026
CHOICE|1|2|8|3|1|1|12:10:13.000 PM 28-Sep-2026
CHOICE|1|2|8|3|1|-99|12:10:27.000 PM 28-Sep-2026
CHOICE|1|2|8|1|6|3|12:10:36.000 PM 28-Sep-2026
CONFIRM|1|2|8|12:10:45.000 PM 28-Sep-2026
CHOICE|1|2|9|0|6|1|12:10:58.000 PM 28-Sep-2026
CONFIRM|1|2|9|12:11:07.000 PM 28-Sep-2026
CHOICE|1|2|10|2|2|3|12:11:11.000 PM 28-Sep-2026
CHOICE|1|2|10|7|5|3|12:11:23.000 PM 28-Sep-2026
CONFIRM|1|2|10|12:11:28.000 PM 28-Sep-2026
CHOICE|1|2|11|3|6|4|12:11:32.000 PM 28-Sep-2026
CHOICE|1|2|11|3|6|2|12:11:45.000 PM 28-Sep-2026
CHOICE|1|2|11|0|0|3|12:11:58.000 PM 28-Sep-2026
CONFIRM|1|2|11|12:12:06.000 PM 28-Sep-2026
CHOICE|1|2|12|2|5|3|12:12:12.000 PM 28-Sep-2026
CHOICE|1|2|12|0|4|1|12:12:19.000 PM 28-Sep-2026
CONFIRM|1|2|12|12:12:22.000 PM 28-Sep-2026
CHOICE|1|2|13|4|6|4|12:12:30.000 PM 28-Sep-2026
CONFIRM|1|2|13|12:12:37.000 PM 28-Sep-2026
CHOICE|1|2|14|2|7|2|12:12:50.000 PM 28-Sep-2026
CHOICE|1|2|14|2|7|4|12:12:55.000 PM 28-Sep-2026
CHOICE|1|2|14|0|4|4|12:13:06.000 PM 28-Sep-2026
CONFIRM|1|2|14|12:13:09.000 PM 28-Sep-2026
CHOICE|1|2|15|2|3|1|12:13:12.000 PM 28-Sep-2026
CONFIRM|1|2|15|12:13:18.000 PM 28-Sep-2026
CHOICE|1|2|16|0|2|3|12:13:23.000 PM 28-Sep-2026
CHOICE|1|2|16|0|2|-99|12:13:32.000 PM 28-Sep-2026
CHOICE|1|2|16|0|2|-99|12:13:34.000 PM 28-Sep-2026
CONFIRM|1|2|16|12:13:37.000 PM 28-Sep-2026
CHOICE|1|2|17|7|5|1|12:13:52.000 PM 28-Sep-2026
CHOICE|1|2|17|5|2|3|12:13:54.000 PM 28-Sep-2026
CHOICE|1|2|17|3|2|1|12:14:09.000 PM 28-Sep-2026
CONFIRM|1|2|17|12:14:20.000 PM 28-Sep-2026
CHOICE|1|2|18|2|7|4|12:14:27.000 PM 28-Sep-2026
CHOICE|1|2|18|2|5|4|12:14:31.000 PM 28-Sep-2026
CHOICE|1|2|18|7|4|-99|12:14:41.000 PM 28-Sep-2026
CONFIRM|1|2|18|12:14:42.000 PM 28-Sep-2026
CHOICE|1|2|19|0|7|1|12:14:57.000 PM 28-Sep-2026
CHOICE|1|2|19|4|1|1|12:14:59.000 PM 28-Sep-2026
CHOICE|1|2|19|4|1|3|12:15:00.000 PM 28-Sep-2026
CONFIRM|1|2|19|12:15:02.000 PM 28-Sep-2026
CHOICE|1|2|20|1|7|2|12:15:06.000 PM 28-Sep-2026
CHOICE|1|2|20|1|7|1|12:15:19.000 PM 28-Sep-2026
CONFIRM|1|2|20|12:15:29.000 PM 28-Sep-2026
SCORE|1|2|1|16|38|12
SCORE|1|2|2|17|38|5
SCORE|1|2|3|16|21|9
SCORE|1|2|4|16|33|4
SCORE|1|2|5|19|62|4
SCORE|1|2|6|20|41|0
SCORE|1|2|7|18|67|16
SCORE|1|2|8|20|69|9
SCORE|1|2|9|18|38|18
SCORE|1|2|10|11|32|10
SCORE|1|2|11|15|47|6
SCORE|1|2|12|13|33|19
SCORE|1|2|13|16|60|0
SCORE|1|2|14|12|19|2
SCORE|1|2|15|18|53|13
SCORE|1|2|16|0|28|0
SCORE|1|2|17|4|11|11
SCORE|1|2|18|12|60|20
SCORE|1|2|19|5|36|0
SCORE|1|2|20|1|6|17
PHASE|phase-2-1|12:15:34.000 PM 28-Sep-2026
STATE|2|1|0|0|length 0|6.95
STATE|2|1|0|0|hasGrass|true
STATE|2|1|0|0|hasCanola|true
STATE|2|1|0|0|hasFlower|false
STATE|2|1|0|0|soilQuality|5.67
STATE|2|1|0|0|grassCount|8.65
STATE|2|1|0|0|canolaCount|8.48
STATE|2|1|0|0|flowerCount|3.96
STATE|2|1|0|0|predatorCount|0.9
STATE|2|1|0|0|pollinatorCount|6.71
STATE|2|1|0|0|pestCount|8.72
STATE|2|1|0|0|predatorK|7.21
STATE|2|1|0|0|pollinatorK|5.34
STATE|2|1|0|0|pestK|8.25
STATE|2|1|0|0|yield|8.93
STATE|2|1|0|0|canolaPoints|4.57
STATE|2|1|0|0|paymentPoints|3.9
STATE|2|1|0|0|ownedBy|3
STATE|2|1|0|0|village|0
STATE|2|1|0|0|shared?|true
STATE|2|1|0|1|length 0|1.76
STATE|2|1|0|1|hasGrass|false
STATE|2|1|0|1|hasCanola|true
STATE|2|1|0|1|hasFlower|true
STATE|2|1|0|1|soilQuality|0.11
STATE|2|1|0|1|grassCount|7.0
STATE|2|1|0|1|canolaCount|2.51
STATE|2|1|0|1|flowerCount|6.23
STATE|2|1|0|1|predatorCount|6.66
STATE|2|1|0|1|pollinatorCount|8.1
STATE|2|1|0|1|pestCount|4.84
STATE|2|1|0|1|predatorK|3.0
STATE|2|1|0|1|pollinatorK|7.59
STATE|2|1|0|1|pestK|0.68
STATE|2|1|0|1|yield|9.9
STATE|2|1|0|1|canolaPoints|9.29
STATE|2|1|0|1|paymentPoints|6.42
STATE|2|1|0|1|ownedBy|0
STATE|2|1|0|1|village|0
STATE|2|1|0|1|shared?|true
STATE|2|1|0|2|length 0|9.59
STATE|2|1|0|2|hasGrass|true
STATE|2|1|0|2|hasCanola|false
STATE|2|1|0|2|hasFlower|true
STATE|2|1|0|2|soilQuality|9.68
STATE|2|1|0|2|grassCount|5.08
STATE|2|1|0|2|canolaCount|6.58
STATE|2|1|0|2|flowerCount|6.12
STATE|2|1|0|2|predatorCount|4.98
STATE|2|1|0|2|pollinatorCount|4.55
STATE|2|1|0|2|pestCount|4.08
STATE|2|1|0|2|predatorK|8.51
STATE|2|1|0|2|pollinatorK|0.99
STATE|2|1|0|2|pestK|0.62
STATE|2|1|0|2|yield|8.52
STATE|2|1|0|2|canolaPoints|7.0
STATE|2|1|0|2|paymentPoints|7.28
STATE|2|1|0|2|ownedBy|3
STATE|2|1|0|2|village|2
STATE|2|1|0|2|shared?|true
STATE|2|1|0|3|length 0|3.45
STATE|2|1|0|3|hasGrass|true
STATE|2|1|0|3|hasCanola|false
STATE|2|1|0|3|hasFlower|false
STATE|2|1|0|3|soilQuality|6.82
STATE|2|1|0|3|grassCount|6.55
STATE|2|1|0|3|canolaCount|2.19
STATE|2|1|0|3|flowerCount|3.51
STATE|2|1|0|3|predatorCount|7.11
STATE|2|1|0|3|pollinatorCount|0.89
STATE|2|1|0|3|pestCount|0.14
STATE|2|1|0|3|predatorK|6.12
STATE|2|1|0|3|pollinatorK|4.8
STATE|2|1|0|3|pestK|4.86
STATE|2|1|0|3|yield|5.74
STATE|2|1|0|3|canolaPoints|7.79
STATE|2|1|0|3|paymentPoints|9.8
STATE|2|1|0|3|ownedBy|2
STATE|2|1|0|3|village|1
STATE|2|1|0|3|shared?|true
STATE|2|1|0|4|length 0|5.09
STATE|2|1|0|4|hasGrass|true
STATE|2|1|0|4|hasCanola|false
STATE|2|1|0|4|hasFlower|true
STATE|2|1|0|4|soilQuality|5.81
STATE|2|1|0|4|grassCount|6.03
STATE|2|1|0|4|canolaCount|1.74
STATE|2|1|0|4|flowerCount|3.5
STATE|2|1|0|4|predatorCount|3.0
STATE|2|1|0|4|pollinatorCount|0.09
STATE|2|1|0|4|pestCount|4.0
STATE|2|1|0|4|predatorK|3.82
STATE|2|1|0|4|pollinatorK|7.18
STATE|2|1|0|4|pestK|7.0
STATE|2|1|0|4|yield|9.48
STATE|2|1|0|4|canolaPoints|8.71
STATE|2|1|0|4|paymentPoints|2.56
STATE|2|1|0|4|ownedBy|3
STATE|2|1|0|4|village|1
STATE|2|1|0|4|shared?|false
STATE|2|1|0|5|length 0|7.89
STATE|2|1|0|5|hasGrass|true
STATE|2|1|0|5|hasCanola|true
STATE|2|1|0|5|hasFlower|false
STATE|2|1|0|5|soilQuality|3.15
STATE|2|1|0|5|grassCount|9.16
STATE|2|1|0|5|canolaCount|4.14
STATE|2|1|0|5|flowerCount|7.08
STATE|2|1|0|5|predatorCount|0.68
STATE|2|1|0|5|pollinatorCount|8.98
STATE|2|1|0|5|pestCount|9.73
STATE|2|1|0|5|predatorK|9.65
STATE|2|1|0|5|pollinatorK|3.41
STATE|2|1|0|5|pestK|8.33
STATE|2|1|0|5|yield|9.83
STATE|2|1|0|5|canolaPoints|1.07
STATE|2|1|0|5|paymentPoints|0.74
STATE|2|1|0|5|ownedBy|3
STATE|2|1|0|5|village|3
STATE|2|1|0|5|shared?|false
STATE|2|1|0|6|length 0|0.31
STATE|2|1|0|6|hasGrass|false
STATE|2|1|0|6|hasCanola|false
STATE|2|1|0|6|hasFlower|true
STATE|2|1|0|6|soilQuality|1.43
STATE|2|1|0|6|grassCount|5.07
STATE|2|1|0|6|canolaCount|4.98
STATE|2|1|0|6|flowerCount|2.01
STATE|2|1|0|6|predatorCount|9.0
STATE|2|1|0|6|pollinatorCount|7.4
STATE|2|1|0|6|pestCount|1.66
STATE|2|1|0|6|predatorK|6.22
STATE|2|1|0|6|pollinatorK|5.98
STATE|2|1|0|6|pestK|9.38
STATE|2|1|0|6|yield|9.81
STATE|2|1|0|6|canolaPoints|8.9
STATE|2|1|0|6|paymentPoints|0.54
STATE|2|1|0|6|ownedBy|2
STATE|2|1|0|6|village|0
STATE|2|1|0|6|shared?|true
STATE|2|1|0|7|length 0|7.51
STATE|2|1|0|7|hasGrass|true
STATE|2|1|0|7|hasCanola|false
STATE|2|1|0|7|hasFlower|false
STATE|2|1|0|7|soilQuality|6.42
STATE|2|1|0|7|grassCount|9.45
STATE|2|1|0|7|canolaCount|8.69
STATE|2|1|0|7|flowerCount|7.32
STATE|2|1|0|7|predatorCount|6.28
STATE|2|1|0|7|pollinatorCount|5.47
STATE|2|1|0|7|pestCount|5.18
STATE|2|1|0|7|predatorK|0.29
STATE|2|1|0|7|pollinatorK|1.96
STATE|2|1|0|7|pestK|6.89
STATE|2|1|0|7|yield|4.15
STATE|2|1|0|7|canolaPoints|4.51
STATE|2|1|0|7|paymentPoints|8.46
STATE|2|1|0|7|ownedBy|2
STATE|2|1|0|7|village|0
STATE|2|1|0|7|shared?|false
STATE|2|1|1|0|length 0|8.04
STATE|2|1|1|0|hasGrass|false
STATE|2|1|1|0|hasCanola|true
STATE|2|1|1|0|hasFlower|false
STATE|2|1|1|0|soilQuality|4.67
STATE|2|1|1|0|grassCount|5.87
STATE|2|1|1|0|canolaCount|0.86
STATE|2|1|1|0|flowerCount|1.9
STATE|2|1|1|0|predatorCount|2.46
STATE|2|1|1|0|pollinatorCount|7.84
STATE|2|1|1|0|pestCount|7.83
STATE|2|1|1|0|predatorK|3.83
STATE|2|1|1|0|pollinatorK|6.06
STATE|2|1|1|0|pestK|4.41
STATE|2|1|1|0|yield|5.37
STATE|2|1|1|0|canolaPoints|2.67
STATE|2|1|1|0|paymentPoints|3.44
STATE|2|1|1|0|ownedBy|3
STATE|2|1|1|0|village|0
STATE|2|1|1|0|shared?|true
STATE|2|1|1|1|length 0|8.89
STATE|2|1|1|1|hasGrass|false
STATE|2|1|1|1|hasCanola|true
STATE|2|1|1|1|hasFlower|true
STATE|2|1|1|1|soilQuality|0.55
STATE|2|1|1|1|grassCount|9.51
STATE|2|1|1|1|canolaCount|3.96
STATE|2|1|1|1|flowerCount|0.59
STATE|2|1|1|1|predatorCount|7.9
STATE|2|1|1|1|pollinatorCount|2.97
STATE|2|1|1|1|pestCount|7.16
STATE|2|1|1|1|predatorK|1.1
STATE|2|1|1|1|pollinatorK|5.59
STATE|2|1|1|1|pestK|7.52
STATE|2|1|1|1|yield|5.66
STATE|2|1|1|1|canolaPoints|6.81
STATE|2|1|1|1|paymentPoints|1.76
STATE|2|1|1|1|ownedBy|3
STATE|2|1|1|1|village|1
STATE|2|1|1|1|shared?|false
STATE|2|1|1|2|length 0|6.96
STATE|2|1|1|2|hasGrass|false
STATE|2|1|1|2|hasCanola|true
STATE|2|1|1|2|hasFlower|false
STATE|2|1|1|2|soilQuality|7.94
STATE|2|1|1|2|grassCount|0.71
STATE|2|1|1|2|canolaCount|8.13
STATE|2|1|1|2|flowerCount|0.06
STATE|2|1|1|2|predatorCount|6.84
STATE|2|1|1|2|pollinatorCount|6.23
STATE|2|1|1|2|pestCount|2.97
STATE|2|1|1|2|predatorK|0.9
STATE|2|1|1|2|pollinatorK|2.58
STATE|2|1|1|2|pestK|6.25
STATE|2|1|1|2|yield|5.34
STATE|2|1|1|2|canolaPoints|8.13
STATE|2|1|1|2|paymentPoints|1.72
STATE|2|1|1|2|ownedBy|3
STATE|2|1|1|2|village|0
STATE|2|1|1|2|shared?|true
STATE|2|1|1|3|length 0|0.43
STATE|2|1|1|3|hasGrass|true
STATE|2|1|1|3|hasCanola|true
STATE|2|1|1|3|hasFlower|true
STATE|2|1|1|3|soilQuality|0.38
STATE|2|1|1|3|grassCount|9.76
STATE|2|1|1|3|canolaCount|3.6
STATE|2|1|1|3|flowerCount|7.57
STATE|2|1|1|3|predatorCount|4.22
STATE|2|1|1|3|pollinatorCount|5.11
STATE|2|1|1|3|pestCount|2.52
STATE|2|1|1|3|predatorK|9.45
STATE|2|1|1|3|pollinatorK|2.11
STATE|2|1|1|3|pestK|9.6
STATE|2|1|1|3|yield|7.8
STATE|2|1|1|3|canolaPoints|8.64
STATE|2|1|1|3|paymentPoints|0.97
STATE|2|1|1|3|ownedBy|3
STATE|2|1|1|3|village|3
STATE|2|1|1|3|shared?|false
STATE|2|1|1|4|length 0|5.67
STATE|2|1|1|4|hasGrass|true
STATE|2|1|1|4|hasCanola|false
STATE|2|1|1|4|hasFlower|false
STATE|2|1|1|4|soilQuality|9.52
STATE|2|1|1|4|grassCount|1.41
STATE|2|1|1|4|canolaCount|5.3
STATE|2|1|1|4|flowerCount|7.0
STATE|2|1|1|4|predatorCount|1.83
STATE|2|1|1|4|pollinatorCount|8.91
STATE|2|1|1|4|pestCount|7.52
STATE|2|1|1|4|predatorK|1.21
STATE|2|1|1|4|pollinatorK|2.97
STATE|2|1|1|4|pestK|6.81
STATE|2|1|1|4|yield|8.82
STATE|2|1|1|4|canolaPoints|9.98
STATE|2|1|1|4|paymentPoints|2.76
STATE|2|1|1|4|ownedBy|1
STATE|2|1|1|4|village|3
STATE|2|1|1|4|shared?|true
STATE|2|1|1|5|length 0|2.54
STATE|2|1|1|5|hasGrass|false
STATE|2|1|1|5|hasCanola|true
STATE|2|1|1|5|hasFlower|true
STATE|2|1|1|5|soilQuality|6.01
STATE|2|1|1|5|grassCount|8.47
STATE|2|1|1|5|canolaCount|2.84
STATE|2|1|1|5|flowerCount|3.32
STATE|2|1|1|5|predatorCount|4.42
STATE|2|1|1|5|pollinatorCount|2.04
STATE|2|1|1|5|pestCount|6.17
STATE|2|1|1|5|predatorK|3.96
STATE|2|1|1|5|pollinatorK|0.23
STATE|2|1|1|5|pestK|3.58
STATE|2|1|1|5|yield|3.64
STATE|2|1|1|5|canolaPoints|1.15
STATE|2|1|1|5|paymentPoints|8.24
STATE|2|1|1|5|ownedBy|3
STATE|2|1|1|5|village|3
STATE|2|1|1|5|shared?|false
STATE|2|1|1|6|length 0|6.85
STATE|2|1|1|6|hasGrass|true
STATE|2|1|1|6|hasCanola|false
STATE|2|1|1|6|hasFlower|true
STATE|2|1|1|6|soilQuality|7.5
STATE|2|1|1|6|grassCount|8.78
STATE|2|1|1|6|canolaCount|1.19
STATE|2|1|1|6|flowerCount|6.21
STATE|2|1|1|6|predatorCount|8.15
STATE|2|1|1|6|pollinatorCount|6.27
STATE|2|1|1|6|pestCount|2.33
STATE|2|1|1|6|predatorK|9.85
STATE|2|1|1|6|pollinatorK|3.79
STATE|2|1|1|6|pestK|6.4
STATE|2|1|1|6|yield|3.84
STATE|2|1|1|6|canolaPoints|8.96
STATE|2|1|1|6|paymentPoints|7.03
STATE|2|1|1|6|ownedBy|0
STATE|2|1|1|6|village|2
STATE|2|1|1|6|shared?|true
STATE|2|1|1|7|length 0|8.37
STATE|2|1|1|7|hasGrass|false
STATE|2|1|1|7|hasCanola|false
STATE|2|1|1|7|hasFlower|false
STATE|2|1|1|7|soilQuality|5.45
STATE|2|1|1|7|grassCount|5.76
STATE|2|1|1|7|canolaCount|5.07
STATE|2|1|1|7|flowerCount|5.89
STATE|2|1|1|7|predatorCount|5.42
STATE|2|1|1|7|pollinatorCount|2.23
STATE|2|1|1|7|pestCount|6.08
STATE|2|1|1|7|predatorK|5.7
STATE|2|1|1|7|pollinatorK|7.4
STATE|2|1|1|7|pestK|1.71
STATE|2|1|1|7|yield|4.34
STATE|2|1|1|7|canolaPoints|7.08
STATE|2|1|1|7|paymentPoints|0.97
STATE|2|1|1|7|ownedBy|3
STATE|2|1|1|7|village|3
STATE|2|1|1|7|shared?|true
STATE|2|1|2|0|length 0|9.22
STATE|2|1|2|0|hasGrass|true
STATE|2|1|2|0|hasCanola|true
STATE|2|1|2|0|hasFlower|false
STATE|2|1|2|0|soilQuality|3.13
STATE|2|1|2|0|grassCount|7.78
STATE|2|1|2|0|canolaCount|9.08
STATE|2|1|2|0|flowerCount|6.26
STATE|2|1|2|0|predatorCount|5.83
STATE|2|1|2|0|pollinatorCount|0.65
STATE|2|1|2|0|pestCount|5.4
STATE|2|1|2|0|predatorK|0.7
STATE|2|1|2|0|pollinatorK|7.33
STATE|2|1|2|0|pestK|8.12
STATE|2|1|2|0|yield|2.62
STATE|2|1|2|0|canolaPoints|4.0
STATE|2|1|2|0|paymentPoints|0.31
STATE|2|1|2|0|ownedBy|3
STATE|2|1|2|0|village|1
STATE|2|1|2|0|shared?|true
STATE|2|1|2|1|length 0|6.78
STATE|2|1|2|1|hasGrass|true
STATE|2|1|2|1|hasCanola|true
STATE|2|1|2|1|hasFlower|false
STATE|2|1|2|1|soilQuality|8.9
STATE|2|1|2|1|grassCount|8.92
STATE|2|1|2|1|canolaCount|6.73
STATE|2|1|2|1|flowerCount|6.42
STATE|2|1|2|1|predatorCount|1.57
STATE|2|1|2|1|pollinatorCount|9.98
STATE|2|1|2|1|pestCount|3.28
STATE|2|1|2|1|predatorK|6.38
STATE|2|1|2|1|pollinatorK|0.26
STATE|2|1|2|1|pestK|3.16
STATE|2|1|2|1|yield|5.23
STATE|2|1|2|1|canolaPoints|4.74
STATE|2|1|2|1|paymentPoints|4.13
STATE|2|1|2|1|ownedBy|2
STATE|2|1|2|1|village|0
STATE|2|1|2|1|shared?|true
STATE|2|1|2|2|length 0|6.46
STATE|2|1|2|2|hasGrass|true
STATE|2|1|2|2|hasCanola|true
STATE|2|1|2|2|hasFlower|true
STATE|2|1|2|2|soilQuality|6.7
STATE|2|1|2|2|grassCount|7.44
STATE|2|1|2|2|canolaCount|4.16
STATE|2|1|2|2|flowerCount|1.16
STATE|2|1|2|2|predatorCount|6.26
STATE|2|1|2|2|pollinatorCount|6.0
STATE|2|1|2|2|pestCount|4.84
STATE|2|1|2|2|predatorK|9.7
STATE|2|1|2|2|pollinatorK|3.66
STATE|2|1|2|2|pestK|5.23
STATE|2|1|2|2|yield|0.3
STATE|2|1|2|2|canolaPoints|1.33
STATE|2|1|2|2|paymentPoints|1.94
STATE|2|1|2|2|ownedBy|0
STATE|2|1|2|2|village|0
STATE|2|1|2|2|shared?|true
STATE|2|1|2|3|length 0|2.05
STATE|2|1|2|3|hasGrass|false
STATE|2|1|2|3|hasCanola|true
STATE|2|1|2|3|hasFlower|true
STATE|2|1|2|3|soilQuality|1.62
STATE|2|1|2|3|grassCount|0.07
STATE|2|1|2|3|canolaCount|0.56
STATE|2|1|2|3|flowerCount|6.49
STATE|2|1|2|3|predatorCount|3.01
STATE|2|1|2|3|pollinatorCount|1.02
STATE|2|1|2|3|pestCount|9.82
STATE|2|1|2|3|predatorK|1.73
STATE|2|1|2|3|pollinatorK|2.56
STATE|2|1|2|3|pestK|3.45
STATE|2|1|2|3|yield|1.66
STATE|2|1|2|3|canolaPoints|6.73
STATE|2|1|2|3|paymentPoints|4.51
STATE|2|1|2|3|ownedBy|3
STATE|2|1|2|3|village|2
STATE|2|1|2|3|shared?|false
STATE|2|1|2|4|length 0|7.55
STATE|2|1|2|4|hasGrass|false
STATE|2|1|2|4|hasCanola|false
STATE|2|1|2|4|hasFlower|false
STATE|2|1|2|4|soilQuality|2.31
STATE|2|1|2|4|grassCount|1.4
STATE|2|1|2|4|canolaCount|1.46
STATE|2|1|2|4|flowerCount|1.04
STATE|2|1|2|4|predatorCount|3.9
STATE|2|1|2|4|pollinatorCount|6.08
STATE|2|1|2|4|pestCount|2.09
STATE|2|1|2|4|predatorK|0.81
STATE|2|1|2|4|pollinatorK|3.37
STATE|2|1|2|4|pestK|4.58
STATE|2|1|2|4|yield|8.8
STATE|2|1|2|4|canolaPoints|8.91
STATE|2|1|2|4|paymentPoints|8.22
STATE|2|1|2|4|ownedBy|1
STATE|2|1|2|4|village|0
STATE|2|1|2|4|shared?|false
STATE|2|1|2|5|length 0|2.81
STATE|2|1|2|5|hasGrass|false
STATE|2|1|2|5|hasCanola|false
STATE|2|1|2|5|hasFlower|true
STATE|2|1|2|5|soilQuality|5.41
STATE|2|1|2|5|grassCount|2.63
STATE|2|1|2|5|canolaCount|7.97
STATE|2|1|2|5|flowerCount|2.35
STATE|2|1|2|5|predatorCount|7.82
STATE|2|1|2|5|pollinatorCount|1.88
STATE|2|1|2|5|pestCount|0.09
STATE|2|1|2|5|predatorK|4.39
STATE|2|1|2|5|pollinatorK|8.82
STATE|2|1|2|5|pestK|6.35
STATE|2|1|2|5|yield|2.52
STATE|2|1|2|5|canolaPoints|5.06
STATE|2|1|2|5|paymentPoints|3.31
STATE|2|1|2|5|ownedBy|3
STATE|2|1|2|5|village|1
STATE|2|1|2|5|shared?|false
STATE|2|1|2|6|length 0|6.02
STATE|2|1|2|6|hasGrass|false
STATE|2|1|2|6|hasCanola|false
STATE|2|1|2|6|hasFlower|false
STATE|2|1|2|6|soilQuality|9.1
STATE|2|1|2|6|grassCount|7.36
STATE|2|1|2|6|canolaCount|5.01
STATE|2|1|2|6|flowerCount|6.13
STATE|2|1|2|6|predatorCount|5.43
STATE|2|1|2|6|pollinatorCount|5.34
STATE|2|1|2|6|pestCount|5.1
STATE|2|1|2|6|predatorK|7.25
STATE|2|1|2|6|pollinatorK|5.54
STATE|2|1|2|6|pestK|3.25
STATE|2|1|2|6|yield|1.74
STATE|2|1|2|6|canolaPoints|2.07
STATE|2|1|2|6|paymentPoints|5.78
STATE|2|1|2|6|ownedBy|3
STATE|2|1|2|6|village|0
STATE|2|1|2|6|shared?|false
STATE|2|1|2|7|length 0|4.73
STATE|2|1|2|7|hasGrass|true
STATE|2|1|2|7|hasCanola|true
STATE|2|1|2|7|hasFlower|false
STATE|2|1|2|7|soilQuality|0.66
STATE|2|1|2|7|grassCount|6.24
STATE|2|1|2|7|canolaCount|7.16
STATE|2|1|2|7|flowerCount|0.2
STATE|2|1|2|7|predatorCount|1.47
STATE|2|1|2|7|pollinatorCount|2.41
STATE|2|1|2|7|pestCount|4.38
STATE|2|1|2|7|predatorK|8.5
STATE|2|1|2|7|pollinatorK|7.99
STATE|2|1|2|7|pestK|3.89
STATE|2|1|2|7|yield|0.12
STATE|2|1|2|7|canolaPoints|5.41
STATE|2|1|2|7|paymentPoints|1.95
STATE|2|1|2|7|ownedBy|1
STATE|2|1|2|7|village|0
STATE|2|1|2|7|shared?|false
STATE|2|1|3|0|length 0|2.88
STATE|2|1|3|0|hasGrass|true
STATE|2|1|3|0|hasCanola|false
STATE|2|1|3|0|hasFlower|false
STATE|2|1|3|0|soilQuality|0.61
STATE|2|1|3|0|grassCount|5.9
STATE|2|1|3|0|canolaCount|6.62
STATE|2|1|3|0|flowerCount|1.26
STATE|2|1|3|0|predatorCount|1.02
STATE|2|1|3|0|pollinatorCount|3.33
STATE|2|1|3|0|pestCount|3.39
STATE|2|1|3|0|predatorK|6.98
STATE|2|1|3|0|pollinatorK|9.69
STATE|2|1|3|0|pestK|6.62
STATE|2|1|3|0|yield|4.3
STATE|2|1|3|0|canolaPoints|9.97
STATE|2|1|3|0|paymentPoints|9.34
STATE|2|1|3|0|ownedBy|2
STATE|2|1|3|0|village|2
STATE|2|1|3|0|shared?|true
STATE|2|1|3|1|length 0|8.11
STATE|2|1|3|1|hasGrass|true
STATE|2|1|3|1|hasCanola|false
STATE|2|1|3|1|hasFlower|true
STATE|2|1|3|1|soilQuality|1.05
STATE|2|1|3|1|grassCount|0.81
STATE|2|1|3|1|canolaCount|7.43
STATE|2|1|3|1|flowerCount|4.22
STATE|2|1|3|1|predatorCount|1.36
STATE|2|1|3|1|pollinatorCount|2.95
STATE|2|1|3|1|pestCount|7.47
STATE|2|1|3|1|predatorK|5.63
STATE|2|1|3|1|pollinatorK|6.42
STATE|2|1|3|1|pestK|6.89
STATE|2|1|3|1|yield|0.91
STATE|2|1|3|1|canolaPoints|9.37
STATE|2|1|3|1|paymentPoints|0.27
STATE|2|1|3|1|ownedBy|3
STATE|2|1|3|1|village|2
STATE|2|1|3|1|shared?|false
STATE|2|1|3|2|length 0|3.46
STATE|2|1|3|2|hasGrass|true
STATE|2|1|3|2|hasCanola|true
STATE|2|1|3|2|hasFlower|true
STATE|2|1|3|2|soilQuality|1.14
STATE|2|1|3|2|grassCount|1.7
STATE|2|1|3|2|canolaCount|8.2
STATE|2|1|3|2|flowerCount|5.38
STATE|2|1|3|2|predatorCount|8.59
STATE|2|1|3|2|pollinatorCount|9.86
STATE|2|1|3|2|pestCount|4.4
STATE|2|1|3|2|predatorK|1.77
STATE|2|1|3|2|pollinatorK|8.96
STATE|2|1|3|2|pestK|1.13
STATE|2|1|3|2|yield|5.14
STATE|2|1|3|2|canolaPoints|8.45
STATE|2|1|3|2|paymentPoints|1.25
STATE|2|1|3|2|ownedBy|1
STATE|2|1|3|2|village|3
STATE|2|1|3|2|shared?|false
STATE|2|1|3|3|length 0|2.86
STATE|2|1|3|3|hasGrass|true
STATE|2|1|3|3|hasCanola|true
STATE|2|1|3|3|hasFlower|true
STATE|2|1|3|3|soilQuality|1.19
STATE|2|1|3|3|grassCount|9.31
STATE|2|1|3|3|canolaCount|8.53
STATE|2|1|3|3|flowerCount|3.36
STATE|2|1|3|3|predatorCount|7.11
STATE|2|1|3|3|pollinatorCount|8.65
STATE|2|1|3|3|pestCount|7.9
STATE|2|1|3|3|predatorK|0.73
STATE|2|1|3|3|pollinatorK|0.67
STATE|2|1|3|3|pestK|5.06
STATE|2|1|3|3|yield|1.83
STATE|2|1|3|3|canolaPoints|9.97
STATE|2|1|3|3|paymentPoints|1.18
STATE|2|1|3|3|ownedBy|3
STATE|2|1|3|3|village|3
STATE|2|1|3|3|shared?|false
STATE|2|1|3|4|length 0|3.52
STATE|2|1|3|4|hasGrass|true
STATE|2|1|3|4|hasCanola|false
STATE|2|1|3|4|hasFlower|true
STATE|2|1|3|4|soilQuality|5.84
STATE|2|1|3|4|grassCount|7.27
STATE|2|1|3|4|canolaCount|6.28
STATE|2|1|3|4|flowerCount|0.26
STATE|2|1|3|4|predatorCount|0.82
STATE|2|1|3|4|pollinatorCount|6.42
STATE|2|1|3|4|pestCount|7.86
STATE|2|1|3|4|predatorK|6.33
STATE|2|1|3|4|pollinatorK|9.85
STATE|2|1|3|4|pestK|7.0
STATE|2|1|3|4|yield|4.26
STATE|2|1|3|4|canolaPoints|9.57
STATE|2|1|3|4|paymentPoints|2.38
STATE|2|1|3|4|ownedBy|0
STATE|2|1|3|4|village|3
STATE|2|1|3|4|shared?|true
STATE|2|1|3|5|length 0|0.28
STATE|2|1|3|5|hasGrass|false
STATE|2|1|3|5|hasCanola|false
STATE|2|1|3|5|hasFlower|true
STATE|2|1|3|5|soilQuality|6.11
STATE|2|1|3|5|grassCount|4.69
STATE|2|1|3|5|canolaCount|6.99
STATE|2|1|3|5|flowerCount|7.9
STATE|2|1|3|5|predatorCount|7.99
STATE|2|1|3|5|pollinatorCount|6.84
STATE|2|1|3|5|pestCount|1.0
STATE|2|1|3|5|predatorK|5.74
STATE|2|1|3|5|pollinatorK|6.67
STATE|2|1|3|5|pestK|1.95
STATE|2|1|3|5|yield|3.72
STATE|2|1|3|5|canolaPoints|5.21
STATE|2|1|3|5|paymentPoints|2.71
STATE|2|1|3|5|ownedBy|0
STATE|2|1|3|5|village|1
STATE|2|1|3|5|shared?|true
STATE|2|1|3|6|length 0|4.14
STATE|2|1|3|6|hasGrass|false
STATE|2|1|3|6|hasCanola|false
STATE|2|1|3|6|hasFlower|false
STATE|2|1|3|6|soilQuality|8.93
STATE|2|1|3|6|grassCount|9.83
STATE|2|1|3|6|canolaCount|5.12
STATE|2|1|3|6|flowerCount|6.19
STATE|2|1|3|6|predatorCount|0.29
STATE|2|1|3|6|pollinatorCount|7.21
STATE|2|1|3|6|pestCount|8.36
STATE|2|1|3|6|predatorK|3.46
STATE|2|1|3|6|pollinatorK|6.1
STATE|2|1|3|6|pestK|0.96
STATE|2|1|3|6|yield|9.37
STATE|2|1|3|6|canolaPoints|4.29
STATE|2|1|3|6|paymentPoints|4.58
STATE|2|1|3|6|ownedBy|0
STATE|2|1|3|6|village|1
STATE|2|1|3|6|shared?|false
STATE|2|1|3|7|length 0|4.12
STATE|2|1|3|7|hasGrass|false
STATE|2|1|3|7|hasCanola|true
STATE|2|1|3|7|hasFlower|false
STATE|2|1|3|7|soilQuality|6.2
STATE|2|1|3|7|grassCount|8.46
STATE|2|1|3|7|canolaCount|0.18
STATE|2|1|3|7|flowerCount|5.04
STATE|2|1|3|7|predatorCount|9.69
STATE|2|1|3|7|pollinatorCount|0.24
STATE|2|1|3|7|pestCount|6.25
STATE|2|1|3|7|predatorK|3.76
STATE|2|1|3|7|pollinatorK|1.16
STATE|2|1|3|7|pestK|3.0
STATE|2|1|3|7|yield|9.63
STATE|2|1|3|7|canolaPoints|2.14
STATE|2|1|3|7|paymentPoints|4.75
STATE|2|1|3|7|ownedBy|0
STATE|2|1|3|7|village|0
STATE|2|1|3|7|shared?|false
STATE|2|1|4|0|length 0|1.09
STATE|2|1|4|0|hasGrass|true
STATE|2|1|4|0|hasCanola|true
STATE|2|1|4|0|hasFlower|true
STATE|2|1|4|0|soilQuality|2.04
STATE|2|1|4|0|grassCount|5.15
STATE|2|1|4|0|canolaCount|1.52
STATE|2|1|4|0|flowerCount|5.45
STATE|2|1|4|0|predatorCount|0.07
STATE|2|1|4|0|pollinatorCount|8.87
STATE|2|1|4|0|pestCount|4.32
STATE|2|1|4|0|predatorK|9.31
STATE|2|1|4|0|pollinatorK|6.27
STATE|2|1|4|0|pestK|5.25
STATE|2|1|4|0|yield|4.38
STATE|2|1|4|0|canolaPoints|6.5
STATE|2|1|4|0|paymentPoints|4.08
STATE|2|1|4|0|ownedBy|2
STATE|2|1|4|0|village|0
STATE|2|1|4|0|shared?|true
STATE|2|1|4|1|length 0|8.59
STATE|2|1|4|1|hasGrass|false
STATE|2|1|4|1|hasCanola|true
STATE|2|1|4|1|hasFlower|true
STATE|2|1|4|1|soilQuality|0.58
STATE|2|1|4|1|grassCount|8.37
STATE|2|1|4|1|canolaCount|0.81
STATE|2|1|4|1|flowerCount|8.37
STATE|2|1|4|1|predatorCount|7.95
STATE|2|1|4|1|pollinatorCount|9.87
STATE|2|1|4|1|pestCount|1.12
STATE|2|1|4|1|predatorK|8.1
STATE|2|1|4|1|pollinatorK|0.83
STATE|2|1|4|1|pestK|1.11
STATE|2|1|4|1|yield|8.46
STATE|2|1|4|1|canolaPoints|1.41
STATE|2|1|4|1|paymentPoints|7.37
STATE|2|1|4|1|ownedBy|3
STATE|2|1|4|1|village|2
STATE|2|1|4|1|shared?|false
STATE|2|1|4|2|length 0|4.52
STATE|2|1|4|2|hasGrass|false
STATE|2|1|4|2|hasCanola|true
STATE|2|1|4|2|hasFlower|false
STATE|2|1|4|2|soilQuality|8.75
STATE|2|1|4|2|grassCount|5.14
STATE|2|1|4|2|canolaCount|1.75
STATE|2|1|4|2|flowerCount|7.39
STATE|2|1|4|2|predatorCount|9.0
STATE|2|1|4|2|pollinatorCount|9.4
STATE|2|1|4|2|pestCount|1.24
STATE|2|1|4|2|predatorK|5.98
STATE|2|1|4|2|pollinatorK|4.97
STATE|2|1|4|2|pestK|7.62
STATE|2|1|4|2|yield|7.41
STATE|2|1|4|2|canolaPoints|3.58
STATE|2|1|4|2|paymentPoints|0.92
STATE|2|1|4|2|ownedBy|1
STATE|2|1|4|2|village|3
STATE|2|1|4|2|shared?|false
STATE|2|1|4|3|length 0|2.5
STATE|2|1|4|3|hasGrass|false
STATE|2|1|4|3|hasCanola|false
STATE|2|1|4|3|hasFlower|true
STATE|2|1|4|3|soilQuality|0.15
STATE|2|1|4|3|grassCount|9.12
STATE|2|1|4|3|canolaCount|1.72
STATE|2|1|4|3|flowerCount|8.71
STATE|2|1|4|3|predatorCount|9.47
STATE|2|1|4|3|pollinatorCount|4.2
STATE|2|1|4|3|pestCount|5.28
STATE|2|1|4|3|predatorK|0.73
STATE|2|1|4|3|pollinatorK|0.77
STATE|2|1|4|3|pestK|8.51
STATE|2|1|4|3|yield|6.23
STATE|2|1|4|3|canolaPoints|2.59
STATE|2|1|4|3|paymentPoints|1.92
STATE|2|1|4|3|ownedBy|0
STATE|2|1|4|3|village|3
STATE|2|1|4|3|shared?|false
STATE|2|1|4|4|length 0|2.72
STATE|2|1|4|4|hasGrass|true
STATE|2|1|4|4|hasCanola|false
STATE|2|1|4|4|hasFlower|true
STATE|2|1|4|4|soilQuality|1.69
STATE|2|1|4|4|grassCount|5.66
STATE|2|1|4|4|canolaCount|3.67
STATE|2|1|4|4|flowerCount|5.26
STATE|2|1|4|4|predatorCount|4.58
STATE|2|1|4|4|pollinatorCount|5.41
STATE|2|1|4|4|pestCount|2.67
STATE|2|1|4|4|predatorK|5.02
STATE|2|1|4|4|pollinatorK|9.56
STATE|2|1|4|4|pestK|2.11
STATE|2|1|4|4|yield|4.19
STATE|2|1|4|4|canolaPoints|4.62
STATE|2|1|4|4|paymentPoints|4.5
STATE|2|1|4|4|ownedBy|1
STATE|2|1|4|4|village|3
STATE|2|1|4|4|shared?|false
STATE|2|1|4|5|length 0|9.33
STATE|2|1|4|5|hasGrass|true
STATE|2|1|4|5|hasCanola|true
STATE|2|1|4|5|hasFlower|false
STATE|2|1|4|5|soilQuality|0.01
STATE|2|1|4|5|grassCount|6.93
STATE|2|1|4|5|canolaCount|3.68
STATE|2|1|4|5|flowerCount|5.05
STATE|2|1|4|5|predatorCount|7.27
STATE|2|1|4|5|pollinatorCount|2.56
STATE|2|1|4|5|pestCount|0.66
STATE|2|1|4|5|predatorK|6.39
STATE|2|1|4|5|pollinatorK|9.87
STATE|2|1|4|5|pestK|4.55
STATE|2|1|4|5|yield|9.36
STATE|2|1|4|5|canolaPoints|5.14
STATE|2|1|4|5|paymentPoints|6.79
STATE|2|1|4|5|ownedBy|3
STATE|2|1|4|5|village|1
STATE|2|1|4|5|shared?|false
STATE|2|1|4|6|length 0|6.51
STATE|2|1|4|6|hasGrass|false
STATE|2|1|4|6|hasCanola|false
STATE|2|1|4|6|hasFlower|true
STATE|2|1|4|6|soilQuality|8.83
STATE|2|1|4|6|grassCount|6.09
STATE|2|1|4|6|canolaCount|5.02
STATE|2|1|4|6|flowerCount|6.31
STATE|2|1|4|6|predatorCount|3.45
STATE|2|1|4|6|pollinatorCount|2.4
STATE|2|1|4|6|pestCount|9.14
STATE|2|1|4|6|predatorK|2.12
STATE|2|1|4|6|pollinatorK|3.58
STATE|2|1|4|6|pestK|5.92
STATE|2|1|4|6|yield|4.96
STATE|2|1|4|6|canolaPoints|0.92
STATE|2|1|4|6|paymentPoints|2.72
STATE|2|1|4|6|ownedBy|3
STATE|2|1|4|6|village|0
STATE|2|1|4|6|shared?|true
STATE|2|1|4|7|length 0|7.73
STATE|2|1|4|7|hasGrass|true
STATE|2|1|4|7|hasCanola|false
STATE|2|1|4|7|hasFlower|true
STATE|2|1|4|7|soilQuality|9.69
STATE|2|1|4|7|grassCount|2.38
STATE|2|1|4|7|canolaCount|1.31
STATE|2|1|4|7|flowerCount|3.14
STATE|2|1|4|7|predatorCount|1.63
STATE|2|1|4|7|pollinatorCount|7.85
STATE|2|1|4|7|pestCount|3.25
STATE|2|1|4|7|predatorK|6.94
STATE|2|1|4|7|pollinatorK|6.98
STATE|2|1|4|7|pestK|3.01
STATE|2|1|4|7|yield|5.48
STATE|2|1|4|7|canolaPoints|3.25
STATE|2|1|4|7|paymentPoints|4.59
STATE|2|1|4|7|ownedBy|0
STATE|2|1|4|7|village|3
STATE|2|1|4|7|shared?|false
STATE|2|1|5|0|length 0|4.91
STATE|2|1|5|0|hasGrass|true
STATE|2|1|5|0|hasCanola|false
STATE|2|1|5|0|hasFlower|false
STATE|2|1|5|0|soilQuality|1.45
STATE|2|1|5|0|grassCount|9.22
STATE|2|1|5|0|canolaCount|3.17
STATE|2|1|5|0|flowerCount|5.98
STATE|2|1|5|0|predatorCount|7.04
STATE|2|1|5|0|pollinatorCount|7.28
STATE|2|1|5|0|pestCount|3.33
STATE|2|1|5|0|predatorK|5.57
STATE|2|1|5|0|pollinatorK|6.87
STATE|2|1|5|0|pestK|7.52
STATE|2|1|5|0|yield|6.69
STATE|2|1|5|0|canolaPoints|6.3
STATE|2|1|5|0|paymentPoints|4.78
STATE|2|1|5|0|ownedBy|2
STATE|2|1|5|0|village|0
STATE|2|1|5|0|shared?|true
STATE|2|1|5|1|length 0|6.53
STATE|2|1|5|1|hasGrass|false
STATE|2|1|5|1|hasCanola|true
STATE|2|1|5|1|hasFlower|true
STATE|2|1|5|1|soilQuality|9.19
STATE|2|1|5|1|grassCount|3.2
STATE|2|1|5|1|canolaCount|1.43
STATE|2|1|5|1|flowerCount|0.53
STATE|2|1|5|1|predatorCount|5.21
STATE|2|1|5|1|pollinatorCount|1.68
STATE|2|1|5|1|pestCount|8.67
STATE|2|1|5|1|predatorK|4.11
STATE|2|1|5|1|pollinatorK|8.35
STATE|2|1|5|1|pestK|9.17
STATE|2|1|5|1|yield|4.27
STATE|2|1|5|1|canolaPoints|0.73
STATE|2|1|5|1|paymentPoints|7.97
STATE|2|1|5|1|ownedBy|0
STATE|2|1|5|1|village|0
STATE|2|1|5|1|shared?|false
STATE|2|1|5|2|length 0|0.0
STATE|2|1|5|2|hasGrass|true
STATE|2|1|5|2|hasCanola|true
STATE|2|1|5|2|hasFlower|false
STATE|2|1|5|2|soilQuality|2.66
STATE|2|1|5|2|grassCount|9.56
STATE|2|1|5|2|canolaCount|8.87
STATE|2|1|5|2|flowerCount|8.33
STATE|2|1|5|2|predatorCount|2.4
STATE|2|1|5|2|pollinatorCount|8.38
STATE|2|1|5|2|pestCount|7.31
STATE|2|1|5|2|predatorK|7.29
STATE|2|1|5|2|pollinatorK|7.98
STATE|2|1|5|2|pestK|1.91
STATE|2|1|5|2|yield|5.35
STATE|2|1|5|2|canolaPoints|2.68
STATE|2|1|5|2|paymentPoints|7.7
STATE|2|1|5|2|ownedBy|3
STATE|2|1|5|2|village|3
STATE|2|1|5|2|shared?|true
STATE|2|1|5|3|length 0|7.17
STATE|2|1|5|3|hasGrass|true
STATE|2|1|5|3|hasCanola|false
STATE|2|1|5|3|hasFlower|false
STATE|2|1|5|3|soilQuality|6.95
STATE|2|1|5|3|grassCount|3.52
STATE|2|1|5|3|canolaCount|6.93
STATE|2|1|5|3|flowerCount|2.11
STATE|2|1|5|3|predatorCount|7.7
STATE|2|1|5|3|pollinatorCount|7.99
STATE|2|1|5|3|pestCount|5.94
STATE|2|1|5|3|predatorK|7.52
STATE|2|1|5|3|pollinatorK|6.93
STATE|2|1|5|3|pestK|7.69
STATE|2|1|5|3|yield|9.03
STATE|2|1|5|3|canolaPoints|7.6
STATE|2|1|5|3|paymentPoints|9.11
STATE|2|1|5|3|ownedBy|3
STATE|2|1|5|3|village|3
STATE|2|1|5|3|shared?|true
STATE|2|1|5|4|length 0|2.0
STATE|2|1|5|4|hasGrass|false
STATE|2|1|5|4|hasCanola|true
STATE|2|1|5|4|hasFlower|false
STATE|2|1|5|4|soilQuality|7.18
STATE|2|1|5|4|grassCount|1.4
STATE|2|1|5|4|canolaCount|8.86
STATE|2|1|5|4|flowerCount|7.16
STATE|2|1|5|4|predatorCount|2.17
STATE|2|1|5|4|pollinatorCount|3.44
STATE|2|1|5|4|pestCount|6.8
STATE|2|1|5|4|predatorK|6.25
STATE|2|1|5|4|pollinatorK|5.83
STATE|2|1|5|4|pestK|8.54
STATE|2|1|5|4|yield|3.18
STATE|2|1|5|4|canolaPoints|8.56
STATE|2|1|5|4|paymentPoints|9.65
STATE|2|1|5|4|ownedBy|3
STATE|2|1|5|4|village|2
STATE|2|1|5|4|shared?|false
STATE|2|1|5|5|length 0|6.12
STATE|2|1|5|5|hasGrass|false
STATE|2|1|5|5|hasCanola|false
STATE|2|1|5|5|hasFlower|false
STATE|2|1|5|5|soilQuality|7.06
STATE|2|1|5|5|grassCount|5.21
STATE|2|1|5|5|canolaCount|0.15
STATE|2|1|5|5|flowerCount|4.45
STATE|2|1|5|5|predatorCount|2.25
STATE|2|1|5|5|pollinatorCount|4.44
STATE|2|1|5|5|pestCount|6.31
STATE|2|1|5|5|predatorK|5.79
STATE|2|1|5|5|pollinatorK|8.95
STATE|2|1|5|5|pestK|2.21
STATE|2|1|5|5|yield|9.49
STATE|2|1|5|5|canolaPoints|3.29
STATE|2|1|5|5|paymentPoints|0.58
STATE|2|1|5|5|ownedBy|3
STATE|2|1|5|5|village|3
STATE|2|1|5|5|shared?|false
STATE|2|1|5|6|length 0|5.45
STATE|2|1|5|6|hasGrass|false
STATE|2|1|5|6|hasCanola|true
STATE|2|1|5|6|hasFlower|true
STATE|2|1|5|6|soilQuality|8.81
STATE|2|1|5|6|grassCount|7.37
STATE|2|1|5|6|canolaCount|4.25
STATE|2|1|5|6|flowerCount|1.1
STATE|2|1|5|6|predatorCount|2.54
STATE|2|1|5|6|pollinatorCount|2.14
STATE|2|1|5|6|pestCount|8.9
STATE|2|1|5|6|predatorK|8.09
STATE|2|1|5|6|pollinatorK|5.97
STATE|2|1|5|6|pestK|4.93
STATE|2|1|5|6|yield|6.41
STATE|2|1|5|6|canolaPoints|3.88
STATE|2|1|5|6|paymentPoints|8.22
STATE|2|1|5|6|ownedBy|2
STATE|2|1|5|6|village|3
STATE|2|1|5|6|shared?|true
STATE|2|1|5|7|length 0|5.71
STATE|2|1|5|7|hasGrass|true
STATE|2|1|5|7|hasCanola|false
STATE|2|1|5|7|hasFlower|false
STATE|2|1|5|7|soilQuality|3.18
STATE|2|1|5|7|grassCount|9.06
STATE|2|1|5|7|canolaCount|2.63
STATE|2|1|5|7|flowerCount|7.42
STATE|2|1|5|7|predatorCount|9.98
STATE|2|1|5|7|pollinatorCount|4.14
STATE|2|1|5|7|pestCount|6.21
STATE|2|1|5|7|predatorK|0.06
STATE|2|1|5|7|pollinatorK|1.7
STATE|2|1|5|7|pestK|7.73
STATE|2|1|5|7|yield|0.87
STATE|2|1|5|7|canolaPoints|8.0
STATE|2|1|5|7|paymentPoints|5.91
STATE|2|1|5|7|ownedBy|0
STATE|2|1|5|7|village|3
STATE|2|1|5|7|shared?|false
STATE|2|1|6|0|length 0|8.33
STATE|2|1|6|0|hasGrass|true
STATE|2|1|6|0|hasCanola|true
STATE|2|1|6|0|hasFlower|true
STATE|2|1|6|0|soilQuality|1.39
STATE|2|1|6|0|grassCount|4.86
STATE|2|1|6|0|canolaCount|1.24
STATE|2|1|6|0|flowerCount|7.54
STATE|2|1|6|0|predatorCount|6.95
STATE|2|1|6|0|pollinatorCount|3.32
STATE|2|1|6|0|pestCount|5.68
STATE|2|1|6|0|predatorK|6.26
STATE|2|1|6|0|pollinatorK|6.44
STATE|2|1|6|0|pestK|6.35
STATE|2|1|6|0|yield|2.45
STATE|2|1|6|0|canolaPoints|7.11
STATE|2|1|6|0|paymentPoints|5.33
STATE|2|1|6|0|ownedBy|3
STATE|2|1|6|0|village|1
STATE|2|1|6|0|shared?|true
STATE|2|1|6|1|length 0|4.63
STATE|2|1|6|1|hasGrass|false
STATE|2|1|6|1|hasCanola|true
STATE|2|1|6|1|hasFlower|false
STATE|2|1|6|1|soilQuality|1.88
STATE|2|1|6|1|grassCount|8.89
STATE|2|1|6|1|canolaCount|3.06
STATE|2|1|6|1|flowerCount|2.98
STATE|2|1|6|1|predatorCount|3.57
STATE|2|1|6|1|pollinatorCount|0.66
STATE|2|1|6|1|pestCount|0.6
STATE|2|1|6|1|predatorK|1.62
STATE|2|1|6|1|pollinatorK|7.7
STATE|2|1|6|1|pestK|3.21
STATE|2|1|6|1|yield|4.99
STATE|2|1|6|1|canolaPoints|8.09
STATE|2|1|6|1|paymentPoints|7.6
STATE|2|1|6|1|ownedBy|2
STATE|2|1|6|1|village|1
STATE|2|1|6|1|shared?|false
STATE|2|1|6|2|length 0|7.79
STATE|2|1|6|2|hasGrass|false
STATE|2|1|6|2|hasCanola|true
STATE|2|1|6|2|hasFlower|false
STATE|2|1|6|2|soilQuality|5.7
STATE|2|1|6|2|grassCount|1.06
STATE|2|1|6|2|canolaCount|2.71
STATE|2|1|6|2|flowerCount|1.46
STATE|2|1|6|2|predatorCount|5.12
STATE|2|1|6|2|pollinatorCount|1.12
STATE|2|1|6|2|pestCount|7.64
STATE|2|1|6|2|predatorK|5.91
STATE|2|1|6|2|pollinatorK|1.37
STATE|2|1|6|2|pestK|7.03
STATE|2|1|6|2|yield|7.86
STATE|2|1|6|2|canolaPoints|0.33
STATE|2|1|6|2|paymentPoints|7.34
STATE|2|1|6|2|ownedBy|2
STATE|2|1|6|2|village|1
STATE|2|1|6|2|shared?|false
STATE|2|1|6|3|length 0|9.17
STATE|2|1|6|3|hasGrass|false
STATE|2|1|6|3|hasCanola|false
STATE|2|1|6|3|hasFlower|true
STATE|2|1|6|3|soilQuality|7.38
STATE|2|1|6|3|grassCount|7.0
STATE|2|1|6|3|canolaCount|7.48
STATE|2|1|6|3|flowerCount|4.51
STATE|2|1|6|3|predatorCount|2.35
STATE|2|1|6|3|pollinatorCount|3.8
STATE|2|1|6|3|pestCount|1.67
STATE|2|1|6|3|predatorK|6.61
STATE|2|1|6|3|pollinatorK|6.79
STATE|2|1|6|3|pestK|6.21
STATE|2|1|6|3|yield|7.87
STATE|2|1|6|3|canolaPoints|2.87
STATE|2|1|6|3|paymentPoints|6.06
STATE|2|1|6|3|ownedBy|2
STATE|2|1|6|3|village|3
STATE|2|1|6|3|shared?|false
STATE|2|1|6|4|length 0|4.56
STATE|2|1|6|4|hasGrass|false
STATE|2|1|6|4|hasCanola|false
STATE|2|1|6|4|hasFlower|true
STATE|2|1|6|4|soilQuality|4.9
STATE|2|1|6|4|grassCount|7.25
STATE|2|1|6|4|canolaCount|5.66
STATE|2|1|6|4|flowerCount|2.91
STATE|2|1|6|4|predatorCount|5.46
STATE|2|1|6|4|pollinatorCount|8.81
STATE|2|1|6|4|pestCount|9.42
STATE|2|1|6|4|predatorK|6.01
STATE|2|1|6|4|pollinatorK|4.7
STATE|2|1|6|4|pestK|0.01
STATE|2|1|6|4|yield|0.85
STATE|2|1|6|4|canolaPoints|9.32
STATE|2|1|6|4|paymentPoints|9.87
STATE|2|1|6|4|ownedBy|3
STATE|2|1|6|4|village|0
STATE|2|1|6|4|shared?|false
STATE|2|1|6|5|length 0|2.51
STATE|2|1|6|5|hasGrass|false
STATE|2|1|6|5|hasCanola|true
STATE|2|1|6|5|hasFlower|true
STATE|2|1|6|5|soilQuality|7.14
STATE|2|1|6|5|grassCount|4.2
STATE|2|1|6|5|canolaCount|1.11
STATE|2|1|6|5|flowerCount|6.45
STATE|2|1|6|5|predatorCount|6.99
STATE|2|1|6|5|pollinatorCount|6.29
STATE|2|1|6|5|pestCount|1.9
STATE|2|1|6|5|predatorK|4.91
STATE|2|1|6|5|pollinatorK|8.01
STATE|2|1|6|5|pestK|1.75
STATE|2|1|6|5|yield|8.39
STATE|2|1|6|5|canolaPoints|7.36
STATE|2|1|6|5|paymentPoints|0.79
STATE|2|1|6|5|ownedBy|2
STATE|2|1|6|5|village|3
STATE|2|1|6|5|shared?|false
STATE|2|1|6|6|length 0|0.67
STATE|2|1|6|6|hasGrass|true
STATE|2|1|6|6|hasCanola|false
STATE|2|1|6|6|hasFlower|false
STATE|2|1|6|6|soilQuality|3.96
STATE|2|1|6|6|grassCount|8.98
STATE|2|1|6|6|canolaCount|5.28
STATE|2|1|6|6|flowerCount|8.81
STATE|2|1|6|6|predatorCount|2.73
STATE|2|1|6|6|pollinatorCount|6.14
STATE|2|1|6|6|pestCount|3.78
STATE|2|1|6|6|predatorK|0.04
STATE|2|1|6|6|pollinatorK|6.58
STATE|2|1|6|6|pestK|5.15
STATE|2|1|6|6|yield|3.25
STATE|2|1|6|6|canolaPoints|3.16
STATE|2|1|6|6|paymentPoints|4.16
STATE|2|1|6|6|ownedBy|3
STATE|2|1|6|6|village|3
STATE|2|1|6|6|shared?|false
STATE|2|1|6|7|length 0|7.27
STATE|2|1|6|7|hasGrass|false
STATE|2|1|6|7|hasCanola|true
STATE|2|1|6|7|hasFlower|true
STATE|2|1|6|7|soilQuality|1.55
STATE|2|1|6|7|grassCount|8.4
STATE|2|1|6|7|canolaCount|1.0
STATE|2|1|6|7|flowerCount|7.59
STATE|2|1|6|7|predatorCount|9.91
STATE|2|1|6|7|pollinatorCount|7.87
STATE|2|1|6|7|pestCount|4.9
STATE|2|1|6|7|predatorK|2.04
STATE|2|1|6|7|pollinatorK|8.4
STATE|2|1|6|7|pestK|1.91
STATE|2|1|6|7|yield|0.07
STATE|2|1|6|7|canolaPoints|4.79
STATE|2|1|6|7|paymentPoints|9.23
STATE|2|1|6|7|ownedBy|2
STATE|2|1|6|7|village|3
STATE|2|1|6|7|shared?|true
STATE|2|1|7|0|length 0|3.53
STATE|2|1|7|0|hasGrass|true
STATE|2|1|7|0|hasCanola|false
STATE|2|1|7|0|hasFlower|true
STATE|2|1|7|0|soilQuality|4.54
STATE|2|1|7|0|grassCount|1.55
STATE|2|1|7|0|canolaCount|5.42
STATE|2|1|7|0|flowerCount|3.03
STATE|2|1|7|0|predatorCount|9.11
STATE|2|1|7|0|pollinatorCount|7.44
STATE|2|1|7|0|pestCount|1.34
STATE|2|1|7|0|predatorK|7.44
STATE|2|1|7|0|pollinatorK|1.28
STATE|2|1|7|0|pestK|0.89
STATE|2|1|7|0|yield|1.15
STATE|2|1|7|0|canolaPoints|3.84
STATE|2|1|7|0|paymentPoints|2.16
STATE|2|1|7|0|ownedBy|1
STATE|2|1|7|0|village|3
STATE|2|1|7|0|shared?|true
STATE|2|1|7|1|length 0|5.56
STATE|2|1|7|1|hasGrass|false
STATE|2|1|7|1|hasCanola|true
STATE|2|1|7|1|hasFlower|false
STATE|2|1|7|1|soilQuality|0.49
STATE|2|1|7|1|grassCount|3.09
STATE|2|1|7|1|canolaCount|0.73
STATE|2|1|7|1|flowerCount|4.97
STATE|2|1|7|1|predatorCount|4.82
STATE|2|1|7|1|pollinatorCount|2.12
STATE|2|1|7|1|pestCount|3.61
STATE|2|1|7|1|predatorK|0.1
STATE|2|1|7|1|pollinatorK|9.49
STATE|2|1|7|1|pestK|8.67
STATE|2|1|7|1|yield|3.12
STATE|2|1|7|1|canolaPoints|9.91
STATE|2|1|7|1|paymentPoints|7.3
STATE|2|1|7|1|ownedBy|3
STATE|2|1|7|1|village|3
STATE|2|1|7|1|shared?|true
STATE|2|1|7|2|length 0|7.01
STATE|2|1|7|2|hasGrass|false
STATE|2|1|7|2|hasCanola|false
STATE|2|1|7|2|hasFlower|true
STATE|2|1|7|2|soilQuality|8.73
STATE|2|1|7|2|grassCount|2.17
STATE|2|1|7|2|canolaCount|7.92
STATE|2|1|7|2|flowerCount|9.81
STATE|2|1|7|2|predatorCount|0.41
STATE|2|1|7|2|pollinatorCount|1.66
STATE|2|1|7|2|pestCount|6.77
STATE|2|1|7|2|predatorK|6.75
STATE|2|1|7|2|pollinatorK|1.4
STATE|2|1|7|2|pestK|0.22
STATE|2|1|7|2|yield|9.29
STATE|2|1|7|2|canolaPoints|9.89
STATE|2|1|7|2|paymentPoints|9.12
STATE|2|1|7|2|ownedBy|0
STATE|2|1|7|2|village|3
STATE|2|1|7|2|shared?|false
STATE|2|1|7|3|length 0|4.45
STATE|2|1|7|3|hasGrass|true
STATE|2|1|7|3|hasCanola|true
STATE|2|1|7|3|hasFlower|false
STATE|2|1|7|3|soilQuality|3.98
STATE|2|1|7|3|grassCount|1.66
STATE|2|1|7|3|canolaCount|0.32
STATE|2|1|7|3|flowerCount|0.49
STATE|2|1|7|3|predatorCount|4.22
STATE|2|1|7|3|pollinatorCount|7.25
STATE|2|1|7|3|pestCount|5.75
STATE|2|1|7|3|predatorK|9.64
STATE|2|1|7|3|pollinatorK|8.85
STATE|2|1|7|3|pestK|8.94
STATE|2|1|7|3|yield|5.39
STATE|2|1|7|3|canolaPoints|5.16
STATE|2|1|7|3|paymentPoints|6.94
STATE|2|1|7|3|ownedBy|3
STATE|2|1|7|3|village|0
STATE|2|1|7|3|shared?|true
STATE|2|1|7|4|length 0|5.47
STATE|2|1|7|4|hasGrass|true
STATE|2|1|7|4|hasCanola|true
STATE|2|1|7|4|hasFlower|true
STATE|2|1|7|4|soilQuality|5.08
STATE|2|1|7|4|grassCount|6.06
STATE|2|1|7|4|canolaCount|3.13
STATE|2|1|7|4|flowerCount|1.53
STATE|2|1|7|4|predatorCount|9.97
STATE|2|1|7|4|pollinatorCount|7.52
STATE|2|1|7|4|pestCount|2.8
STATE|2|1|7|4|predatorK|8.28
STATE|2|1|7|4|pollinatorK|7.85
STATE|2|1|7|4|pestK|3.3
STATE|2|1|7|4|yield|2.84
STATE|2|1|7|4|canolaPoints|1.96
STATE|2|1|7|4|paymentPoints|0.17
STATE|2|1|7|4|ownedBy|0
STATE|2|1|7|4|village|0
STATE|2|1|7|4|shared?|false
STATE|2|1|7|5|length 0|9.71
STATE|2|1|7|5|hasGrass|false
STATE|2|1|7|5|hasCanola|false
STATE|2|1|7|5|hasFlower|true
STATE|2|1|7|5|soilQuality|5.47
STATE|2|1|7|5|grassCount|9.71
STATE|2|1|7|5|canolaCount|2.64
STATE|2|1|7|5|flowerCount|0.23
STATE|2|1|7|5|predatorCount|9.32
STATE|2|1|7|5|pollinatorCount|6.09
STATE|2|1|7|5|pestCount|9.35
STATE|2|1|7|5|predatorK|0.83
STATE|2|1|7|5|pollinatorK|8.32
STATE|2|1|7|5|pestK|5.85
STATE|2|1|7|5|yield|8.66
STATE|2|1|7|5|canolaPoints|3.14
STATE|2|1|7|5|paymentPoints|0.28
STATE|2|1|7|5|ownedBy|3
STATE|2|1|7|5|village|0
STATE|2|1|7|5|shared?|true
STATE|2|1|7|6|length 0|1.57
STATE|2|1|7|6|hasGrass|true
STATE|2|1|7|6|hasCanola|true
STATE|2|1|7|6|hasFlower|false
STATE|2|1|7|6|soilQuality|7.77
STATE|2|1|7|6|grassCount|0.92
STATE|2|1|7|6|canolaCount|1.91
STATE|2|1|7|6|flowerCount|8.23
STATE|2|1|7|6|predatorCount|2.45
STATE|2|1|7|6|pollinatorCount|5.88
STATE|2|1|7|6|pestCount|1.87
STATE|2|1|7|6|predatorK|8.17
STATE|2|1|7|6|pollinatorK|5.82
STATE|2|1|7|6|pestK|0.89
STATE|2|1|7|6|yield|3.37
STATE|2|1|7|6|canolaPoints|6.7
STATE|2|1|7|6|paymentPoints|2.37
STATE|2|1|7|6|ownedBy|0
STATE|2|1|7|6|village|0
STATE|2|1|7|6|shared?|true
STATE|2|1|7|7|length 0|0.22
STATE|2|1|7|7|hasGrass|true
STATE|2|1|7|7|hasCanola|true
STATE|2|1|7|7|hasFlower|true
STATE|2|1|7|7|soilQuality|8.16
STATE|2|1|7|7|grassCount|8.94
STATE|2|1|7|7|canolaCount|3.95
STATE|2|1|7|7|flowerCount|7.4
STATE|2|1|7|7|predatorCount|8.25
STATE|2|1|7|7|pollinatorCount|9.74
STATE|2|1|7|7|pestCount|2.23
STATE|2|1|7|7|predatorK|7.0
STATE|2|1|7|7|pollinatorK|8.97
STATE|2|1|7|7|pestK|7.46
STATE|2|1|7|7|yield|0.42
STATE|2|1|7|7|canolaPoints|8.34
STATE|2|1|7|7|paymentPoints|7.69
STATE|2|1|7|7|ownedBy|3
STATE|2|1|7|7|village|2
STATE|2|1|7|7|shared?|true
CHOICE|2|1|1|0|0|1|12:15:44.000 PM 28-Sep-2026
CONFIRM|2|1|1|12:15:53.000 PM 28-Sep-2026
CHOICE|2|1|2|0|6|3|12:15:58.000 PM 28-Sep-2026
CONFIRM|2|1|2|12:16:11.000 PM 28-Sep-2026
CHOICE|2|1|3|3|7|1|12:16:12.000 PM 28-Sep-2026
CONFIRM|2|1|3|12:16:16.000 PM 28-Sep-2026
CHOICE|2|1|4|2|7|3|12:16:23.000 PM 28-Sep-2026
CHOICE|2|1|4|2|0|4|12:16:33.000 PM 28-Sep-2026
CHOICE|2|1|4|7|2|2|12:16:36.000 PM 28-Sep-2026
CONFIRM|2|1|4|12:16:37.000 PM 28-Sep-2026
CHOICE|2|1|5|7|6|4|12:16:41.000 PM 28-Sep-2026
CONFIRM|2|1|5|12:16:53.000 PM 28-Sep-2026
CHOICE|2|1|6|4|0|4|12:17:06.000 PM 28-Sep-2026
CHOICE|2|1|6|3|2|2|12:17:13.000 PM 28-Sep-2026
CHOICE|2|1|6|5|5|4|12:17:27.000 PM 28-Sep-2026
CONFIRM|2|1|6|12:17:35.000 PM 28-Sep-2026
CHOICE|2|1|7|6|0|3|12:17:40.000 PM 28-Sep-2026
CONFIRM|2|1|7|12:17:55.000 PM 28-Sep-2026
CHOICE|2|1|8|4|2|2|12:18:06.000 PM 28-Sep-2026
CONFIRM|2|1|8|12:18:18.000 PM 28-Sep-2026
CHOICE|2|1|9|7|3|4|12:18:30.000 PM 28-Sep-2026
CHOICE|2|1|9|7|3|2|12:18:34.000 PM 28-Sep-2026
CHOICE|2|1|9|2|4|4|12:18:46.000 PM 28-Sep-2026
CONFIRM|2|1|9|12:18:52.000 PM 28-Sep-2026
CHOICE|2|1|10|4|1|1|12:18:54.000 PM 28-Sep-2026
CONFIRM|2|1|10|12:19:00.000 PM 28-Sep-2026
CHOICE|2|1|11|4|5|2|12:19:09.000 PM 28-Sep-2026
CONFIRM|2|1|11|12:19:23.000 PM 28-Sep-2026
CHOICE|2|1|12|3|6|4|12:19:27.000 PM 28-Sep-2026
CHOICE|2|1|12|1|6|1|12:19:35.000 PM 28-Sep-2026
CHOICE|2|1|12|6|7|3|12:19:50.000 PM 28-Sep-2026
CONFIRM|2|1|12|12:20:01.000 PM 28-Sep-2026
CHOICE|2|1|13|2|4|1|12:20:09.000 PM 28-Sep-2026
CHOICE|2|1|13|2|4|4|12:20:12.000 PM 28-Sep-2026
CONFIRM|2|1|13|12:20:21.000 PM 28-Sep-2026
CHOICE|2|1|14|4|4|3|12:20:33.000 PM 28-Sep-2026
CONFIRM|2|1|14|12:20:40.000 PM 28-Sep-2026
CHOICE|2|1|15|0|5|1|12:20:44.000 PM 28-Sep-2026
CHOICE|2|1|15|0|5|3|12:20:52.000 PM 28-Sep-2026
CONFIRM|2|1|15|12:21:00.000 PM 28-Sep-2026
CHOICE|2|1|16|5|7|4|12:21:09.000 PM 28-Sep-2026
CHOICE|2|1|16|2|5|4|12:21:13.000 PM 28-Sep-2026
CONFIRM|2|1|16|12:21:25.000 PM 28-Sep-2026
CHOICE|2|1|17|4|3|1|12:21:30.000 PM 28-Sep-2026
CONFIRM|2|1|17|12:21:38.000 PM 28-Sep-2026
CHOICE|2|1|18|4|1|3|12:21:51.000 PM 28-Sep-2026
CHOICE|2|1|18|1|2|4|12:22:04.000 PM 28-Sep-2026
CONFIRM|2|1|18|12:22:12.000 PM 28-Sep-2026
CHOICE|2|1|19|1|4|4|12:22:19.000 PM 28-Sep-2026
CONFIRM|2|1|19|12:22:28.000 PM 28-Sep-2026
CHOICE|2|1|20|0|6|-99|12:22:29.000 PM 28-Sep-2026
CHOICE|2|1|20|0|6|4|12:22:31.000 PM 28-Sep-2026
CHOICE|2|1|20|5|0|2|12:22:43.000 PM 28-Sep-2026
CONFIRM|2|1|20|12:22:47.000 PM 28-Sep-2026
SCORE|2|1|1|16|60|19
SCORE|2|1|2|6|44|8
SCORE|2|1|3|4|26|19
SCORE|2|1|4|9|23|14
SCORE|2|1|5|15|55|5
SCORE|2|1|6|9|45|18
SCORE|2|1|7|7|35|12
SCORE|2|1|8|1|2|11
SCORE|2|1|9|12|37|11
SCORE|2|1|10|3|52|17
SCORE|2|1|11|7|55|11
SCORE|2|1|12|20|35|19
SCORE|2|1|13|19|20|18
SCORE|2|1|14|17|51|9
SCORE|2|1|15|8|51|8
SCORE|2|1|16|2|22|7
SCORE|2|1|17|16|56|13
SCORE|2|1|18|8|21|1
SCORE|2|1|19|19|45|11
SCORE|2|1|20|18|28|5
PHASE|phase-2-2|12:22:50.000 PM 28-Sep-2026
STATE|2|2|0|0|length 0|7.09
STATE|2|2|0|0|hasGrass|true
STATE|2|2|0|0|hasCanola|false
STATE|2|2|0|0|hasFlower|false
STATE|2|2|0|0|soilQuality|8.66
STATE|2|2|0|0|grassCount|5.84
STATE|2|2|0|0|canolaCount|4.28
STATE|2|2|0|0|flowerCount|7.94
STATE|2|2|0|0|predatorCount|8.83
STATE|2|2|0|0|pollinatorCount|1.61
STATE|2|2|0|0|pestCount|8.51
STATE|2|2|0|0|predatorK|0.15
STATE|2|2|0|0|pollinatorK|3.6
STATE|2|2|0|0|pestK|3.71
STATE|2|2|0|0|yield|5.31
STATE|2|2|0|0|canolaPoints|0.49
STATE|2|2|0|0|paymentPoints|0.61
STATE|2|2|0|0|ownedBy|0
STATE|2|2|0|0|village|2
STATE|2|2|0|0|shared?|false
STATE|2|2|0|1|length 0|4.25
STATE|2|2|0|1|hasGrass|false
STATE|2|2|0|1|hasCanola|false
STATE|2|2|0|1|hasFlower|true
STATE|2|2|0|1|soilQuality|8.24
STATE|2|2|0|1|grassCount|3.43
STATE|2|2|0|1|canolaCount|3.45
STATE|2|2|0|1|flowerCount|5.94
STATE|2|2|0|1|predatorCount|9.8
STATE|2|2|0|1|pollinatorCount|1.9
STATE|2|2|0|1|pestCount|2.9
STATE|2|2|0|1|predatorK|1.03
STATE|2|2|0|1|pollinatorK|6.5
STATE|2|2|0|1|pestK|4.77
STATE|2|2|0|1|yield|4.78
STATE|2|2|0|1|canolaPoints|3.57
STATE|2|2|0|1|paymentPoints|3.67
STATE|2|2|0|1|ownedBy|3
STATE|2|2|0|1|village|2
STATE|2|2|0|1|shared?|true
STATE|2|2|0|2|length 0|4.79
STATE|2|2|0|2|hasGrass|true
STATE|2|2|0|2|hasCanola|false
STATE|2|2|0|2|hasFlower|true
STATE|2|2|0|2|soilQuality|4.11
STATE|2|2|0|2|grassCount|3.15
STATE|2|2|0|2|canolaCount|8.0
STATE|2|2|0|2|flowerCount|2.35
STATE|2|2|0|2|predatorCount|5.27
STATE|2|2|0|2|pollinatorCount|9.65
STATE|2|2|0|2|pestCount|3.66
STATE|2|2|0|2|predatorK|4.2
STATE|2|2|0|2|pollinatorK|6.83
STATE|2|2|0|2|pestK|4.97
STATE|2|2|0|2|yield|7.81
STATE|2|2|0|2|canolaPoints|8.87
STATE|2|2|0|2|paymentPoints|2.35
STATE|2|2|0|2|ownedBy|3
STATE|2|2|0|2|village|3
STATE|2|2|0|2|shared?|true
STATE|2|2|0|3|length 0|4.57
STATE|2|2|0|3|hasGrass|false
STATE|2|2|0|3|hasCanola|true
STATE|2|2|0|3|hasFlower|true
STATE|2|2|0|3|soilQuality|2.46
STATE|2|2|0|3|grassCount|4.36
STATE|2|2|0|3|canolaCount|3.15
STATE|2|2|0|3|flowerCount|2.99
STATE|2|2|0|3|predatorCount|9.46
STATE|2|2|0|3|pollinatorCount|6.19
STATE|2|2|0|3|pestCount|3.16
STATE|2|2|0|3|predatorK|0.97
STATE|2|2|0|3|pollinatorK|6.34
STATE|2|2|0|3|pestK|6.02
STATE|2|2|0|3|yield|5.71
STATE|2|2|0|3|canolaPoints|0.45
STATE|2|2|0|3|paymentPoints|6.05
STATE|2|2|0|3|ownedBy|0
STATE|2|2|0|3|village|3
STATE|2|2|0|3|shared?|true
STATE|2|2|0|4|length 0|6.55
STATE|2|2|0|4|hasGrass|true
STATE|2|2|0|4|hasCanola|true
STATE|2|2|0|4|hasFlower|true
STATE|2|2|0|4|soilQuality|7.02
STATE|2|2|0|4|grassCount|8.37
STATE|2|2|0|4|canolaCount|4.88
STATE|2|2|0|4|flowerCount|6.41
STATE|2|2|0|4|predatorCount|6.41
STATE|2|2|0|4|pollinatorCount|5.0
STATE|2|2|0|4|pestCount|9.71
STATE|2|2|0|4|predatorK|7.39
STATE|2|2|0|4|pollinatorK|0.25
STATE|2|2|0|4|pestK|9.1
STATE|2|2|0|4|yield|9.56
STATE|2|2|0|4|canolaPoints|0.71
STATE|2|2|0|4|paymentPoints|9.67
STATE|2|2|0|4|ownedBy|0
STATE|2|2|0|4|village|2
STATE|2|2|0|4|shared?|true
STATE|2|2|0|5|length 0|5.06
STATE|2|2|0|5|hasGrass|false
STATE|2|2|0|5|hasCanola|true
STATE|2|2|0|5|hasFlower|true
STATE|2|2|0|5|soilQuality|7.65
STATE|2|2|0|5|grassCount|9.13
STATE|2|2|0|5|canolaCount|9.96
STATE|2|2|0|5|flowerCount|5.83
STATE|2|2|0|5|predatorCount|0.95
STATE|2|2|0|5|pollinatorCount|3.1
STATE|2|2|0|5|pestCount|7.94
STATE|2|2|0|5|predatorK|6.88
STATE|2|2|0|5|pollinatorK|0.13
STATE|2|2|0|5|pestK|5.59
STATE|2|2|0|5|yield|4.18
STATE|2|2|0|5|canolaPoints|9.58
STATE|2|2|0|5|paymentPoints|3.03
STATE|2|2|0|5|ownedBy|2
STATE|2|2|0|5|village|1
STATE|2|2|0|5|shared?|false
STATE|2|2|0|6|length 0|6.39
STATE|2|2|0|6|hasGrass|true
STATE|2|2|0|6|hasCanola|false
STATE|2|2|0|6|hasFlower|false
STATE|2|2|0|6|soilQuality|9.1
STATE|2|2|0|6|grassCount|7.18
STATE|2|2|0|6|canolaCount|3.43
STATE|2|2|0|6|flowerCount|8.18
STATE|2|2|0|6|predatorCount|8.41
STATE|2|2|0|6|pollinatorCount|6.7
STATE|2|2|0|6|pestCount|1.78
STATE|2|2|0|6|predatorK|9.97
STATE|2|2|0|6|pollinatorK|0.87
STATE|2|2|0|6|pestK|7.69
STATE|2|2|0|6|yield|6.5
STATE|2|2|0|6|canolaPoints|7.36
STATE|2|2|0|6|paymentPoints|8.3
STATE|2|2|0|6|ownedBy|3
STATE|2|2|0|6|village|3
STATE|2|2|0|6|shared?|false
STATE|2|2|0|7|length 0|7.77
STATE|2|2|0|7|hasGrass|false
STATE|2|2|0|7|hasCanola|true
STATE|2|2|0|7|hasFlower|false
STATE|2|2|0|7|soilQuality|2.12
STATE|2|2|0|7|grassCount|7.71
STATE|2|2|0|7|canolaCount|5.49
STATE|2|2|0|7|flowerCount|7.15
STATE|2|2|0|7|predatorCount|1.7
STATE|2|2|0|7|pollinatorCount|1.97
STATE|2|2|0|7|pestCount|9.88
STATE|2|2|0|7|predatorK|6.41
STATE|2|2|0|7|pollinatorK|3.59
STATE|2|2|0|7|pestK|6.1
STATE|2|2|0|7|yield|0.35
STATE|2|2|0|7|canolaPoints|9.21
STATE|2|2|0|7|paymentPoints|9.2
STATE|2|2|0|7|ownedBy|1
STATE|2|2|0|7|village|0
STATE|2|2|0|7|shared?|true
STATE|2|2|1|0|length 0|6.57
STATE|2|2|1|0|hasGrass|true
STATE|2|2|1|0|hasCanola|true
STATE|2|2|1|0|hasFlower|true
STATE|2|2|1|0|soilQuality|8.96
STATE|2|2|1|0|grassCount|7.36
STATE|2|2|1|0|canolaCount|1.34
STATE|2|2|1|0|flowerCount|5.09
STATE|2|2|1|0|predatorCount|6.0
STATE|2|2|1|0|pollinatorCount|1.74
STATE|2|2|1|0|pestCount|8.22
STATE|2|2|1|0|predatorK|9.74
STATE|2|2|1|0|pollinatorK|6.58
STATE|2|2|1|0|pestK|7.88
STATE|2|2|1|0|yield|4.05
STATE|2|2|1|0|canolaPoints|2.48
STATE|2|2|1|0|paymentPoints|6.76
STATE|2|2|1|0|ownedBy|2
STATE|2|2|1|0|village|3
STATE|2|2|1|0|shared?|true
STATE|2|2|1|1|length 0|2.32
STATE|2|2|1|1|hasGrass|true
STATE|2|2|1|1|hasCanola|false
STATE|2|2|1|1|hasFlower|true
STATE|2|2|1|1|soilQuality|3.15
STATE|2|2|1|1|grassCount|4.17
STATE|2|2|1|1|canolaCount|5.91
STATE|2|2|1|1|flowerCount|5.83
STATE|2|2|1|1|predatorCount|4.82
STATE|2|2|1|1|pollinatorCount|0.06
STATE|2|2|1|1|pestCount|2.58
STATE|2|2|1|1|predatorK|5.35
STATE|2|2|1|1|pollinatorK|6.7
STATE|2|2|1|1|pestK|5.5
STATE|2|2|1|1|yield|7.87
STATE|2|2|1|1|canolaPoints|4.11
STATE|2|2|1|1|paymentPoints|2.25
STATE|2|2|1|1|ownedBy|2
STATE|2|2|1|1|village|3
STATE|2|2|1|1|shared?|true
STATE|2|2|1|2|length 0|7.12
STATE|2|2|1|2|hasGrass|false
STATE|2|2|1|2|hasCanola|false
STATE|2|2|1|2|hasFlower|false
STATE|2|2|1|2|soilQuality|1.32
STATE|2|2|1|2|grassCount|6.29
STATE|2|2|1|2|canolaCount|1.08
STATE|2|2|1|2|flowerCount|2.55
STATE|2|2|1|2|predatorCount|6.52
STATE|2|2|1|2|pollinatorCount|5.12
STATE|2|2|1|2|pestCount|8.73
STATE|2|2|1|2|predatorK|2.25
STATE|2|2|1|2|pollinatorK|3.59
STATE|2|2|1|2|pestK|3.78
STATE|2|2|1|2|yield|2.97
STATE|2|2|1|2|canolaPoints|6.75
STATE|2|2|1|2|paymentPoints|3.36
STATE|2|2|1|2|ownedBy|2
STATE|2|2|1|2|village|0
STATE|2|2|1|2|shared?|false
STATE|2|2|1|3|length 0|0.77
STATE|2|2|1|3|hasGrass|false
STATE|2|2|1|3|hasCanola|true
STATE|2|2|1|3|hasFlower|true
STATE|2|2|1|3|soilQuality|4.41
STATE|2|2|1|3|grassCount|1.71
STATE|2|2|1|3|canolaCount|1.29
STATE|2|2|1|3|flowerCount|7.19
STATE|2|2|1|3|predatorCount|3.24
STATE|2|2|1|3|pollinatorCount|2.49
STATE|2|2|1|3|pestCount|2.02
STATE|2|2|1|3|predatorK|6.3
STATE|2|2|1|3|pollinatorK|6.99
STATE|2|2|1|3|pestK|6.07
STATE|2|2|1|3|yield|0.25
STATE|2|2|1|3|canolaPoints|4.41
STATE|2|2|1|3|paymentPoints|4.15
STATE|2|2|1|3|ownedBy|0
STATE|2|2|1|3|village|0
STATE|2|2|1|3|shared?|false
STATE|2|2|1|4|length 0|4.03
STATE|2|2|1|4|hasGrass|false
STATE|2|2|1|4|hasCanola|true
STATE|2|2|1|4|hasFlower|true
STATE|2|2|1|4|soilQuality|8.68
STATE|2|2|1|4|grassCount|0.58
STATE|2|2|1|4|canolaCount|3.49
STATE|2|2|1|4|flowerCount|3.63
STATE|2|2|1|4|predatorCount|1.1
STATE|2|2|1|4|pollinatorCount|6.38
STATE|2|2|1|4|pestCount|3.01
STATE|2|2|1|4|predatorK|9.43
STATE|2|2|1|4|pollinatorK|9.11
STATE|2|2|1|4|pestK|0.41
STATE|2|2|1|4|yield|1.96
STATE|2|2|1|4|canolaPoints|6.67
STATE|2|2|1|4|paymentPoints|7.06
STATE|2|2|1|4|ownedBy|0
STATE|2|2|1|4|village|3
STATE|2|2|1|4|shared?|true
STATE|2|2|1|5|length 0|9.86
STATE|2|2|1|5|hasGrass|false
STATE|2|2|1|5|hasCanola|true
STATE|2|2|1|5|hasFlower|false
STATE|2|2|1|5|soilQuality|9.7
STATE|2|2|1|5|grassCount|6.56
STATE|2|2|1|5|canolaCount|4.19
STATE|2|2|1|5|flowerCount|9.35
STATE|2|2|1|5|predatorCount|5.82
STATE|2|2|1|5|pollinatorCount|6.75
STATE|2|2|1|5|pestCount|9.03
STATE|2|2|1|5|predatorK|0.54
STATE|2|2|1|5|pollinatorK|1.09
STATE|2|2|1|5|pestK|0.65
STATE|2|2|1|5|yield|2.77
STATE|2|2|1|5|canolaPoints|9.71
STATE|2|2|1|5|paymentPoints|7.16
STATE|2|2|1|5|ownedBy|1
STATE|2|2|1|5|village|2
STATE|2|2|1|5|shared?|false
STATE|2|2|1|6|length 0|4.4
STATE|2|2|1|6|hasGrass|true
STATE|2|2|1|6|hasCanola|true
STATE|2|2|1|6|hasFlower|false
STATE|2|2|1|6|soilQuality|7.47
STATE|2|2|1|6|grassCount|0.58
STATE|2|2|1|6|canolaCount|6.09
STATE|2|2|1|6|flowerCount|9.37
STATE|2|2|1|6|predatorCount|3.85
STATE|2|2|1|6|pollinatorCount|1.28
STATE|2|2|1|6|pestCount|0.5
STATE|2|2|1|6|predatorK|5.38
STATE|2|2|1|6|pollinatorK|3.72
STATE|2|2|1|6|pestK|5.48
STATE|2|2|1|6|yield|6.84
STATE|2|2|1|6|canolaPoints|4.35
STATE|2|2|1|6|paymentPoints|6.08
STATE|2|2|1|6|ownedBy|3
STATE|2|2|1|6|village|3
STATE|2|2|1|6|shared?|true
STATE|2|2|1|7|length 0|3.45
STATE|2|2|1|7|hasGrass|false
STATE|2|2|1|7|hasCanola|true
STATE|2|2|1|7|hasFlower|true
STATE|2|2|1|7|soilQuality|2.17
STATE|2|2|1|7|grassCount|0.77
STATE|2|2|1|7|canolaCount|4.25
STATE|2|2|1|7|flowerCount|3.82
STATE|2|2|1|7|predatorCount|8.49
STATE|2|2|1|7|pollinatorCount|6.38
STATE|2|2|1|7|pestCount|3.98
STATE|2|2|1|7|predatorK|0.73
STATE|2|2|1|7|pollinatorK|3.19
STATE|2|2|1|7|pestK|9.7
STATE|2|2|1|7|yield|8.26
STATE|2|2|1|7|canolaPoints|0.27
STATE|2|2|1|7|paymentPoints|1.85
STATE|2|2|1|7|ownedBy|3
STATE|2|2|1|7|village|1
STATE|2|2|1|7|shared?|false
STATE|2|2|2|0|length 0|1.34
STATE|2|2|2|0|hasGrass|true
STATE|2|2|2|0|hasCanola|false
STATE|2|2|2|0|hasFlower|true
STATE|2|2|2|0|soilQuality|3.14
STATE|2|2|2|0|grassCount|7.38
STATE|2|2|2|0|canolaCount|9.48
STATE|2|2|2|0|flowerCount|1.02
STATE|2|2|2|0|predatorCount|0.03
STATE|2|2|2|0|pollinatorCount|3.05
STATE|2|2|2|0|pestCount|4.29
STATE|2|2|2|0|predatorK|1.84
STATE|2|2|2|0|pollinatorK|9.27
STATE|2|2|2|0|pestK|3.62
STATE|2|2|2|0|yield|7.38
STATE|2|2|2|0|canolaPoints|5.37
STATE|2|2|2|0|paymentPoints|4.08
STATE|2|2|2|0|ownedBy|1
STATE|2|2|2|0|village|3
STATE|2|2|2|0|shared?|true
STATE|2|2|2|1|length 0|8.65
STATE|2|2|2|1|hasGrass|true
STATE|2|2|2|1|hasCanola|false
STATE|2|2|2|1|hasFlower|true
STATE|2|2|2|1|soilQuality|0.56
STATE|2|2|2|1|grassCount|9.87
STATE|2|2|2|1|canolaCount|3.61
STATE|2|2|2|1|flowerCount|0.42
STATE|2|2|2|1|predatorCount|2.21
STATE|2|2|2|1|pollinatorCount|3.33
STATE|2|2|2|1|pestCount|8.32
STATE|2|2|2|1|predatorK|9.67
STATE|2|2|2|1|pollinatorK|2.75
STATE|2|2|2|1|pestK|1.22
STATE|2|2|2|1|yield|1.17
STATE|2|2|2|1|canolaPoints|9.86
STATE|2|2|2|1|paymentPoints|4.75
STATE|2|2|2|1|ownedBy|0
STATE|2|2|2|1|village|1
STATE|2|2|2|1|shared?|true
STATE|2|2|2|2|length 0|4.15
STATE|2|2|2|2|hasGrass|false
STATE|2|2|2|2|hasCanola|false
STATE|2|2|2|2|hasFlower|true
STATE|2|2|2|2|soilQuality|1.1
STATE|2|2|2|2|grassCount|8.48
STATE|2|2|2|2|canolaCount|0.32
STATE|2|2|2|2|flowerCount|7.95
STATE|2|2|2|2|predatorCount|6.37
STATE|2|2|2|2|pollinatorCount|0.95
STATE|2|2|2|2|pestCount|5.24
STATE|2|2|2|2|predatorK|9.0
STATE|2|2|2|2|pollinatorK|6.76
STATE|2|2|2|2|pestK|2.3
STATE|2|2|2|2|yield|4.93
STATE|2|2|2|2|canolaPoints|2.78
STATE|2|2|2|2|paymentPoints|5.72
STATE|2|2|2|2|ownedBy|1
STATE|2|2|2|2|village|2
STATE|2|2|2|2|shared?|false
STATE|2|2|2|3|length 0|2.48
STATE|2|2|2|3|hasGrass|true
STATE|2|2|2|3|hasCanola|false
STATE|2|2|2|3|hasFlower|true
STATE|2|2|2|3|soilQuality|4.27
STATE|2|2|2|3|grassCount|7.6
STATE|2|2|2|3|canolaCount|8.41
STATE|2|2|2|3|flowerCount|4.99
STATE|2|2|2|3|predatorCount|2.36
STATE|2|2|2|3|pollinatorCount|4.69
STATE|2|2|2|3|pestCount|2.08
STATE|2|2|2|3|predatorK|6.76
STATE|2|2|2|3|pollinatorK|0.98
STATE|2|2|2|3|pestK|6.5
STATE|2|2|2|3|yield|3.51
STATE|2|2|2|3|canolaPoints|8.94
STATE|2|2|2|3|paymentPoints|1.32
STATE|2|2|2|3|ownedBy|1
STATE|2|2|2|3|village|0
STATE|2|2|2|3|shared?|true
STATE|2|2|2|4|length 0|5.26
STATE|2|2|2|4|hasGrass|false
STATE|2|2|2|4|hasCanola|true
STATE|2|2|2|4|hasFlower|false
STATE|2|2|2|4|soilQuality|6.48
STATE|2|2|2|4|grassCount|9.42
STATE|2|2|2|4|canolaCount|2.1
STATE|2|2|2|4|flowerCount|5.8
STATE|2|2|2|4|predatorCount|5.88
STATE|2|2|2|4|pollinatorCount|3.14
STATE|2|2|2|4|pestCount|0.59
STATE|2|2|2|4|predatorK|9.85
STATE|2|2|2|4|pollinatorK|0.53
STATE|2|2|2|4|pestK|6.1
STATE|2|2|2|4|yield|8.52
STATE|2|2|2|4|canolaPoints|9.25
STATE|2|2|2|4|paymentPoints|2.76
STATE|2|2|2|4|ownedBy|2
STATE|2|2|2|4|village|1
STATE|2|2|2|4|shared?|true
STATE|2|2|2|5|length 0|8.37
STATE|2|2|2|5|hasGrass|false
STATE|2|2|2|5|hasCanola|true
STATE|2|2|2|5|hasFlower|true
STATE|2|2|2|5|soilQuality|3.34
STATE|2|2|2|5|grassCount|1.07
STATE|2|2|2|5|canolaCount|8.63
STATE|2|2|2|5|flowerCount|0.27
STATE|2|2|2|5|predatorCount|7.56
STATE|2|2|2|5|pollinatorCount|9.45
STATE|2|2|2|5|pestCount|5.11
STATE|2|2|2|5|predatorK|4.61
STATE|2|2|2|5|pollinatorK|9.03
STATE|2|2|2|5|pestK|4.23
STATE|2|2|2|5|yield|4.06
STATE|2|2|2|5|canolaPoints|0.64
STATE|2|2|2|5|paymentPoints|0.66
STATE|2|2|2|5|ownedBy|1
STATE|2|2|2|5|village|3
STATE|2|2|2|5|shared?|false
STATE|2|2|2|6|length 0|1.19
STATE|2|2|2|6|hasGrass|true
STATE|2|2|2|6|hasCanola|false
STATE|2|2|2|6|hasFlower|true
STATE|2|2|2|6|soilQuality|3.34
STATE|2|2|2|6|grassCount|3.57
STATE|2|2|2|6|canolaCount|2.21
STATE|2|2|2|6|flowerCount|8.97
STATE|2|2|2|6|predatorCount|1.36
STATE|2|2|2|6|pollinatorCount|4.65
STATE|2|2|2|6|pestCount|6.56
STATE|2|2|2|6|predatorK|1.63
STATE|2|2|2|6|pollinatorK|6.02
STATE|2|2|2|6|pestK|8.35
STATE|2|2|2|6|yield|4.63
STATE|2|2|2|6|canolaPoints|0.41
STATE|2|2|2|6|paymentPoints|6.73
STATE|2|2|2|6|ownedBy|0
STATE|2|2|2|6|village|3
STATE|2|2|2|6|shared?|true
STATE|2|2|2|7|length 0|9.15
STATE|2|2|2|7|hasGrass|false
STATE|2|2|2|7|hasCanola|true
STATE|2|2|2|7|hasFlower|true
STATE|2|2|2|7|soilQuality|8.58
STATE|2|2|2|7|grassCount|7.26
STATE|2|2|2|7|canolaCount|1.71
STATE|2|2|2|7|flowerCount|8.45
STATE|2|2|2|7|predatorCount|6.54
STATE|2|2|2|7|pollinatorCount|8.55
STATE|2|2|2|7|pestCount|4.0
STATE|2|2|2|7|predatorK|1.21
STATE|2|2|2|7|pollinatorK|5.11
STATE|2|2|2|7|pestK|9.07
STATE|2|2|2|7|yield|9.08
STATE|2|2|2|7|canolaPoints|8.4
STATE|2|2|2|7|paymentPoints|7.34
STATE|2|2|2|7|ownedBy|3
STATE|2|2|2|7|village|3
STATE|2|2|2|7|shared?|true
STATE|2|2|3|0|length 0|6.82
STATE|2|2|3|0|hasGrass|false
STATE|2|2|3|0|hasCanola|true
STATE|2|2|3|0|hasFlower|false
STATE|2|2|3|0|soilQuality|5.93
STATE|2|2|3|0|grassCount|3.83
STATE|2|2|3|0|canolaCount|9.19
STATE|2|2|3|0|flowerCount|0.93
STATE|2|2|3|0|predatorCount|1.72
STATE|2|2|3|0|pollinatorCount|7.48
STATE|2|2|3|0|pestCount|7.65
STATE|2|2|3|0|predatorK|4.82
STATE|2|2|3|0|pollinatorK|8.69
STATE|2|2|3|0|pestK|1.93
STATE|2|2|3|0|yield|2.49
STATE|2|2|3|0|canolaPoints|0.4
STATE|2|2|3|0|paymentPoints|8.37
STATE|2|2|3|0|ownedBy|1
STATE|2|2|3|0|village|0
STATE|2|2|3|0|shared?|false
STATE|2|2|3|1|length 0|4.83
STATE|2|2|3|1|hasGrass|false
STATE|2|2|3|1|hasCanola|true
STATE|2|2|3|1|hasFlower|true
STATE|2|2|3|1|soilQuality|8.02
STATE|2|2|3|1|grassCount|4.45
STATE|2|2|3|1|canolaCount|3.47
STATE|2|2|3|1|flowerCount|5.41
STATE|2|2|3|1|predatorCount|0.48
STATE|2|2|3|1|pollinatorCount|7.45
STATE|2|2|3|1|pestCount|3.39
STATE|2|2|3|1|predatorK|3.25
STATE|2|2|3|1|pollinatorK|2.65
STATE|2|2|3|1|pestK|0.44
STATE|2|2|3|1|yield|7.3
STATE|2|2|3|1|canolaPoints|6.67
STATE|2|2|3|1|paymentPoints|8.04
STATE|2|2|3|1|ownedBy|2
STATE|2|2|3|1|village|3
STATE|2|2|3|1|shared?|false
STATE|2|2|3|2|length 0|4.05
STATE|2|2|3|2|hasGrass|false
STATE|2|2|3|2|hasCanola|false
STATE|2|2|3|2|hasFlower|true
STATE|2|2|3|2|soilQuality|4.7
STATE|2|2|3|2|grassCount|3.54
STATE|2|2|3|2|canolaCount|0.55
STATE|2|2|3|2|flowerCount|9.66
STATE|2|2|3|2|predatorCount|8.46
STATE|2|2|3|2|pollinatorCount|7.82
STATE|2|2|3|2|pestCount|0.12
STATE|2|2|3|2|predatorK|9.07
STATE|2|2|3|2|pollinatorK|1.28
STATE|2|2|3|2|pestK|9.08
STATE|2|2|3|2|yield|3.7
STATE|2|2|3|2|canolaPoints|0.17
STATE|2|2|3|2|paymentPoints|7.58
STATE|2|2|3|2|ownedBy|0
STATE|2|2|3|2|village|3
STATE|2|2|3|2|shared?|false
STATE|2|2|3|3|length 0|1.34
STATE|2|2|3|3|hasGrass|false
STATE|2|2|3|3|hasCanola|true
STATE|2|2|3|3|hasFlower|true
STATE|2|2|3|3|soilQuality|6.87
STATE|2|2|3|3|grassCount|6.09
STATE|2|2|3|3|canolaCount|7.22
STATE|2|2|3|3|flowerCount|1.26
STATE|2|2|3|3|predatorCount|5.64
STATE|2|2|3|3|pollinatorCount|8.51
STATE|2|2|3|3|pestCount|8.12
STATE|2|2|3|3|predatorK|8.5
STATE|2|2|3|3|pollinatorK|6.97
STATE|2|2|3|3|pestK|8.17
STATE|2|2|3|3|yield|5.09
STATE|2|2|3|3|canolaPoints|4.74
STATE|2|2|3|3|paymentPoints|6.05
STATE|2|2|3|3|ownedBy|0
STATE|2|2|3|3|village|3
STATE|2|2|3|3|shared?|true
STATE|2|2|3|4|length 0|8.32
STATE|2|2|3|4|hasGrass|true
STATE|2|2|3|4|hasCanola|true
STATE|2|2|3|4|hasFlower|false
STATE|2|2|3|4|soilQuality|9.8
STATE|2|2|3|4|grassCount|1.29
STATE|2|2|3|4|canolaCount|0.4
STATE|2|2|3|4|flowerCount|5.09
STATE|2|2|3|4|predatorCount|5.73
STATE|2|2|3|4|pollinatorCount|6.52
STATE|2|2|3|4|pestCount|6.14
STATE|2|2|3|4|predatorK|4.85
STATE|2|2|3|4|pollinatorK|1.03
STATE|2|2|3|4|pestK|3.6
STATE|2|2|3|4|yield|4.74
STATE|2|2|3|4|canolaPoints|9.88
STATE|2|2|3|4|paymentPoints|4.96
STATE|2|2|3|4|ownedBy|3
STATE|2|2|3|4|village|0
STATE|2|2|3|4|shared?|false
STATE|2|2|3|5|length 0|6.2
STATE|2|2|3|5|hasGrass|false
STATE|2|2|3|5|hasCanola|true
STATE|2|2|3|5|hasFlower|true
STATE|2|2|3|5|soilQuality|2.02
STATE|2|2|3|5|grassCount|4.29
STATE|2|2|3|5|canolaCount|3.02
STATE|2|2|3|5|flowerCount|8.92
STATE|2|2|3|5|predatorCount|0.94
STATE|2|2|3|5|pollinatorCount|0.6
STATE|2|2|3|5|pestCount|7.43
STATE|2|2|3|5|predatorK|0.63
STATE|2|2|3|5|pollinatorK|0.5
STATE|2|2|3|5|pestK|2.6
STATE|2|2|3|5|yield|3.91
STATE|2|2|3|5|canolaPoints|5.0
STATE|2|2|3|5|paymentPoints|5.89
STATE|2|2|3|5|ownedBy|0
STATE|2|2|3|5|village|2
STATE|2|2|3|5|shared?|true
STATE|2|2|3|6|length 0|4.52
STATE|2|2|3|6|hasGrass|true
STATE|2|2|3|6|hasCanola|true
STATE|2|2|3|6|hasFlower|false
STATE|2|2|3|6|soilQuality|8.5
STATE|2|2|3|6|grassCount|2.21
STATE|2|2|3|6|canolaCount|1.61
STATE|2|2|3|6|flowerCount|0.84
STATE|2|2|3|6|predatorCount|4.02
STATE|2|2|3|6|pollinatorCount|10.0
STATE|2|2|3|6|pestCount|6.38
STATE|2|2|3|6|predatorK|1.16
STATE|2|2|3|6|pollinatorK|9.69
STATE|2|2|3|6|pestK|2.14
STATE|2|2|3|6|yield|4.48
STATE|2|2|3|6|canolaPoints|5.96
STATE|2|2|3|6|paymentPoints|9.72
STATE|2|2|3|6|ownedBy|1
STATE|2|2|3|6|village|3
STATE|2|2|3|6|shared?|false
STATE|2|2|3|7|length 0|5.93
STATE|2|2|3|7|hasGrass|false
STATE|2|2|3|7|hasCanola|true
STATE|2|2|3|7|hasFlower|false
STATE|2|2|3|7|soilQuality|7.25
STATE|2|2|3|7|grassCount|9.94
STATE|2|2|3|7|canolaCount|8.46
STATE|2|2|3|7|flowerCount|6.0
STATE|2|2|3|7|predatorCount|0.8
STATE|2|2|3|7|pollinatorCount|7.21
STATE|2|2|3|7|pestCount|1.25
STATE|2|2|3|7|predatorK|9.33
STATE|2|2|3|7|pollinatorK|9.52
STATE|2|2|3|7|pestK|8.66
STATE|2|2|3|7|yield|1.05
STATE|2|2|3|7|canolaPoints|6.02
STATE|2|2|3|7|paymentPoints|6.35
STATE|2|2|3|7|ownedBy|1
STATE|2|2|3|7|village|0
STATE|2|2|3|7|shared?|true
STATE|2|2|4|0|length 0|1.98
STATE|2|2|4|0|hasGrass|true
STATE|2|2|4|0|hasCanola|false
STATE|2|2|4|0|hasFlower|true
STATE|2|2|4|0|soilQuality|5.96
STATE|2|2|4|0|grassCount|8.69
STATE|2|2|4|0|canolaCount|1.88
STATE|2|2|4|0|flowerCount|3.27
STATE|2|2|4|0|predatorCount|6.51
STATE|2|2|4|0|pollinatorCount|3.42
STATE|2|2|4|0|pestCount|7.42
STATE|2|2|4|0|predatorK|4.06
STATE|2|2|4|0|pollinatorK|5.83
STATE|2|2|4|0|pestK|5.49
STATE|2|2|4|0|yield|3.79
STATE|2|2|4|0|canolaPoints|9.74
STATE|2|2|4|0|paymentPoints|8.24
STATE|2|2|4|0|ownedBy|1
STATE|2|2|4|0|village|0
STATE|2|2|4|0|shared?|false
STATE|2|2|4|1|length 0|6.05
STATE|2|2|4|1|hasGrass|true
STATE|2|2|4|1|hasCanola|true
STATE|2|2|4|1|hasFlower|true
STATE|2|2|4|1|soilQuality|5.88
STATE|2|2|4|1|grassCount|8.36
STATE|2|2|4|1|canolaCount|5.5
STATE|2|2|4|1|flowerCount|4.98
STATE|2|2|4|1|predatorCount|4.62
STATE|2|2|4|1|pollinatorCount|0.39
STATE|2|2|4|1|pestCount|3.13
STATE|2|2|4|1|predatorK|7.7
STATE|2|2|4|1|pollinatorK|6.43
STATE|2|2|4|1|pestK|0.84
STATE|2|2|4|1|yield|8.88
STATE|2|2|4|1|canolaPoints|8.78
STATE|2|2|4|1|paymentPoints|8.52
STATE|2|2|4|1|ownedBy|0
STATE|2|2|4|1|village|1
STATE|2|2|4|1|shared?|false
STATE|2|2|4|2|length 0|4.78
STATE|2|2|4|2|hasGrass|false
STATE|2|2|4|2|hasCanola|false
STATE|2|2|4|2|hasFlower|false
STATE|2|2|4|2|soilQuality|6.9
STATE|2|2|4|2|grassCount|0.2
STATE|2|2|4|2|canolaCount|7.73
STATE|2|2|4|2|flowerCount|7.35
STATE|2|2|4|2|predatorCount|0.76
STATE|2|2|4|2|pollinatorCount|2.12
STATE|2|2|4|2|pestCount|2.5
STATE|2|2|4|2|predatorK|4.22
STATE|2|2|4|2|pollinatorK|9.53
STATE|2|2|4|2|pestK|9.54
STATE|2|2|4|2|yield|4.39
STATE|2|2|4|2|canolaPoints|2.13
STATE|2|2|4|2|paymentPoints|1.08
STATE|2|2|4|2|ownedBy|0
STATE|2|2|4|2|village|3
STATE|2|2|4|2|shared?|false
STATE|2|2|4|3|length 0|2.97
STATE|2|2|4|3|hasGrass|false
STATE|2|2|4|3|hasCanola|false
STATE|2|2|4|3|hasFlower|false
STATE|2|2|4|3|soilQuality|0.78
STATE|2|2|4|3|grassCount|6.79
STATE|2|2|4|3|canolaCount|3.72
STATE|2|2|4|3|flowerCount|7.38
STATE|2|2|4|3|predatorCount|6.86
STATE|2|2|4|3|pollinatorCount|7.42
STATE|2|2|4|3|pestCount|3.08
STATE|2|2|4|3|predatorK|3.03
STATE|2|2|4|3|pollinatorK|4.11
STATE|2|2|4|3|pestK|1.89
STATE|2|2|4|3|yield|4.67
STATE|2|2|4|3|canolaPoints|0.67
STATE|2|2|4|3|paymentPoints|7.16
STATE|2|2|4|3|ownedBy|2
STATE|2|2|4|3|village|0
STATE|2|2|4|3|shared?|false
STATE|2|2|4|4|length 0|0.17
STATE|2|2|4|4|hasGrass|false
STATE|2|2|4|4|hasCanola|false
STATE|2|2|4|4|hasFlower|false
STATE|2|2|4|4|soilQuality|1.06
STATE|2|2|4|4|grassCount|5.18
STATE|2|2|4|4|canolaCount|6.35
STATE|2|2|4|4|flowerCount|7.11
STATE|2|2|4|4|predatorCount|9.49
STATE|2|2|4|4|pollinatorCount|1.12
STATE|2|2|4|4|pestCount|2.15
STATE|2|2|4|4|predatorK|6.67
STATE|2|2|4|4|pollinatorK|0.42
STATE|2|2|4|4|pestK|4.4
STATE|2|2|4|4|yield|0.5
STATE|2|2|4|4|canolaPoints|6.33
STATE|2|2|4|4|paymentPoints|6.32
STATE|2|2|4|4|ownedBy|0
STATE|2|2|4|4|village|3
STATE|2|2|4|4|shared?|true
STATE|2|2|4|5|length 0|3.4
STATE|2|2|4|5|hasGrass|true
STATE|2|2|4|5|hasCanola|true
STATE|2|2|4|5|hasFlower|false
STATE|2|2|4|5|soilQuality|3.28
STATE|2|2|4|5|grassCount|0.21
STATE|2|2|4|5|canolaCount|0.61
STATE|2|2|4|5|flowerCount|8.55
STATE|2|2|4|5|predatorCount|1.9
STATE|2|2|4|5|pollinatorCount|9.42
STATE|2|2|4|5|pestCount|4.26
STATE|2|2|4|5|predatorK|1.7
STATE|2|2|4|5|pollinatorK|5.7
STATE|2|2|4|5|pestK|0.76
STATE|2|2|4|5|yield|2.46
STATE|2|2|4|5|canolaPoints|5.9
STATE|2|2|4|5|paymentPoints|3.68
STATE|2|2|4|5|ownedBy|0
STATE|2|2|4|5|village|3
STATE|2|2|4|5|shared?|false
STATE|2|2|4|6|length 0|2.52
STATE|2|2|4|6|hasGrass|false
STATE|2|2|4|6|hasCanola|true
STATE|2|2|4|6|hasFlower|true
STATE|2|2|4|6|soilQuality|2.84
STATE|2|2|4|6|grassCount|8.06
STATE|2|2|4|6|canolaCount|8.76
STATE|2|2|4|6|flowerCount|8.08
STATE|2|2|4|6|predatorCount|2.25
STATE|2|2|4|6|pollinatorCount|3.99
STATE|2|2|4|6|pestCount|5.4
STATE|2|2|4|6|predatorK|5.27
STATE|2|2|4|6|pollinatorK|9.33
STATE|2|2|4|6|pestK|7.76
STATE|2|2|4|6|yield|5.05
STATE|2|2|4|6|canolaPoints|1.42
STATE|2|2|4|6|paymentPoints|9.97
STATE|2|2|4|6|ownedBy|2
STATE|2|2|4|6|village|3
STATE|2|2|4|6|shared?|false
STATE|2|2|4|7|length 0|9.39
STATE|2|2|4|7|hasGrass|false
STATE|2|2|4|7|hasCanola|false
STATE|2|2|4|7|hasFlower|false
STATE|2|2|4|7|soilQuality|6.11
STATE|2|2|4|7|grassCount|0.53
STATE|2|2|4|7|canolaCount|6.17
STATE|2|2|4|7|flowerCount|0.99
STATE|2|2|4|7|predatorCount|8.69
STATE|2|2|4|7|pollinatorCount|1.07
STATE|2|2|4|7|pestCount|2.79
STATE|2|2|4|7|predatorK|7.46
STATE|2|2|4|7|pollinatorK|1.55
STATE|2|2|4|7|pestK|1.91
STATE|2|2|4|7|yield|4.91
STATE|2|2|4|7|canolaPoints|9.38
STATE|2|2|4|7|paymentPoints|9.76
STATE|2|2|4|7|ownedBy|0
STATE|2|2|4|7|village|0
STATE|2|2|4|7|shared?|true
STATE|2|2|5|0|length 0|1.73
STATE|2|2|5|0|hasGrass|false
STATE|2|2|5|0|hasCanola|false
STATE|2|2|5|0|hasFlower|false
STATE|2|2|5|0|soilQuality|5.08
STATE|2|2|5|0|grassCount|4.28
STATE|2|2|5|0|canolaCount|8.31
STATE|2|2|5|0|flowerCount|3.71
STATE|2|2|5|0|predatorCount|8.22
STATE|2|2|5|0|pollinatorCount|5.79
STATE|2|2|5|0|pestCount|1.06
STATE|2|2|5|0|predatorK|0.28
STATE|2|2|5|0|pollinatorK|4.84
STATE|2|2|5|0|pestK|3.34
STATE|2|2|5|0|yield|9.84
STATE|2|2|5|0|canolaPoints|0.49
STATE|2|2|5|0|paymentPoints|4.8
STATE|2|2|5|0|ownedBy|3
STATE|2|2|5|0|village|0
STATE|2|2|5|0|shared?|true
STATE|2|2|5|1|length 0|6.8
STATE|2|2|5|1|hasGrass|true
STATE|2|2|5|1|hasCanola|true
STATE|2|2|5|1|hasFlower|true
STATE|2|2|5|1|soilQuality|5.88
STATE|2|2|5|1|grassCount|6.71
STATE|2|2|5|1|canolaCount|5.56
STATE|2|2|5|1|flowerCount|3.37
STATE|2|2|5|1|predatorCount|1.0
STATE|2|2|5|1|pollinatorCount|1.76
STATE|2|2|5|1|pestCount|8.69
STATE|2|2|5|1|predatorK|3.8
STATE|2|2|5|1|pollinatorK|6.06
STATE|2|2|5|1|pestK|1.7
STATE|2|2|5|1|yield|2.42
STATE|2|2|5|1|canolaPoints|0.67
STATE|2|2|5|1|paymentPoints|9.9
STATE|2|2|5|1|ownedBy|1
STATE|2|2|5|1|village|1
STATE|2|2|5|1|shared?|true
STATE|2|2|5|2|length 0|1.6
STATE|2|2|5|2|hasGrass|true
STATE|2|2|5|2|hasCanola|false
STATE|2|2|5|2|hasFlower|true
STATE|2|2|5|2|soilQuality|0.04
STATE|2|2|5|2|grassCount|4.1
STATE|2|2|5|2|canolaCount|6.09
STATE|2|2|5|2|flowerCount|3.41
STATE|2|2|5|2|predatorCount|0.39
STATE|2|2|5|2|pollinatorCount|6.8
STATE|2|2|5|2|pestCount|4.35
STATE|2|2|5|2|predatorK|8.98
STATE|2|2|5|2|pollinatorK|9.73
STATE|2|2|5|2|pestK|6.11
STATE|2|2|5|2|yield|7.62
STATE|2|2|5|2|canolaPoints|7.4
STATE|2|2|5|2|paymentPoints|0.76
STATE|2|2|5|2|ownedBy|3
STATE|2|2|5|2|village|3
STATE|2|2|5|2|shared?|false
STATE|2|2|5|3|length 0|7.84
STATE|2|2|5|3|hasGrass|false
STATE|2|2|5|3|hasCanola|false
STATE|2|2|5|3|hasFlower|false
STATE|2|2|5|3|soilQuality|8.24
STATE|2|2|5|3|grassCount|2.3
STATE|2|2|5|3|canolaCount|9.85
STATE|2|2|5|3|flowerCount|8.81
STATE|2|2|5|3|predatorCount|0.94
STATE|2|2|5|3|pollinatorCount|2.99
STATE|2|2|5|3|pestCount|0.88
STATE|2|2|5|3|predatorK|5.26
STATE|2|2|5|3|pollinatorK|1.45
STATE|2|2|5|3|pestK|4.4
STATE|2|2|5|3|yield|3.54
STATE|2|2|5|3|canolaPoints|5.82
STATE|2|2|5|3|paymentPoints|3.14
STATE|2|2|5|3|ownedBy|0
STATE|2|2|5|3|village|3
STATE|2|2|5|3|shared?|true
STATE|2|2|5|4|length 0|9.02
STATE|2|2|5|4|hasGrass|true
STATE|2|2|5|4|hasCanola|false
STATE|2|2|5|4|hasFlower|true
STATE|2|2|5|4|soilQuality|0.7
STATE|2|2|5|4|grassCount|5.35
STATE|2|2|5|4|canolaCount|6.38
STATE|2|2|5|4|flowerCount|9.28
STATE|2|2|5|4|predatorCount|2.65
STATE|2|2|5|4|pollinatorCount|8.77
STATE|2|2|5|4|pestCount|9.72
STATE|2|2|5|4|predatorK|3.75
STATE|2|2|5|4|pollinatorK|5.73
STATE|2|2|5|4|pestK|0.88
STATE|2|2|5|4|yield|6.69
STATE|2|2|5|4|canolaPoints|7.96
STATE|2|2|5|4|paymentPoints|8.31
STATE|2|2|5|4|ownedBy|3
STATE|2|2|5|4|village|3
STATE|2|2|5|4|shared?|true
STATE|2|2|5|5|length 0|1.4
STATE|2|2|5|5|hasGrass|true
STATE|2|2|5|5|hasCanola|false
STATE|2|2|5|5|hasFlower|true
STATE|2|2|5|5|soilQuality|3.26
STATE|2|2|5|5|grassCount|8.58
STATE|2|2|5|5|canolaCount|6.02
STATE|2|2|5|5|flowerCount|9.18
STATE|2|2|5|5|predatorCount|1.15
STATE|2|2|5|5|pollinatorCount|5.08
STATE|2|2|5|5|pestCount|2.42
STATE|2|2|5|5|predatorK|6.39
STATE|2|2|5|5|pollinatorK|9.68
STATE|2|2|5|5|pestK|6.36
STATE|2|2|5|5|yield|9.58
STATE|2|2|5|5|canolaPoints|7.62
STATE|2|2|5|5|paymentPoints|2.08
STATE|2|2|5|5|ownedBy|3
STATE|2|2|5|5|village|3
STATE|2|2|5|5|shared?|false
STATE|2|2|5|6|length 0|0.79
STATE|2|2|5|6|hasGrass|false
STATE|2|2|5|6|hasCanola|false
STATE|2|2|5|6|hasFlower|true
STATE|2|2|5|6|soilQuality|9.38
STATE|2|2|5|6|grassCount|3.97
STATE|2|2|5|6|canolaCount|0.83
STATE|2|2|5|6|flowerCount|9.6
STATE|2|2|5|6|predatorCount|1.16
STATE|2|2|5|6|pollinatorCount|5.7
STATE|2|2|5|6|pestCount|5.61
STATE|2|2|5|6|predatorK|3.25
STATE|2|2|5|6|pollinatorK|4.23
STATE|2|2|5|6|pestK|4.5
STATE|2|2|5|6|yield|2.4
STATE|2|2|5|6|canolaPoints|1.38
STATE|2|2|5|6|paymentPoints|5.24
STATE|2|2|5|6|ownedBy|0
STATE|2|2|5|6|village|2
STATE|2|2|5|6|shared?|false
STATE|2|2|5|7|length 0|0.91
STATE|2|2|5|7|hasGrass|true
STATE|2|2|5|7|hasCanola|false
STATE|2|2|5|7|hasFlower|true
STATE|2|2|5|7|soilQuality|5.29
STATE|2|2|5|7|grassCount|0.12
STATE|2|2|5|7|canolaCount|5.36
STATE|2|2|5|7|flowerCount|2.03
STATE|2|2|5|7|predatorCount|6.48
STATE|2|2|5|7|pollinatorCount|6.14
STATE|2|2|5|7|pestCount|3.02
STATE|2|2|5|7|predatorK|9.62
STATE|2|2|5|7|pollinatorK|2.04
STATE|2|2|5|7|pestK|6.61
STATE|2|2|5|7|yield|3.79
STATE|2|2|5|7|canolaPoints|3.25
STATE|2|2|5|7|paymentPoints|3.92
STATE|2|2|5|7|ownedBy|3
STATE|2|2|5|7|village|2
STATE|2|2|5|7|shared?|false
STATE|2|2|6|0|length 0|5.02
STATE|2|2|6|0|hasGrass|true
STATE|2|2|6|0|hasCanola|false
STATE|2|2|6|0|hasFlower|false
STATE|2|2|6|0|soilQuality|8.46
STATE|2|2|6|0|grassCount|9.69
STATE|2|2|6|0|canolaCount|2.89
STATE|2|2|6|0|flowerCount|4.75
STATE|2|2|6|0|predatorCount|7.55
STATE|2|2|6|0|pollinatorCount|5.58
STATE|2|2|6|0|pestCount|5.32
STATE|2|2|6|0|predatorK|1.73
STATE|2|2|6|0|pollinatorK|5.45
STATE|2|2|6|0|pestK|8.23
STATE|2|2|6|0|yield|0.85
STATE|2|2|6|0|canolaPoints|2.47
STATE|2|2|6|0|paymentPoints|9.35
STATE|2|2|6|0|ownedBy|0
STATE|2|2|6|0|village|0
STATE|2|2|6|0|shared?|true
STATE|2|2|6|1|length 0|9.88
STATE|2|2|6|1|hasGrass|false
STATE|2|2|6|1|hasCanola|true
STATE|2|2|6|1|hasFlower|false
STATE|2|2|6|1|soilQuality|0.22
STATE|2|2|6|1|grassCount|1.85
STATE|2|2|6|1|canolaCount|3.73
STATE|2|2|6|1|flowerCount|1.77
STATE|2|2|6|1|predatorCount|8.15
STATE|2|2|6|1|pollinatorCount|7.88
STATE|2|2|6|1|pestCount|7.73
STATE|2|2|6|1|predatorK|6.1
STATE|2|2|6|1|pollinatorK|6.42
STATE|2|2|6|1|pestK|9.24
STATE|2|2|6|1|yield|8.06
STATE|2|2|6|1|canolaPoints|6.7
STATE|2|2|6|1|paymentPoints|10.0
STATE|2|2|6|1|ownedBy|0
STATE|2|2|6|1|village|0
STATE|2|2|6|1|shared?|true
STATE|2|2|6|2|length 0|5.15
STATE|2|2|6|2|hasGrass|false
STATE|2|2|6|2|hasCanola|true
STATE|2|2|6|2|hasFlower|true
STATE|2|2|6|2|soilQuality|5.35
STATE|2|2|6|2|grassCount|6.21
STATE|2|2|6|2|canolaCount|7.85
STATE|2|2|6|2|flowerCount|4.69
STATE|2|2|6|2|predatorCount|9.62
STATE|2|2|6|2|pollinatorCount|1.83
STATE|2|2|6|2|pestCount|8.61
STATE|2|2|6|2|predatorK|5.81
STATE|2|2|6|2|pollinatorK|7.74
STATE|2|2|6|2|pestK|9.06
STATE|2|2|6|2|yield|8.37
STATE|2|2|6|2|canolaPoints|8.67
STATE|2|2|6|2|paymentPoints|4.15
STATE|2|2|6|2|ownedBy|0
STATE|2|2|6|2|village|2
STATE|2|2|6|2|shared?|true
STATE|2|2|6|3|length 0|4.87
STATE|2|2|6|3|hasGrass|false
STATE|2|2|6|3|hasCanola|false
STATE|2|2|6|3|hasFlower|false
STATE|2|2|6|3|soilQuality|0.45
STATE|2|2|6|3|grassCount|1.34
STATE|2|2|6|3|canolaCount|2.42
STATE|2|2|6|3|flowerCount|3.68
STATE|2|2|6|3|predatorCount|3.52
STATE|2|2|6|3|pollinatorCount|0.16
STATE|2|2|6|3|pestCount|1.87
STATE|2|2|6|3|predatorK|2.08
STATE|2|2|6|3|pollinatorK|5.49
STATE|2|2|6|3|pestK|3.0
STATE|2|2|6|3|yield|8.44
STATE|2|2|6|3|canolaPoints|0.08
STATE|2|2|6|3|paymentPoints|7.06
STATE|2|2|6|3|ownedBy|1
STATE|2|2|6|3|village|3
STATE|2|2|6|3|shared?|false
STATE|2|2|6|4|length 0|2.25
STATE|2|2|6|4|hasGrass|false
STATE|2|2|6|4|hasCanola|true
STATE|2|2|6|4|hasFlower|true
STATE|2|2|6|4|soilQuality|8.97
STATE|2|2|6|4|grassCount|6.82
STATE|2|2|6|4|canolaCount|7.69
STATE|2|2|6|4|flowerCount|4.41
STATE|2|2|6|4|predatorCount|9.19
STATE|2|2|6|4|pollinatorCount|9.05
STATE|2|2|6|4|pestCount|8.2
STATE|2|2|6|4|predatorK|8.04
STATE|2|2|6|4|pollinatorK|9.32
STATE|2|2|6|4|pestK|1.53
STATE|2|2|6|4|yield|8.3
STATE|2|2|6|4|canolaPoints|1.56
STATE|2|2|6|4|paymentPoints|6.62
STATE|2|2|6|4|ownedBy|1
STATE|2|2|6|4|village|3
STATE|2|2|6|4|shared?|true
STATE|2|2|6|5|length 0|2.71
STATE|2|2|6|5|hasGrass|true
STATE|2|2|6|5|hasCanola|false
STATE|2|2|6|5|hasFlower|false
STATE|2|2|6|5|soilQuality|3.56
STATE|2|2|6|5|grassCount|1.81
STATE|2|2|6|5|canolaCount|8.07
STATE|2|2|6|5|flowerCount|2.6
STATE|2|2|6|5|predatorCount|1.03
STATE|2|2|6|5|pollinatorCount|0.49
STATE|2|2|6|5|pestCount|7.0
STATE|2|2|6|5|predatorK|9.6
STATE|2|2|6|5|pollinatorK|6.89
STATE|2|2|6|5|pestK|5.75
STATE|2|2|6|5|yield|7.08
STATE|2|2|6|5|canolaPoints|7.52
STATE|2|2|6|5|paymentPoints|9.91
STATE|2|2|6|5|ownedBy|3
STATE|2|2|6|5|village|0
STATE|2|2|6|5|shared?|true
STATE|2|2|6|6|length 0|10.0
STATE|2|2|6|6|hasGrass|false
STATE|2|2|6|6|hasCanola|true
STATE|2|2|6|6|hasFlower|false
STATE|2|2|6|6|soilQuality|8.93
STATE|2|2|6|6|grassCount|3.93
STATE|2|2|6|6|canolaCount|4.19
STATE|2|2|6|6|flowerCount|1.56
STATE|2|2|6|6|predatorCount|9.49
STATE|2|2|6|6|pollinatorCount|7.05
STATE|2|2|6|6|pestCount|6.56
STATE|2|2|6|6|predatorK|2.17
STATE|2|2|6|6|pollinatorK|7.46
STATE|2|2|6|6|pestK|9.47
STATE|2|2|6|6|yield|8.66
STATE|2|2|6|6|canolaPoints|4.6
STATE|2|2|6|6|paymentPoints|0.86
STATE|2|2|6|6|ownedBy|3
STATE|2|2|6|6|village|0
STATE|2|2|6|6|shared?|true
STATE|2|2|6|7|length 0|4.29
STATE|2|2|6|7|hasGrass|true
STATE|2|2|6|7|hasCanola|false
STATE|2|2|6|7|hasFlower|false
STATE|2|2|6|7|soilQuality|1.23
STATE|2|2|6|7|grassCount|5.44
STATE|2|2|6|7|canolaCount|6.49
STATE|2|2|6|7|flowerCount|2.46
STATE|2|2|6|7|predatorCount|5.83
STATE|2|2|6|7|pollinatorCount|0.51
STATE|2|2|6|7|pestCount|7.33
STATE|2|2|6|7|predatorK|5.91
STATE|2|2|6|7|pollinatorK|9.18
STATE|2|2|6|7|pestK|9.09
STATE|2|2|6|7|yield|2.98
STATE|2|2|6|7|canolaPoints|0.55
STATE|2|2|6|7|paymentPoints|6.6
STATE|2|2|6|7|ownedBy|3
STATE|2|2|6|7|village|2
STATE|2|2|6|7|shared?|false
STATE|2|2|7|0|length 0|3.18
STATE|2|2|7|0|hasGrass|true
STATE|2|2|7|0|hasCanola|false
STATE|2|2|7|0|hasFlower|false
STATE|2|2|7|0|soilQuality|2.76
STATE|2|2|7|0|grassCount|1.15
STATE|2|2|7|0|canolaCount|7.12
STATE|2|2|7|0|flowerCount|2.98
STATE|2|2|7|0|predatorCount|9.34
STATE|2|2|7|0|pollinatorCount|8.39
STATE|2|2|7|0|pestCount|4.43
STATE|2|2|7|0|predatorK|2.14
STATE|2|2|7|0|pollinatorK|0.24
STATE|2|2|7|0|pestK|5.38
STATE|2|2|7|0|yield|7.19
STATE|2|2|7|0|canolaPoints|0.91
STATE|2|2|7|0|paymentPoints|4.25
STATE|2|2|7|0|ownedBy|1
STATE|2|2|7|0|village|2
STATE|2|2|7|0|shared?|true
STATE|2|2|7|1|length 0|5.94
STATE|2|2|7|1|hasGrass|true
STATE|2|2|7|1|hasCanola|false
STATE|2|2|7|1|hasFlower|true
STATE|2|2|7|1|soilQuality|7.35
STATE|2|2|7|1|grassCount|4.82
STATE|2|2|7|1|canolaCount|5.86
STATE|2|2|7|1|flowerCount|6.18
STATE|2|2|7|1|predatorCount|9.02
STATE|2|2|7|1|pollinatorCount|9.74
STATE|2|2|7|1|pestCount|0.14
STATE|2|2|7|1|predatorK|7.09
STATE|2|2|7|1|pollinatorK|5.33
STATE|2|2|7|1|pestK|6.4
STATE|2|2|7|1|yield|2.35
STATE|2|2|7|1|canolaPoints|4.41
STATE|2|2|7|1|paymentPoints|4.17
STATE|2|2|7|1|ownedBy|2
STATE|2|2|7|1|village|2
STATE|2|2|7|1|shared?|true
STATE|2|2|7|2|length 0|4.48
STATE|2|2|7|2|hasGrass|true
STATE|2|2|7|2|hasCanola|true
STATE|2|2|7|2|hasFlower|true
STATE|2|2|7|2|soilQuality|3.91
STATE|2|2|7|2|grassCount|1.58
STATE|2|2|7|2|canolaCount|2.92
STATE|2|2|7|2|flowerCount|3.39
STATE|2|2|7|2|predatorCount|4.63
STATE|2|2|7|2|pollinatorCount|4.68
STATE|2|2|7|2|pestCount|6.38
STATE|2|2|7|2|predatorK|6.42
STATE|2|2|7|2|pollinatorK|4.74
STATE|2|2|7|2|pestK|4.21
STATE|2|2|7|2|yield|5.15
STATE|2|2|7|2|canolaPoints|6.53
STATE|2|2|7|2|paymentPoints|3.56
STATE|2|2|7|2|ownedBy|3
STATE|2|2|7|2|village|0
STATE|2|2|7|2|shared?|false
STATE|2|2|7|3|length 0|1.43
STATE|2|2|7|3|hasGrass|true
STATE|2|2|7|3|hasCanola|false
STATE|2|2|7|3|hasFlower|false
STATE|2|2|7|3|soilQuality|4.5
STATE|2|2|7|3|grassCount|8.13
STATE|2|2|7|3|canolaCount|6.01
STATE|2|2|7|3|flowerCount|0.04
STATE|2|2|7|3|predatorCount|9.73
STATE|2|2|7|3|pollinatorCount|9.12
STATE|2|2|7|3|pestCount|3.79
STATE|2|2|7|3|predatorK|8.13
STATE|2|2|7|3|pollinatorK|2.04
STATE|2|2|7|3|pestK|6.45
STATE|2|2|7|3|yield|6.41
STATE|2|2|7|3|canolaPoints|3.91
STATE|2|2|7|3|paymentPoints|8.52
STATE|2|2|7|3|ownedBy|0
STATE|2|2|7|3|village|0
STATE|2|2|7|3|shared?|true
STATE|2|2|7|4|length 0|5.69
STATE|2|2|7|4|hasGrass|false
STATE|2|2|7|4|hasCanola|true
STATE|2|2|7|4|hasFlower|false
STATE|2|2|7|4|soilQuality|2.23
STATE|2|2|7|4|grassCount|5.23
STATE|2|2|7|4|canolaCount|5.01
STATE|2|2|7|4|flowerCount|7.34
STATE|2|2|7|4|predatorCount|4.04
STATE|2|2|7|4|pollinatorCount|7.79
STATE|2|2|7|4|pestCount|3.07
STATE|2|2|7|4|predatorK|9.49
STATE|2|2|7|4|pollinatorK|3.54
STATE|2|2|7|4|pestK|1.66
STATE|2|2|7|4|yield|3.22
STATE|2|2|7|4|canolaPoints|9.41
STATE|2|2|7|4|paymentPoints|6.92
STATE|2|2|7|4|ownedBy|1
STATE|2|2|7|4|village|0
STATE|2|2|7|4|shared?|true
STATE|2|2|7|5|length 0|6.89
STATE|2|2|7|5|hasGrass|false
STATE|2|2|7|5|hasCanola|true
STATE|2|2|7|5|hasFlower|true
STATE|2|2|7|5|soilQuality|8.15
STATE|2|2|7|5|grassCount|6.16
STATE|2|2|7|5|canolaCount|9.64
STATE|2|2|7|5|flowerCount|6.11
STATE|2|2|7|5|predatorCount|1.72
STATE|2|2|7|5|pollinatorCount|5.13
STATE|2|2|7|5|pestCount|7.19
STATE|2|2|7|5|predatorK|9.99
STATE|2|2|7|5|pollinatorK|3.11
STATE|2|2|7|5|pestK|1.46
STATE|2|2|7|5|yield|8.33
STATE|2|2|7|5|canolaPoints|7.13
STATE|2|2|7|5|paymentPoints|1.3
STATE|2|2|7|5|ownedBy|2
STATE|2|2|7|5|village|1
STATE|2|2|7|5|shared?|true
STATE|2|2|7|6|length 0|5.41
STATE|2|2|7|6|hasGrass|true
STATE|2|2|7|6|hasCanola|false
STATE|2|2|7|6|hasFlower|true
STATE|2|2|7|6|soilQuality|5.44
STATE|2|2|7|6|grassCount|3.0
STATE|2|2|7|6|canolaCount|9.42
STATE|2|2|7|6|flowerCount|4.17
STATE|2|2|7|6|predatorCount|6.5
STATE|2|2|7|6|pollinatorCount|8.1
STATE|2|2|7|6|pestCount|8.14
STATE|2|2|7|6|predatorK|5.03
STATE|2|2|7|6|pollinatorK|8.36
STATE|2|2|7|6|pestK|7.03
STATE|2|2|7|6|yield|3.45
STATE|2|2|7|6|canolaPoints|4.91
STATE|2|2|7|6|paymentPoints|5.54
STATE|2|2|7|6|ownedBy|3
STATE|2|2|7|6|village|1
STATE|2|2|7|6|shared?|false
STATE|2|2|7|7|length 0|4.16
STATE|2|2|7|7|hasGrass|false
STATE|2|2|7|7|hasCanola|false
STATE|2|2|7|7|hasFlower|true
STATE|2|2|7|7|soilQuality|7.63
STATE|2|2|7|7|grassCount|1.66
STATE|2|2|7|7|canolaCount|3.65
STATE|2|2|7|7|flowerCount|7.59
STATE|2|2|7|7|predatorCount|0.3
STATE|2|2|7|7|pollinatorCount|9.75
STATE|2|2|7|7|pestCount|2.17
STATE|2|2|7|7|predatorK|8.54
STATE|2|2|7|7|pollinatorK|5.71
STATE|2|2|7|7|pestK|5.36
STATE|2|2|7|7|yield|9.34
STATE|2|2|7|7|canolaPoints|3.48
STATE|2|2|7|7|paymentPoints|9.57
STATE|2|2|7|7|ownedBy|3
STATE|2|2|7|7|village|3
STATE|2|2|7|7|shared?|true
CHOICE|2|2|1|5|1|-99|12:22:54.000 PM 28-Sep-2026
CHOICE|2|2|1|5|7|2|12:23:00.000 PM 28-Sep-2026
CONFIRM|2|2|1|12:23:14.000 PM 28-Sep-2026
CHOICE|2|2|2|1|4|1|12:23:23.000 PM 28-Sep-2026
CHOICE|2|2|2|5|5|1|12:23:31.000 PM 28-Sep-2026
CHOICE|2|2|2|3|6|2|12:23:34.000 PM 28-Sep-2026
CONFIRM|2|2|2|12:23:36.000 PM 28-Sep-2026
CHOICE|2|2|3|5|5|4|12:23:38.000 PM 28-Sep-2026
CONFIRM|2|2|3|12:23:41.000 PM 28-Sep-2026
CHOICE|2|2|4|0|3|2|12:23:46.000 PM 28-Sep-2026
CHOICE|2|2|4|4|3|3|12:24:00.000 PM 28-Sep-2026
CHOICE|2|2|4|5|1|2|12:24:10.000 PM 28-Sep-2026
CONFIRM|2|2|4|12:24:22.000 PM 28-Sep-2026
CHOICE|2|2|5|2|1|3|12:24:31.000 PM 28-Sep-2026
CHOICE|2|2|5|4|5|-99|12:24:45.000 PM 28-Sep-2026
CONFIRM|2|2|5|12:24:48.000 PM 28-Sep-2026
CHOICE|2|2|6|7|4|2|12:24:49.000 PM 28-Sep-2026
CHOICE|2|2|6|7|4|1|12:24:51.000 PM 28-Sep-2026
CONFIRM|2|2|6|12:25:03.000 PM 28-Sep-2026
CHOICE|2|2|7|3|2|4|12:25:10.000 PM 28-Sep-2026
CONFIRM|2|2|7|12:25:20.000 PM 28-Sep-2026
CHOICE|2|2|8|4|3|2|12:25:31.000 PM 28-Sep-2026
CHOICE|2|2|8|3|6|2|12:25:36.000 PM 28-Sep-2026
CHOICE|2|2|8|3|6|3|12:25:39.000 PM 28-Sep-2026
CONFIRM|2|2|8|12:25:52.000 PM 28-Sep-2026
CHOICE|2|2|9|4|2|1|12:26:03.000 PM 28-Sep-2026
CHOICE|2|2|9|4|2|3|12:26:13.000 PM 28-Sep-2026
CONFIRM|2|2|9|12:26:14.000 PM 28-Sep-2026
CHOICE|2|2|10|2|4|1|12:26:22.000 PM 28-Sep-2026
CHOICE|2|2|10|6|7|2|12:26:31.000 PM 28-Sep-2026
CHOICE|2|2|10|6|7|1|12:26:45.000 PM 28-Sep-2026
CONFIRM|2|2|10|12:26:53.000 PM 28-Sep-2026
CHOICE|2|2|11|0|3|2|12:27:01.000 PM 28-Sep-2026
CHOICE|2|2|11|0|0|4|12:27:14.000 PM 28-Sep-2026
CHOICE|2|2|11|7|6|2|12:27:23.000 PM 28-Sep-2026
CONFIRM|2|2|11|12:27:29.000 PM 28-Sep-2026
CHOICE|2|2|12|0|3|-99|12:27:43.000 PM 28-Sep-2026
CHOICE|2|2|12|4|3|-99|12:27:44.000 PM 28-Sep-2026
CONFIRM|2|2|12|12:27:54.000 PM 28-Sep-2026
CHOICE|2|2|13|3|6|4|12:27:57.000 PM 28-Sep-2026
CHOICE|2|2|13|3|6|-99|12:28:08.000 PM 28-Sep-2026
CONFIRM|2|2|13|12:28:10.000 PM 28-Sep-2026
CHOICE|2|2|14|2|0|3|12:28:20.000 PM 28-Sep-2026
CHOICE|2|2|14|0|4|4|12:28:35.000 PM 28-Sep-2026
CONFIRM|2|2|14|12:28:39.000 PM 28-Sep-2026
CHOICE|2|2|15|2|0|2|12:28:50.000 PM 28-Sep-2026
CHOICE|2|2|15|7|0|1|12:28:54.000 PM 28-Sep-2026
CHOICE|2|2|15|1|3|2|12:29:04.000 PM 28-Sep-2026
CONFIRM|2|2|15|12:29:17.000 PM 28-Sep-2026
CHOICE|2|2|16|0|4|1|12:29:23.000 PM 28-Sep-2026
CHOICE|2|2|16|0|4|-99|12:29:30.000 PM 28-Sep-2026
CHOICE|2|2|16|7|7|-99|12:29:42.000 PM 28-Sep-2026
CONFIRM|2|2|16|12:29:48.000 PM 28-Sep-2026
CHOICE|2|2|17|2|3|3|12:29:50.000 PM 28-Sep-2026
CHOICE|2|2|17|5|4|1|12:30:00.000 PM 28-Sep-2026
CONFIRM|2|2|17|12:30:09.000 PM 28-Sep-2026
CHOICE|2|2|18|3|4|3|12:30:13.000 PM 28-Sep-2026
CHOICE|2|2|18|3|4|4|12:30:16.000 PM 28-Sep-2026
CONFIRM|2|2|18|12:30:19.000 PM 28-Sep-2026
CHOICE|2|2|19|3|7|1|12:30:25.000 PM 28-Sep-2026
CHOICE|2|2|19|4|7|3|12:30:29.000 PM 28-Sep-2026
CHOICE|2|2|19|4|3|4|12:30:30.000 PM 28-Sep-2026
CONFIRM|2|2|19|12:30:34.000 PM 28-Sep-2026
CHOICE|2|2|20|3|6|3|12:30:48.000 PM 28-Sep-2026
CONFIRM|2|2|20|12:30:59.000 PM 28-Sep-2026
SCORE|2|2|1|20|39|8
SCORE|2|2|2|10|34|20
SCORE|2|2|3|10|32|9
SCORE|2|2|4|8|13|2
SCORE|2|2|5|6|51|8
SCORE|2|2|6|19|22|14
SCORE|2|2|7|13|28|10
SCORE|2|2|8|7|56|10
SCORE|2|2|9|19|53|14
SCORE|2|2|10|14|57|20
SCORE|2|2|11|10|45|20
SCORE|2|2|12|9|12|6
SCORE|2|2|13|15|35|7
SCORE|2|2|14|5|28|16
SCORE|2|2|15|11|18|14
SCORE|2|2|16|4|36|18
SCORE|2|2|17|11|25|0
SCORE|2|2|18|7|50|2
SCORE|2|2|19|7|31|2
SCORE|2|2|20|20|42|7
PHASE|phase-3-1|12:31:08.000 PM 28-Sep-2026
STATE|3|1|0|0|length 0|8.62
STATE|3|1|0|0|hasGrass|false
STATE|3|1|0|0|hasCanola|true
STATE|3|1|0|0|hasFlower|true
STATE|3|1|0|0|soilQuality|6.81
STATE|3|1|0|0|grassCount|0.74
STATE|3|1|0|0|canolaCount|9.64
STATE|3|1|0|0|flowerCount|4.03
STATE|3|1|0|0|predatorCount|7.23
STATE|3|1|0|0|pollinatorCount|2.21
STATE|3|1|0|0|pestCount|7.37
STATE|3|1|0|0|predatorK|4.3
STATE|3|1|0|0|pollinatorK|5.96
STATE|3|1|0|0|pestK|4.58
STATE|3|1|0|0|yield|3.9
STATE|3|1|0|0|canolaPoints|2.53
STATE|3|1|0|0|paymentPoints|8.41
STATE|3|1|0|0|ownedBy|0
STATE|3|1|0|0|village|0
STATE|3|1|0|0|shared?|true
STATE|3|1|0|1|length 0|3.33
STATE|3|1|0|1|hasGrass|true
STATE|3|1|0|1|hasCanola|false
STATE|3|1|0|1|hasFlower|false
STATE|3|1|0|1|soilQuality|0.28
STATE|3|1|0|1|grassCount|6.67
STATE|3|1|0|1|canolaCount|3.57
STATE|3|1|0|1|flowerCount|1.16
STATE|3|1|0|1|predatorCount|8.38
STATE|3|1|0|1|pollinatorCount|2.86
STATE|3|1|0|1|pestCount|0.12
STATE|3|1|0|1|predatorK|2.48
STATE|3|1|0|1|pollinatorK|8.08
STATE|3|1|0|1|pestK|1.65
STATE|3|1|0|1|yield|9.96
STATE|3|1|0|1|canolaPoints|5.76
STATE|3|1|0|1|paymentPoints|8.2
STATE|3|1|0|1|ownedBy|0
STATE|3|1|0|1|village|3
STATE|3|1|0|1|shared?|true
STATE|3|1|0|2|length 0|7.98
STATE|3|1|0|2|hasGrass|false
STATE|3|1|0|2|hasCanola|true
STATE|3|1|0|2|hasFlower|false
STATE|3|1|0|2|soilQuality|6.29
STATE|3|1|0|2|grassCount|1.6
STATE|3|1|0|2|canolaCount|7.52
STATE|3|1|0|2|flowerCount|7.77
STATE|3|1|0|2|predatorCount|1.73
STATE|3|1|0|2|pollinatorCount|6.56
STATE|3|1|0|2|pestCount|1.58
STATE|3|1|0|2|predatorK|0.84
STATE|3|1|0|2|pollinatorK|9.11
STATE|3|1|0|2|pestK|9.2
STATE|3|1|0|2|yield|1.31
STATE|3|1|0|2|canolaPoints|7.03
STATE|3|1|0|2|paymentPoints|3.71
STATE|3|1|0|2|ownedBy|3
STATE|3|1|0|2|village|0
STATE|3|1|0|2|shared?|true
STATE|3|1|0|3|length 0|2.15
STATE|3|1|0|3|hasGrass|false
STATE|3|1|0|3|hasCanola|true
STATE|3|1|0|3|hasFlower|false
STATE|3|1|0|3|soilQuality|6.47
STATE|3|1|0|3|grassCount|4.03
STATE|3|1|0|3|canolaCount|5.2
STATE|3|1|0|3|flowerCount|0.57
STATE|3|1|0|3|predatorCount|1.57
STATE|3|1|0|3|pollinatorCount|4.82
STATE|3|1|0|3|pestCount|4.52
STATE|3|1|0|3|predatorK|4.09
STATE|3|1|0|3|pollinatorK|5.47
STATE|3|1|0|3|pestK|5.09
STATE|3|1|0|3|yield|6.71
STATE|3|1|0|3|canolaPoints|6.94
STATE|3|1|0|3|paymentPoints|8.13
STATE|3|1|0|3|ownedBy|1
STATE|3|1|0|3|village|2
STATE|3|1|0|3|shared?|false
STATE|3|1|0|4|length 0|7.1
STATE|3|1|0|4|hasGrass|false
STATE|3|1|0|4|hasCanola|false
STATE|3|1|0|4|hasFlower|true
STATE|3|1|0|4|soilQuality|1.08
STATE|3|1|0|4|grassCount|3.0
STATE|3|1|0|4|canolaCount|3.15
STATE|3|1|0|4|flowerCount|2.96
STATE|3|1|0|4|predatorCount|7.68
STATE|3|1|0|4|pollinatorCount|7.05
STATE|3|1|0|4|pestCount|3.2
STATE|3|1|0|4|predatorK|8.5
STATE|3|1|0|4|pollinatorK|8.41
STATE|3|1|0|4|pestK|6.01
STATE|3|1|0|4|yield|4.92
STATE|3|1|0|4|canolaPoints|2.01
STATE|3|1|0|4|paymentPoints|5.81
STATE|3|1|0|4|ownedBy|3
STATE|3|1|0|4|village|3
STATE|3|1|0|4|shared?|true
STATE|3|1|0|5|length 0|0.63
STATE|3|1|0|5|hasGrass|false
STATE|3|1|0|5|hasCanola|false
STATE|3|1|0|5|hasFlower|true
STATE|3|1|0|5|soilQuality|6.47
STATE|3|1|0|5|grassCount|3.05
STATE|3|1|0|5|canolaCount|7.27
STATE|3|1|0|5|flowerCount|4.52
STATE|3|1|0|5|predatorCount|3.72
STATE|3|1|0|5|pollinatorCount|5.76
STATE|3|1|0|5|pestCount|9.18
STATE|3|1|0|5|predatorK|8.13
STATE|3|1|0|5|pollinatorK|4.68
STATE|3|1|0|5|pestK|0.15
STATE|3|1|0|5|yield|4.5
STATE|3|1|0|5|canolaPoints|9.38
STATE|3|1|0|5|paymentPoints|0.66
STATE|3|1|0|5|ownedBy|3
STATE|3|1|0|5|village|0
STATE|3|1|0|5|shared?|true
STATE|3|1|0|6|length 0|9.61
STATE|3|1|0|6|hasGrass|false
STATE|3|1|0|6|hasCanola|false
STATE|3|1|0|6|hasFlower|true
STATE|3|1|0|6|soilQuality|3.09
STATE|3|1|0|6|grassCount|6.03
STATE|3|1|0|6|canolaCount|0.21
STATE|3|1|0|6|flowerCount|3.21
STATE|3|1|0|6|predatorCount|4.12
STATE|3|1|0|6|pollinatorCount|3.44
STATE|3|1|0|6|pestCount|2.32
STATE|3|1|0|6|predatorK|7.52
STATE|3|1|0|6|pollinatorK|2.84
STATE|3|1|0|6|pestK|9.89
STATE|3|1|0|6|yield|4.69
STATE|3|1|0|6|canolaPoints|3.75
STATE|3|1|0|6|paymentPoints|8.55
STATE|3|1|0|6|ownedBy|0
STATE|3|1|0|6|village|0
STATE|3|1|0|6|shared?|false
STATE|3|1|0|7|length 0|6.59
STATE|3|1|0|7|hasGrass|false
STATE|3|1|0|7|hasCanola|true
STATE|3|1|0|7|hasFlower|false
STATE|3|1|0|7|soilQuality|9.73
STATE|3|1|0|7|grassCount|6.68
STATE|3|1|0|7|canolaCount|2.47
STATE|3|1|0|7|flowerCount|8.71
STATE|3|1|0|7|predatorCount|4.52
STATE|3|1|0|7|pollinatorCount|7.1
STATE|3|1|0|7|pestCount|3.17
STATE|3|1|0|7|predatorK|7.2
STATE|3|1|0|7|pollinatorK|9.92
STATE|3|1|0|7|pestK|8.58
STATE|3|1|0|7|yield|5.75
STATE|3|1|0|7|canolaPoints|3.3
STATE|3|1|0|7|paymentPoints|1.6
STATE|3|1|0|7|ownedBy|3
STATE|3|1|0|7|village|1
STATE|3|1|0|7|shared?|true
STATE|3|1|1|0|length 0|8.68
STATE|3|1|1|0|hasGrass|true
STATE|3|1|1|0|hasCanola|true
STATE|3|1|1|0|hasFlower|true
STATE|3|1|1|0|soilQuality|8.71
STATE|3|1|1|0|grassCount|5.58
STATE|3|1|1|0|canolaCount|1.23
STATE|3|1|1|0|flowerCount|0.16
STATE|3|1|1|0|predatorCount|2.04
STATE|3|1|1|0|pollinatorCount|5.72
STATE|3|1|1|0|pestCount|6.11
STATE|3|1|1|0|predatorK|5.45
STATE|3|1|1|0|pollinatorK|6.62
STATE|3|1|1|0|pestK|3.02
STATE|3|1|1|0|yield|4.76
STATE|3|1|1|0|canolaPoints|9.64
STATE|3|1|1|0|paymentPoints|9.12
STATE|3|1|1|0|ownedBy|3
STATE|3|1|1|0|village|1
STATE|3|1|1|0|shared?|false
STATE|3|1|1|1|length 0|0.8
STATE|3|1|1|1|hasGrass|true
STATE|3|1|1|1|hasCanola|false
STATE|3|1|1|1|hasFlower|false
STATE|3|1|1|1|soilQuality|9.57
STATE|3|1|1|1|grassCount|4.12
STATE|3|1|1|1|canolaCount|1.62
STATE|3|1|1|1|flowerCount|8.26
STATE|3|1|1|1|predatorCount|9.47
STATE|3|1|1|1|pollinatorCount|9.51
STATE|3|1|1|1|pestCount|3.4
STATE|3|1|1|1|predatorK|6.58
STATE|3|1|1|1|pollinatorK|1.51
STATE|3|1|1|1|pestK|0.69
STATE|3|1|1|1|yield|0.16
STATE|3|1|1|1|canolaPoints|9.33
STATE|3|1|1|1|paymentPoints|6.85
STATE|3|1|1|1|ownedBy|3
STATE|3|1|1|1|village|2
STATE|3|1|1|1|shared?|true
STATE|3|1|1|2|length 0|8.4
STATE|3|1|1|2|hasGrass|true
STATE|3|1|1|2|hasCanola|false
STATE|3|1|1|2|hasFlower|false
STATE|3|1|1|2|soilQuality|6.51
STATE|3|1|1|2|grassCount|4.39
STATE|3|1|1|2|canolaCount|6.37
STATE|3|1|1|2|flowerCount|9.29
STATE|3|1|1|2|predatorCount|4.53
STATE|3|1|1|2|pollinatorCount|5.22
STATE|3|1|1|2|pestCount|3.41
STATE|3|1|1|2|predatorK|8.66
STATE|3|1|1|2|pollinatorK|4.53
STATE|3|1|1|2|pestK|4.28
STATE|3|1|1|2|yield|2.31
STATE|3|1|1|2|canolaPoints|9.62
STATE|3|1|1|2|paymentPoints|9.76
STATE|3|1|1|2|ownedBy|0
STATE|3|1|1|2|village|2
STATE|3|1|1|2|shared?|true
STATE|3|1|1|3|length 0|4.29
STATE|3|1|1|3|hasGrass|true
STATE|3|1|1|3|hasCanola|true
STATE|3|1|1|3|hasFlower|false
STATE|3|1|1|3|soilQuality|8.42
STATE|3|1|1|3|grassCount|0.3
STATE|3|1|1|3|canolaCount|9.77
STATE|3|1|1|3|flowerCount|8.71
STATE|3|1|1|3|predatorCount|2.62
STATE|3|1|1|3|pollinatorCount|4.68
STATE|3|1|1|3|pestCount|0.43
STATE|3|1|1|3|predatorK|0.44
STATE|3|1|1|3|pollinatorK|9.41
STATE|3|1|1|3|pestK|9.38
STATE|3|1|1|3|yield|3.76
STATE|3|1|1|3|canolaPoints|1.45
STATE|3|1|1|3|paymentPoints|7.28
STATE|3|1|1|3|ownedBy|3
STATE|3|1|1|3|village|0
STATE|3|1|1|3|shared?|false
STATE|3|1|1|4|length 0|7.87
STATE|3|1|1|4|hasGrass|true
STATE|3|1|1|4|hasCanola|false
STATE|3|1|1|4|hasFlower|false
STATE|3|1|1|4|soilQuality|7.32
STATE|3|1|1|4|grassCount|4.22
STATE|3|1|1|4|canolaCount|2.6
STATE|3|1|1|4|flowerCount|1.55
STATE|3|1|1|4|predatorCount|7.09
STATE|3|1|1|4|pollinatorCount|6.1
STATE|3|1|1|4|pestCount|4.72
STATE|3|1|1|4|predatorK|9.98
STATE|3|1|1|4|pollinatorK|4.99
STATE|3|1|1|4|pestK|4.49
STATE|3|1|1|4|yield|9.29
STATE|3|1|1|4|canolaPoints|6.43
STATE|3|1|1|4|paymentPoints|8.79
STATE|3|1|1|4|ownedBy|2
STATE|3|1|1|4|village|0
STATE|3|1|1|4|shared?|true
STATE|3|1|1|5|length 0|0.9
STATE|3|1|1|5|hasGrass|true
STATE|3|1|1|5|hasCanola|false
STATE|3|1|1|5|hasFlower|true
STATE|3|1|1|5|soilQuality|8.59
STATE|3|1|1|5|grassCount|8.69
STATE|3|1|1|5|canolaCount|8.56
STATE|3|1|1|5|flowerCount|6.26
STATE|3|1|1|5|predatorCount|7.44
STATE|3|1|1|5|pollinatorCount|7.76
STATE|3|1|1|5|pestCount|8.75
STATE|3|1|1|5|predatorK|9.52
STATE|3|1|1|5|pollinatorK|0.43
STATE|3|1|1|5|pestK|9.67
STATE|3|1|1|5|yield|9.89
STATE|3|1|1|5|canolaPoints|4.08
STATE|3|1|1|5|paymentPoints|6.4
STATE|3|1|1|5|ownedBy|0
STATE|3|1|1|5|village|2
STATE|3|1|1|5|shared?|true
STATE|3|1|1|6|length 0|8.38
STATE|3|1|1|6|hasGrass|true
STATE|3|1|1|6|hasCanola|false
STATE|3|1|1|6|hasFlower|true
STATE|3|1|1|6|soilQuality|8.45
STATE|3|1|1|6|grassCount|2.88
STATE|3|1|1|6|canolaCount|1.0
STATE|3|1|1|6|flowerCount|4.41
STATE|3|1|1|6|predatorCount|3.54
STATE|3|1|1|6|pollinatorCount|1.39
STATE|3|1|1|6|pestCount|9.74
STATE|3|1|1|6|predatorK|9.6
STATE|3|1|1|6|pollinatorK|6.72
STATE|3|1|1|6|pestK|8.1
STATE|3|1|1|6|yield|6.3
STATE|3|1|1|6|canolaPoints|3.74
STATE|3|1|1|6|paymentPoints|4.76
STATE|3|1|1|6|ownedBy|0
STATE|3|1|1|6|village|1
STATE|3|1|1|6|shared?|true
STATE|3|1|1|7|length 0|8.19
STATE|3|1|1|7|hasGrass|false
STATE|3|1|1|7|hasCanola|false
STATE|3|1|1|7|hasFlower|true
STATE|3|1|1|7|soilQuality|7.6
STATE|3|1|1|7|grassCount|7.89
STATE|3|1|1|7|canolaCount|6.89
STATE|3|1|1|7|flowerCount|7.55
STATE|3|1|1|7|predatorCount|7.92
STATE|3|1|1|7|pollinatorCount|8.31
STATE|3|1|1|7|pestCount|9.04
STATE|3|1|1|7|predatorK|5.09
STATE|3|1|1|7|pollinatorK|2.79
STATE|3|1|1|7|pestK|7.68
STATE|3|1|1|7|yield|3.85
STATE|3|1|1|7|canolaPoints|0.89
STATE|3|1|1|7|paymentPoints|0.84
STATE|3|1|1|7|ownedBy|0
STATE|3|1|1|7|village|3
STATE|3|1|1|7|shared?|false
STATE|3|1|2|0|length 0|4.71
STATE|3|1|2|0|hasGrass|false
STATE|3|1|2|0|hasCanola|true
STATE|3|1|2|0|hasFlower|true
STATE|3|1|2|0|soilQuality|4.07
STATE|3|1|2|0|grassCount|2.49
STATE|3|1|2|0|canolaCount|6.25
STATE|3|1|2|0|flowerCount|3.54
STATE|3|1|2|0|predatorCount|4.81
STATE|3|1|2|0|pollinatorCount|1.15
STATE|3|1|2|0|pestCount|7.69
STATE|3|1|2|0|predatorK|0.2
STATE|3|1|2|0|pollinatorK|7.22
STATE|3|1|2|0|pestK|2.47
STATE|3|1|2|0|yield|0.33
STATE|3|1|2|0|canolaPoints|4.93
STATE|3|1|2|0|paymentPoints|8.92
STATE|3|1|2|0|ownedBy|2
STATE|3|1|2|0|village|2
STATE|3|1|2|0|shared?|true
STATE|3|1|2|1|length 0|3.75
STATE|3|1|2|1|hasGrass|false
STATE|3|1|2|1|hasCanola|false
STATE|3|1|2|1|hasFlower|true
STATE|3|1|2|1|soilQuality|5.61
STATE|3|1|2|1|grassCount|0.84
STATE|3|1|2|1|canolaCount|4.43
STATE|3|1|2|1|flowerCount|8.53
STATE|3|1|2|1|predatorCount|6.31
STATE|3|1|2|1|pollinatorCount|6.32
STATE|3|1|2|1|pestCount|3.98
STATE|3|1|2|1|predatorK|7.08
STATE|3|1|2|1|pollinatorK|6.07
STATE|3|1|2|1|pestK|5.54
STATE|3|1|2|1|yield|9.3
STATE|3|1|2|1|canolaPoints|5.32
STATE|3|1|2|1|paymentPoints|3.3
STATE|3|1|2|1|ownedBy|1
STATE|3|1|2|1|village|2
STATE|3|1|2|1|shared?|false
STATE|3|1|2|2|length 0|5.44
STATE|3|1|2|2|hasGrass|true
STATE|3|1|2|2|hasCanola|true
STATE|3|1|2|2|hasFlower|false
STATE|3|1|2|2|soilQuality|4.38
STATE|3|1|2|2|grassCount|3.82
STATE|3|1|2|2|canolaCount|9.26
STATE|3|1|2|2|flowerCount|1.43
STATE|3|1|2|2|predatorCount|3.6
STATE|3|1|2|2|pollinatorCount|6.66
STATE|3|1|2|2|pestCount|1.27
STATE|3|1|2|2|predatorK|6.95
STATE|3|1|2|2|pollinatorK|5.24
STATE|3|1|2|2|pestK|5.82
STATE|3|1|2|2|yield|6.47
STATE|3|1|2|2|canolaPoints|1.68
STATE|3|1|2|2|paymentPoints|4.84
STATE|3|1|2|2|ownedBy|0
STATE|3|1|2|2|village|1
STATE|3|1|2|2|shared?|true
STATE|3|1|2|3|length 0|2.95
STATE|3|1|2|3|hasGrass|true
STATE|3|1|2|3|hasCanola|false
STATE|3|1|2|3|hasFlower|false
STATE|3|1|2|3|soilQuality|8.26
STATE|3|1|2|3|grassCount|5.75
STATE|3|1|2|3|canolaCount|0.75
STATE|3|1|2|3|flowerCount|5.98
STATE|3|1|2|3|predatorCount|7.05
STATE|3|1|2|3|pollinatorCount|7.17
STATE|3|1|2|3|pestCount|0.37
STATE|3|1|2|3|predatorK|2.15
STATE|3|1|2|3|pollinatorK|5.63
STATE|3|1|2|3|pestK|5.89
STATE|3|1|2|3|yield|9.43
STATE|3|1|2|3|canolaPoints|9.21
STATE|3|1|2|3|paymentPoints|7.37
STATE|3|1|2|3|ownedBy|2
STATE|3|1|2|3|village|1
STATE|3|1|2|3|shared?|false
STATE|3|1|2|4|length 0|4.65
STATE|3|1|2|4|hasGrass|true
STATE|3|1|2|4|hasCanola|false
STATE|3|1|2|4|hasFlower|false
STATE|3|1|2|4|soilQuality|2.29
STATE|3|1|2|4|grassCount|1.4
STATE|3|1|2|4|canolaCount|4.15
STATE|3|1|2|4|flowerCount|6.72
STATE|3|1|2|4|predatorCount|7.8
STATE|3|1|2|4|pollinatorCount|0.48
STATE|3|1|2|4|pestCount|0.15
STATE|3|1|2|4|predatorK|1.38
STATE|3|1|2|4|pollinatorK|3.24
STATE|3|1|2|4|pestK|3.99
STATE|3|1|2|4|yield|3.0
STATE|3|1|2|4|canolaPoints|2.06
STATE|3|1|2|4|paymentPoints|7.23
STATE|3|1|2|4|ownedBy|3
STATE|3|1|2|4|village|0
STATE|3|1|2|4|shared?|true
STATE|3|1|2|5|length 0|4.51
STATE|3|1|2|5|hasGrass|false
STATE|3|1|2|5|hasCanola|true
STATE|3|1|2|5|hasFlower|false
STATE|3|1|2|5|soilQuality|3.35
STATE|3|1|2|5|grassCount|0.3
STATE|3|1|2|5|canolaCount|0.64
STATE|3|1|2|5|flowerCount|0.27
STATE|3|1|2|5|predatorCount|8.15
STATE|3|1|2|5|pollinatorCount|6.07
STATE|3|1|2|5|pestCount|6.11
STATE|3|1|2|5|predatorK|3.4
STATE|3|1|2|5|pollinatorK|5.39
STATE|3|1|2|5|pestK|5.85
STATE|3|1|2|5|yield|2.69
STATE|3|1|2|5|canolaPoints|1.01
STATE|3|1|2|5|paymentPoints|0.93
STATE|3|1|2|5|ownedBy|2
STATE|3|1|2|5|village|2
STATE|3|1|2|5|shared?|false
STATE|3|1|2|6|length 0|6.05
STATE|3|1|2|6|hasGrass|true
STATE|3|1|2|6|hasCanola|true
STATE|3|1|2|6|hasFlower|true
STATE|3|1|2|6|soilQuality|5.54
STATE|3|1|2|6|grassCount|9.81
STATE|3|1|2|6|canolaCount|4.34
STATE|3|1|2|6|flowerCount|5.66
STATE|3|1|2|6|predatorCount|5.65
STATE|3|1|2|6|pollinatorCount|2.65
STATE|3|1|2|6|pestCount|4.55
STATE|3|1|2|6|predatorK|4.49
STATE|3|1|2|6|pollinatorK|2.43
STATE|3|1|2|6|pestK|4.44
STATE|3|1|2|6|yield|6.08
STATE|3|1|2|6|canolaPoints|3.47
STATE|3|1|2|6|paymentPoints|6.91
STATE|3|1|2|6|ownedBy|3
STATE|3|1|2|6|village|3
STATE|3|1|2|6|shared?|false
STATE|3|1|2|7|length 0|9.36
STATE|3|1|2|7|hasGrass|false
STATE|3|1|2|7|hasCanola|false
STATE|3|1|2|7|hasFlower|false
STATE|3|1|2|7|soilQuality|4.17
STATE|3|1|2|7|grassCount|0.97
STATE|3|1|2|7|canolaCount|1.05
STATE|3|1|2|7|flowerCount|9.92
STATE|3|1|2|7|predatorCount|2.42
STATE|3|1|2|7|pollinatorCount|2.37
STATE|3|1|2|7|pestCount|1.32
STATE|3|1|2|7|predatorK|1.95
STATE|3|1|2|7|pollinatorK|1.01
STATE|3|1|2|7|pestK|5.74
STATE|3|1|2|7|yield|5.18
STATE|3|1|2|7|canolaPoints|7.69
STATE|3|1|2|7|paymentPoints|8.69
STATE|3|1|2|7|ownedBy|2
STATE|3|1|2|7|village|1
STATE|3|1|2|7|shared?|false
STATE|3|1|3|0|length 0|5.01
STATE|3|1|3|0|hasGrass|true
STATE|3|1|3|0|hasCanola|false
STATE|3|1|3|0|hasFlower|true
STATE|3|1|3|0|soilQuality|0.63
STATE|3|1|3|0|grassCount|4.84
STATE|3|1|3|0|canolaCount|6.91
STATE|3|1|3|0|flowerCount|2.86
STATE|3|1|3|0|predatorCount|3.51
STATE|3|1|3|0|pollinatorCount|3.29
STATE|3|1|3|0|pestCount|2.06
STATE|3|1|3|0|predatorK|7.43
STATE|3|1|3|0|pollinatorK|8.92
STATE|3|1|3|0|pestK|7.65
STATE|3|1|3|0|yield|5.33
STATE|3|1|3|0|canolaPoints|8.97
STATE|3|1|3|0|paymentPoints|9.74
STATE|3|1|3|0|ownedBy|0
STATE|3|1|3|0|village|1
STATE|3|1|3|0|shared?|false
STATE|3|1|3|1|length 0|4.44
STATE|3|1|3|1|hasGrass|false
STATE|3|1|3|1|hasCanola|true
STATE|3|1|3|1|hasFlower|false
STATE|3|1|3|1|soilQuality|6.03
STATE|3|1|3|1|grassCount|0.38
STATE|3|1|3|1|canolaCount|2.94
STATE|3|1|3|1|flowerCount|0.68
STATE|3|1|3|1|predatorCount|4.57
STATE|3|1|3|1|pollinatorCount|9.08
STATE|3|1|3|1|pestCount|7.15
STATE|3|1|3|1|predatorK|7.83
STATE|3|1|3|1|pollinatorK|3.85
STATE|3|1|3|1|pestK|5.39
STATE|3|1|3|1|yield|0.09
STATE|3|1|3|1|canolaPoints|7.57
STATE|3|1|3|1|paymentPoints|1.61
STATE|3|1|3|1|ownedBy|0
STATE|3|1|3|1|village|1
STATE|3|1|3|1|shared?|true
STATE|3|1|3|2|length 0|9.66
STATE|3|1|3|2|hasGrass|true
STATE|3|1|3|2|hasCanola|false
STATE|3|1|3|2|hasFlower|true
STATE|3|1|3|2|soilQuality|9.44
STATE|3|1|3|2|grassCount|3.84
STATE|3|1|3|2|canolaCount|5.67
STATE|3|1|3|2|flowerCount|1.7
STATE|3|1|3|2|predatorCount|5.1
STATE|3|1|3|2|pollinatorCount|1.58
STATE|3|1|3|2|pestCount|6.96
STATE|3|1|3|2|predatorK|6.01
STATE|3|1|3|2|pollinatorK|0.41
STATE|3|1|3|2|pestK|1.03
STATE|3|1|3|2|yield|8.97
STATE|3|1|3|2|canolaPoints|5.92
STATE|3|1|3|2|paymentPoints|1.27
STATE|3|1|3|2|ownedBy|0
STATE|3|1|3|2|village|1
STATE|3|1|3|2|shared?|false
STATE|3|1|3|3|length 0|6.39
STATE|3|1|3|3|hasGrass|true
STATE|3|1|3|3|hasCanola|false
STATE|3|1|3|3|hasFlower|false
STATE|3|1|3|3|soilQuality|3.24
STATE|3|1|3|3|grassCount|8.07
STATE|3|1|3|3|canolaCount|1.28
STATE|3|1|3|3|flowerCount|5.36
STATE|3|1|3|3|predatorCount|9.17
STATE|3|1|3|3|pollinatorCount|0.32
STATE|3|1|3|3|pestCount|6.69
STATE|3|1|3|3|predatorK|2.16
STATE|3|1|3|3|pollinatorK|2.02
STATE|3|1|3|3|pestK|7.27
STATE|3|1|3|3|yield|6.03
STATE|3|1|3|3|canolaPoints|5.81
STATE|3|1|3|3|paymentPoints|0.06
STATE|3|1|3|3|ownedBy|1
STATE|3|1|3|3|village|3
STATE|3|1|3|3|shared?|true
STATE|3|1|3|4|length 0|5.44
STATE|3|1|3|4|hasGrass|true
STATE|3|1|3|4|hasCanola|false
STATE|3|1|3|4|hasFlower|true
STATE|3|1|3|4|soilQuality|9.97
STATE|3|1|3|4|grassCount|4.97
STATE|3|1|3|4|canolaCount|5.1
STATE|3|1|3|4|flowerCount|4.47
STATE|3|1|3|4|predatorCount|2.01
STATE|3|1|3|4|pollinatorCount|1.54
STATE|3|1|3|4|pestCount|0.68
STATE|3|1|3|4|predatorK|2.46
STATE|3|1|3|4|pollinatorK|0.94
STATE|3|1|3|4|pestK|5.16
STATE|3|1|3|4|yield|7.24
STATE|3|1|3|4|canolaPoints|0.32
STATE|3|1|3|4|paymentPoints|7.68
STATE|3|1|3|4|ownedBy|1
STATE|3|1|3|4|village|3
STATE|3|1|3|4|shared?|false
STATE|3|1|3|5|length 0|4.68
STATE|3|1|3|5|hasGrass|true
STATE|3|1|3|5|hasCanola|true
STATE|3|1|3|5|hasFlower|false
STATE|3|1|3|5|soilQuality|2.93
STATE|3|1|3|5|grassCount|5.37
STATE|3|1|3|5|canolaCount|0.08
STATE|3|1|3|5|flowerCount|6.79
STATE|3|1|3|5|predatorCount|1.16
STATE|3|1|3|5|pollinatorCount|1.42
STATE|3|1|3|5|pestCount|0.02
STATE|3|1|3|5|predatorK|3.14
STATE|3|1|3|5|pollinatorK|6.99
STATE|3|1|3|5|pestK|3.78
STATE|3|1|3|5|yield|0.41
STATE|3|1|3|5|canolaPoints|9.92
STATE|3|1|3|5|paymentPoints|6.69
STATE|3|1|3|5|ownedBy|0
STATE|3|1|3|5|village|3
STATE|3|1|3|5|shared?|false
STATE|3|1|3|6|length 0|9.14
STATE|3|1|3|6|hasGrass|false
STATE|3|1|3|6|hasCanola|false
STATE|3|1|3|6|hasFlower|true
STATE|3|1|3|6|soilQuality|4.97
STATE|3|1|3|6|grassCount|8.77
STATE|3|1|3|6|canolaCount|3.49
STATE|3|1|3|6|flowerCount|4.04
STATE|3|1|3|6|predatorCount|1.66
STATE|3|1|3|6|pollinatorCount|3.18
STATE|3|1|3|6|pestCount|4.13
STATE|3|1|3|6|predatorK|2.64
STATE|3|1|3|6|pollinatorK|4.06
STATE|3|1|3|6|pestK|7.57
STATE|3|1|3|6|yield|7.83
STATE|3|1|3|6|canolaPoints|3.9
STATE|3|1|3|6|paymentPoints|4.54
STATE|3|1|3|6|ownedBy|1
STATE|3|1|3|6|village|0
STATE|3|1|3|6|shared?|false
STATE|3|1|3|7|length 0|5.79
STATE|3|1|3|7|hasGrass|false
STATE|3|1|3|7|hasCanola|false
STATE|3|1|3|7|hasFlower|true
STATE|3|1|3|7|soilQuality|0.47
STATE|3|1|3|7|grassCount|0.68
STATE|3|1|3|7|canolaCount|2.78
STATE|3|1|3|7|flowerCount|7.08
STATE|3|1|3|7|predatorCount|6.07
STATE|3|1|3|7|pollinatorCount|9.36
STATE|3|1|3|7|pestCount|9.54
STATE|3|1|3|7|predatorK|3.03
STATE|3|1|3|7|pollinatorK|8.42
STATE|3|1|3|7|pestK|6.66
STATE|3|1|3|7|yield|8.24
STATE|3|1|3|7|canolaPoints|7.5
STATE|3|1|3|7|paymentPoints|5.24
STATE|3|1|3|7|ownedBy|3
STATE|3|1|3|7|village|0
STATE|3|1|3|7|shared?|false
STATE|3|1|4|0|length 0|0.57
STATE|3|1|4|0|hasGrass|false
STATE|3|1|4|0|hasCanola|true
STATE|3|1|4|0|hasFlower|true
STATE|3|1|4|0|soilQuality|6.73
STATE|3|1|4|0|grassCount|0.4
STATE|3|1|4|0|canolaCount|2.07
STATE|3|1|4|0|flowerCount|1.83
STATE|3|1|4|0|predatorCount|7.56
STATE|3|1|4|0|pollinatorCount|5.25
STATE|3|1|4|0|pestCount|1.47
STATE|3|1|4|0|predatorK|9.63
STATE|3|1|4|0|pollinatorK|6.71
STATE|3|1|4|0|pestK|6.31
STATE|3|1|4|0|yield|0.28
STATE|3|1|4|0|canolaPoints|6.85
STATE|3|1|4|0|paymentPoints|9.45
STATE|3|1|4|0|ownedBy|3
STATE|3|1|4|0|village|0
STATE|3|1|4|0|shared?|false
STATE|3|1|4|1|length 0|2.76
STATE|3|1|4|1|hasGrass|false
STATE|3|1|4|1|hasCanola|false
STATE|3|1|4|1|hasFlower|true
STATE|3|1|4|1|soilQuality|8.44
STATE|3|1|4|1|grassCount|8.92
STATE|3|1|4|1|canolaCount|3.67
STATE|3|1|4|1|flowerCount|3.67
STATE|3|1|4|1|predatorCount|6.06
STATE|3|1|4|1|pollinatorCount|8.85
STATE|3|1|4|1|pestCount|5.57
STATE|3|1|4|1|predatorK|8.31
STATE|3|1|4|1|pollinatorK|6.63
STATE|3|1|4|1|pestK|0.44
STATE|3|1|4|1|yield|2.64
STATE|3|1|4|1|canolaPoints|4.43
STATE|3|1|4|1|paymentPoints|5.05
STATE|3|1|4|1|ownedBy|2
STATE|3|1|4|1|village|3
STATE|3|1|4|1|shared?|true
STATE|3|1|4|2|length 0|3.12
STATE|3|1|4|2|hasGrass|false
STATE|3|1|4|2|hasCanola|false
STATE|3|1|4|2|hasFlower|true
STATE|3|1|4|2|soilQuality|1.36
STATE|3|1|4|2|grassCount|4.34
STATE|3|1|4|2|canolaCount|3.9
STATE|3|1|4|2|flowerCount|9.53
STATE|3|1|4|2|predatorCount|0.69
STATE|3|1|4|2|pollinatorCount|1.5
STATE|3|1|4|2|pestCount|3.5
STATE|3|1|4|2|predatorK|1.21
STATE|3|1|4|2|pollinatorK|9.12
STATE|3|1|4|2|pestK|5.98
STATE|3|1|4|2|yield|8.25
STATE|3|1|4|2|canolaPoints|0.74
STATE|3|1|4|2|paymentPoints|2.3
STATE|3|1|4|2|ownedBy|1
STATE|3|1|4|2|village|0
STATE|3|1|4|2|shared?|false
STATE|3|1|4|3|length 0|7.05
STATE|3|1|4|3|hasGrass|false
STATE|3|1|4|3|hasCanola|false
STATE|3|1|4|3|hasFlower|true
STATE|3|1|4|3|soilQuality|0.65
STATE|3|1|4|3|grassCount|7.3
STATE|3|1|4|3|canolaCount|8.72
STATE|3|1|4|3|flowerCount|5.7
STATE|3|1|4|3|predatorCount|1.14
STATE|3|1|4|3|pollinatorCount|5.06
STATE|3|1|4|3|pestCount|1.52
STATE|3|1|4|3|predatorK|0.36
STATE|3|1|4|3|pollinatorK|7.87
STATE|3|1|4|3|pestK|4.55
STATE|3|1|4|3|yield|9.98
STATE|3|1|4|3|canolaPoints|3.97
STATE|3|1|4|3|paymentPoints|4.83
STATE|3|1|4|3|ownedBy|0
STATE|3|1|4|3|village|0
STATE|3|1|4|3|shared?|true
STATE|3|1|4|4|length 0|5.45
STATE|3|1|4|4|hasGrass|true
STATE|3|1|4|4|hasCanola|true
STATE|3|1|4|4|hasFlower|true
STATE|3|1|4|4|soilQuality|4.31
STATE|3|1|4|4|grassCount|2.01
STATE|3|1|4|4|canolaCount|6.96
STATE|3|1|4|4|flowerCount|0.5
STATE|3|1|4|4|predatorCount|4.02
STATE|3|1|4|4|pollinatorCount|2.58
STATE|3|1|4|4|pestCount|5.84
STATE|3|1|4|4|predatorK|4.35
STATE|3|1|4|4|pollinatorK|2.61
STATE|3|1|4|4|pestK|3.38
STATE|3|1|4|4|yield|3.78
STATE|3|1|4|4|canolaPoints|7.75
STATE|3|1|4|4|paymentPoints|1.91
STATE|3|1|4|4|ownedBy|3
STATE|3|1|4|4|village|0
STATE|3|1|4|4|shared?|true
STATE|3|1|4|5|length 0|1.41
STATE|3|1|4|5|hasGrass|true
STATE|3|1|4|5|hasCanola|true
STATE|3|1|4|5|hasFlower|true
STATE|3|1|4|5|soilQuality|7.14
STATE|3|1|4|5|grassCount|4.14
STATE|3|1|4|5|canolaCount|7.56
STATE|3|1|4|5|flowerCount|6.89
STATE|3|1|4|5|predatorCount|3.14
STATE|3|1|4|5|pollinatorCount|9.05
STATE|3|1|4|5|pestCount|4.56
STATE|3|1|4|5|predatorK|0.27
STATE|3|1|4|5|pollinatorK|3.95
STATE|3|1|4|5|pestK|0.9
STATE|3|1|4|5|yield|2.62
STATE|3|1|4|5|canolaPoints|7.33
STATE|3|1|4|5|paymentPoints|0.19
STATE|3|1|4|5|ownedBy|3
STATE|3|1|4|5|village|1
STATE|3|1|4|5|shared?|true
STATE|3|1|4|6|length 0|6.75
STATE|3|1|4|6|hasGrass|false
STATE|3|1|4|6|hasCanola|true
STATE|3|1|4|6|hasFlower|true
STATE|3|1|4|6|soilQuality|8.6
STATE|3|1|4|6|grassCount|7.23
STATE|3|1|4|6|canolaCount|3.3
STATE|3|1|4|6|flowerCount|9.88
STATE|3|1|4|6|predatorCount|7.35
STATE|3|1|4|6|pollinatorCount|0.65
STATE|3|1|4|6|pestCount|1.62
STATE|3|1|4|6|predatorK|8.72
STATE|3|1|4|6|pollinatorK|7.26
STATE|3|1|4|6|pestK|3.4
STATE|3|1|4|6|yield|2.27
STATE|3|1|4|6|canolaPoints|4.28
STATE|3|1|4|6|paymentPoints|3.0
STATE|3|1|4|6|ownedBy|3
STATE|3|1|4|6|village|0
STATE|3|1|4|6|shared?|true
STATE|3|1|4|7|length 0|1.29
STATE|3|1|4|7|hasGrass|true
STATE|3|1|4|7|hasCanola|false
STATE|3|1|4|7|hasFlower|false
STATE|3|1|4|7|soilQuality|1.29
STATE|3|1|4|7|grassCount|3.88
STATE|3|1|4|7|canolaCount|2.21
STATE|3|1|4|7|flowerCount|3.32
STATE|3|1|4|7|predatorCount|7.45
STATE|3|1|4|7|pollinatorCount|3.57
STATE|3|1|4|7|pestCount|7.75
STATE|3|1|4|7|predatorK|5.29
STATE|3|1|4|7|pollinatorK|6.81
STATE|3|1|4|7|pestK|9.81
STATE|3|1|4|7|yield|5.18
STATE|3|1|4|7|canolaPoints|9.65
STATE|3|1|4|7|paymentPoints|1.95
STATE|3|1|4|7|ownedBy|3
STATE|3|1|4|7|village|3
STATE|3|1|4|7|shared?|false
STATE|3|1|5|0|length 0|0.25
STATE|3|1|5|0|hasGrass|false
STATE|3|1|5|0|hasCanola|true
STATE|3|1|5|0|hasFlower|false
STATE|3|1|5|0|soilQuality|6.4
STATE|3|1|5|0|grassCount|7.97
STATE|3|1|5|0|canolaCount|0.46
STATE|3|1|5|0|flowerCount|4.68
STATE|3|1|5|0|predatorCount|9.32
STATE|3|1|5|0|pollinatorCount|6.2
STATE|3|1|5|0|pestCount|4.51
STATE|3|1|5|0|predatorK|3.74
STATE|3|1|5|0|pollinatorK|3.21
STATE|3|1|5|0|pestK|0.68
STATE|3|1|5|0|yield|0.72
STATE|3|1|5|0|canolaPoints|9.95
STATE|3|1|5|0|paymentPoints|1.73
STATE|3|1|5|0|ownedBy|3
STATE|3|1|5|0|village|0
STATE|3|1|5|0|shared?|true
STATE|3|1|5|1|length 0|1.74
STATE|3|1|5|1|hasGrass|false
STATE|3|1|5|1|hasCanola|true
STATE|3|1|5|1|hasFlower|false
STATE|3|1|5|1|soilQuality|8.99
STATE|3|1|5|1|grassCount|5.8
STATE|3|1|5|1|canolaCount|2.9
STATE|3|1|5|1|flowerCount|9.91
STATE|3|1|5|1|predatorCount|5.45
STATE|3|1|5|1|pollinatorCount|0.08
STATE|3|1|5|1|pestCount|7.37
STATE|3|1|5|1|predatorK|2.03
STATE|3|1|5|1|pollinatorK|8.57
STATE|3|1|5|1|pestK|4.69
STATE|3|1|5|1|yield|2.64
STATE|3|1|5|1|canolaPoints|9.14
STATE|3|1|5|1|paymentPoints|9.89
STATE|3|1|5|1|ownedBy|0
STATE|3|1|5|1|village|3
STATE|3|1|5|1|shared?|true
STATE|3|1|5|2|length 0|1.81
STATE|3|1|5|2|hasGrass|false
STATE|3|1|5|2|hasCanola|true
STATE|3|1|5|2|hasFlower|false
STATE|3|1|5|2|soilQuality|7.37
STATE|3|1|5|2|grassCount|2.25
STATE|3|1|5|2|canolaCount|3.06
STATE|3|1|5|2|flowerCount|1.42
STATE|3|1|5|2|predatorCount|7.55
STATE|3|1|5|2|pollinatorCount|6.15
STATE|3|1|5|2|pestCount|0.95
STATE|3|1|5|2|predatorK|4.42
STATE|3|1|5|2|pollinatorK|6.76
STATE|3|1|5|2|pestK|2.4
STATE|3|1|5|2|yield|9.65
STATE|3|1|5|2|canolaPoints|5.44
STATE|3|1|5|2|paymentPoints|7.83
STATE|3|1|5|2|ownedBy|3
STATE|3|1|5|2|village|0
STATE|3|1|5|2|shared?|false
STATE|3|1|5|3|length 0|8.68
STATE|3|1|5|3|hasGrass|false
STATE|3|1|5|3|hasCanola|true
STATE|3|1|5|3|hasFlower|true
STATE|3|1|5|3|soilQuality|4.53
STATE|3|1|5|3|grassCount|9.63
STATE|3|1|5|3|canolaCount|8.66
STATE|3|1|5|3|flowerCount|6.07
STATE|3|1|5|3|predatorCount|8.02
STATE|3|1|5|3|pollinatorCount|7.6
STATE|3|1|5|3|pestCount|7.25
STATE|3|1|5|3|predatorK|3.53
STATE|3|1|5|3|pollinatorK|5.98
STATE|3|1|5|3|pestK|1.13
STATE|3|1|5|3|yield|5.2
STATE|3|1|5|3|canolaPoints|0.02
STATE|3|1|5|3|paymentPoints|0.29
STATE|3|1|5|3|ownedBy|3
STATE|3|1|5|3|village|3
STATE|3|1|5|3|shared?|true
STATE|3|1|5|4|length 0|4.37
STATE|3|1|5|4|hasGrass|true
STATE|3|1|5|4|hasCanola|false
STATE|3|1|5|4|hasFlower|false
STATE|3|1|5|4|soilQuality|0.56
STATE|3|1|5|4|grassCount|8.28
STATE|3|1|5|4|canolaCount|0.08
STATE|3|1|5|4|flowerCount|3.65
STATE|3|1|5|4|predatorCount|4.39
STATE|3|1|5|4|pollinatorCount|6.87
STATE|3|1|5|4|pestCount|2.47
STATE|3|1|5|4|predatorK|7.59
STATE|3|1|5|4|pollinatorK|0.14
STATE|3|1|5|4|pestK|4.18
STATE|3|1|5|4|yield|1.32
STATE|3|1|5|4|canolaPoints|5.96
STATE|3|1|5|4|paymentPoints|8.14
STATE|3|1|5|4|ownedBy|0
STATE|3|1|5|4|village|3
STATE|3|1|5|4|shared?|true
STATE|3|1|5|5|length 0|5.82
STATE|3|1|5|5|hasGrass|false
STATE|3|1|5|5|hasCanola|false
STATE|3|1|5|5|hasFlower|true
STATE|3|1|5|5|soilQuality|2.7
STATE|3|1|5|5|grassCount|7.84
STATE|3|1|5|5|canolaCount|3.93
STATE|3|1|5|5|flowerCount|3.38
STATE|3|1|5|5|predatorCount|7.3
STATE|3|1|5|5|pollinatorCount|5.2
STATE|3|1|5|5|pestCount|7.98
STATE|3|1|5|5|predatorK|2.85
STATE|3|1|5|5|pollinatorK|0.92
STATE|3|1|5|5|pestK|2.21
STATE|3|1|5|5|yield|5.27
STATE|3|1|5|5|canolaPoints|6.52
STATE|3|1|5|5|paymentPoints|8.17
STATE|3|1|5|5|ownedBy|0
STATE|3|1|5|5|village|0
STATE|3|1|5|5|shared?|false
STATE|3|1|5|6|length 0|4.81
STATE|3|1|5|6|hasGrass|true
STATE|3|1|5|6|hasCanola|false
STATE|3|1|5|6|hasFlower|false
STATE|3|1|5|6|soilQuality|0.95
STATE|3|1|5|6|grassCount|0.17
STATE|3|1|5|6|canolaCount|7.11
STATE|3|1|5|6|flowerCount|5.84
STATE|3|1|5|6|predatorCount|9.94
STATE|3|1|5|6|pollinatorCount|4.67
STATE|3|1|5|6|pestCount|4.91
STATE|3|1|5|6|predatorK|4.04
STATE|3|1|5|6|pollinatorK|2.84
STATE|3|1|5|6|pestK|0.08
STATE|3|1|5|6|yield|6.59
STATE|3|1|5|6|canolaPoints|6.14
STATE|3|1|5|6|paymentPoints|2.03
STATE|3|1|5|6|ownedBy|0
STATE|3|1|5|6|village|1
STATE|3|1|5|6|shared?|false
STATE|3|1|5|7|length 0|8.78
STATE|3|1|5|7|hasGrass|true
STATE|3|1|5|7|hasCanola|false
STATE|3|1|5|7|hasFlower|true
STATE|3|1|5|7|soilQuality|3.25
STATE|3|1|5|7|grassCount|0.42
STATE|3|1|5|7|canolaCount|7.12
STATE|3|1|5|7|flowerCount|3.86
STATE|3|1|5|7|predatorCount|2.04
STATE|3|1|5|7|pollinatorCount|5.18
STATE|3|1|5|7|pestCount|3.66
STATE|3|1|5|7|predatorK|2.04
STATE|3|1|5|7|pollinatorK|9.81
STATE|3|1|5|7|pestK|6.36
STATE|3|1|5|7|yield|1.68
STATE|3|1|5|7|canolaPoints|1.46
STATE|3|1|5|7|paymentPoints|8.4
STATE|3|1|5|7|ownedBy|2
STATE|3|1|5|7|village|0
STATE|3|1|5|7|shared?|true
STATE|3|1|6|0|length 0|3.41
STATE|3|1|6|0|hasGrass|false
STATE|3|1|6|0|hasCanola|false
STATE|3|1|6|0|hasFlower|true
STATE|3|1|6|0|soilQuality|8.31
STATE|3|1|6|0|grassCount|1.54
STATE|3|1|6|0|canolaCount|2.03
STATE|3|1|6|0|flowerCount|8.5
STATE|3|1|6|0|predatorCount|5.98
STATE|3|1|6|0|pollinatorCount|7.5
STATE|3|1|6|0|pestCount|5.64
STATE|3|1|6|0|predatorK|8.84
STATE|3|1|6|0|pollinatorK|7.03
STATE|3|1|6|0|pestK|4.29
STATE|3|1|6|0|yield|3.96
STATE|3|1|6|0|canolaPoints|7.15
STATE|3|1|6|0|paymentPoints|7.01
STATE|3|1|6|0|ownedBy|1
STATE|3|1|6|0|village|0
STATE|3|1|6|0|shared?|true
STATE|3|1|6|1|length 0|7.23
STATE|3|1|6|1|hasGrass|true
STATE|3|1|6|1|hasCanola|true
STATE|3|1|6|1|hasFlower|true
STATE|3|1|6|1|soilQuality|7.12
STATE|3|1|6|1|grassCount|1.84
STATE|3|1|6|1|canolaCount|0.58
STATE|3|1|6|1|flowerCount|5.95
STATE|3|1|6|1|predatorCount|5.03
STATE|3|1|6|1|pollinatorCount|3.04
STATE|3|1|6|1|pestCount|0.88
STATE|3|1|6|1|predatorK|9.81
STATE|3|1|6|1|pollinatorK|7.44
STATE|3|1|6|1|pestK|4.75
STATE|3|1|6|1|yield|3.7
STATE|3|1|6|1|canolaPoints|7.14
STATE|3|1|6|1|paymentPoints|6.59
STATE|3|1|6|1|ownedBy|3
STATE|3|1|6|1|village|2
STATE|3|1|6|1|shared?|false
STATE|3|1|6|2|length 0|0.35
STATE|3|1|6|2|hasGrass|false
STATE|3|1|6|2|hasCanola|true
STATE|3|1|6|2|hasFlower|false
STATE|3|1|6|2|soilQuality|7.6
STATE|3|1|6|2|grassCount|7.46
STATE|3|1|6|2|canolaCount|8.54
STATE|3|1|6|2|flowerCount|6.11
STATE|3|1|6|2|predatorCount|7.02
STATE|3|1|6|2|pollinatorCount|9.5
STATE|3|1|6|2|pestCount|4.36
STATE|3|1|6|2|predatorK|7.39
STATE|3|1|6|2|pollinatorK|9.82
STATE|3|1|6|2|pestK|2.35
STATE|3|1|6|2|yield|0.33
STATE|3|1|6|2|canolaPoints|3.39
STATE|3|1|6|2|paymentPoints|5.34
STATE|3|1|6|2|ownedBy|1
STATE|3|1|6|2|village|0
STATE|3|1|6|2|shared?|true
STATE|3|1|6|3|length 0|3.61
STATE|3|1|6|3|hasGrass|false
STATE|3|1|6|3|hasCanola|true
STATE|3|1|6|3|hasFlower|true
STATE|3|1|6|3|soilQuality|0.24
STATE|3|1|6|3|grassCount|8.56
STATE|3|1|6|3|canolaCount|1.62
STATE|3|1|6|3|flowerCount|9.67
STATE|3|1|6|3|predatorCount|0.56
STATE|3|1|6|3|pollinatorCount|0.14
STATE|3|1|6|3|pestCount|3.34
STATE|3|1|6|3|predatorK|3.74
STATE|3|1|6|3|pollinatorK|9.06
STATE|3|1|6|3|pestK|9.51
STATE|3|1|6|3|yield|1.3
STATE|3|1|6|3|canolaPoints|4.31
STATE|3|1|6|3|paymentPoints|2.49
STATE|3|1|6|3|ownedBy|3
STATE|3|1|6|3|village|0
STATE|3|1|6|3|shared?|false
STATE|3|1|6|4|length 0|4.49
STATE|3|1|6|4|hasGrass|false
STATE|3|1|6|4|hasCanola|false
STATE|3|1|6|4|hasFlower|false
STATE|3|1|6|4|soilQuality|5.16
STATE|3|1|6|4|grassCount|4.85
STATE|3|1|6|4|canolaCount|5.72
STATE|3|1|6|4|flowerCount|6.41
STATE|3|1|6|4|predatorCount|3.37
STATE|3|1|6|4|pollinatorCount|3.65
STATE|3|1|6|4|pestCount|8.7
STATE|3|1|6|4|predatorK|1.88
STATE|3|1|6|4|pollinatorK|9.79
STATE|3|1|6|4|pestK|3.25
STATE|3|1|6|4|yield|6.19
STATE|3|1|6|4|canolaPoints|6.39
STATE|3|1|6|4|paymentPoints|5.68
STATE|3|1|6|4|ownedBy|0
STATE|3|1|6|4|village|3
STATE|3|1|6|4|shared?|true
STATE|3|1|6|5|length 0|2.75
STATE|3|1|6|5|hasGrass|false
STATE|3|1|6|5|hasCanola|false
STATE|3|1|6|5|hasFlower|false
STATE|3|1|6|5|soilQuality|1.68
STATE|3|1|6|5|grassCount|4.53
STATE|3|1|6|5|canolaCount|4.16
STATE|3|1|6|5|flowerCount|0.48
STATE|3|1|6|5|predatorCount|8.59
STATE|3|1|6|5|pollinatorCount|8.07
STATE|3|1|6|5|pestCount|5.61
STATE|3|1|6|5|predatorK|0.37
STATE|3|1|6|5|pollinatorK|9.2
STATE|3|1|6|5|pestK|2.07
STATE|3|1|6|5|yield|2.01
STATE|3|1|6|5|canolaPoints|4.95
STATE|3|1|6|5|paymentPoints|2.41
STATE|3|1|6|5|ownedBy|3
STATE|3|1|6|5|village|1
STATE|3|1|6|5|shared?|false
STATE|3|1|6|6|length 0|7.33
STATE|3|1|6|6|hasGrass|false
STATE|3|1|6|6|hasCanola|false
STATE|3|1|6|6|hasFlower|false
STATE|3|1|6|6|soilQuality|3.23
STATE|3|1|6|6|grassCount|7.18
STATE|3|1|6|6|canolaCount|7.11
STATE|3|1|6|6|flowerCount|8.3
STATE|3|1|6|6|predatorCount|0.93
STATE|3|1|6|6|pollinatorCount|3.64
STATE|3|1|6|6|pestCount|9.17
STATE|3|1|6|6|predatorK|7.74
STATE|3|1|6|6|pollinatorK|7.22
STATE|3|1|6|6|pestK|4.66
STATE|3|1|6|6|yield|8.61
STATE|3|1|6|6|canolaPoints|3.68
STATE|3|1|6|6|paymentPoints|1.62
STATE|3|1|6|6|ownedBy|0
STATE|3|1|6|6|village|0
STATE|3|1|6|6|shared?|false
STATE|3|1|6|7|length 0|0.25
STATE|3|1|6|7|hasGrass|false
STATE|3|1|6|7|hasCanola|true
STATE|3|1|6|7|hasFlower|true
STATE|3|1|6|7|soilQuality|7.0
STATE|3|1|6|7|grassCount|0.2
STATE|3|1|6|7|canolaCount|6.73
STATE|3|1|6|7|flowerCount|4.38
STATE|3|1|6|7|predatorCount|6.39
STATE|3|1|6|7|pollinatorCount|8.02
STATE|3|1|6|7|pestCount|3.49
STATE|3|1|6|7|predatorK|7.71
STATE|3|1|6|7|pollinatorK|5.05
STATE|3|1|6|7|pestK|8.73
STATE|3|1|6|7|yield|1.73
STATE|3|1|6|7|canolaPoints|5.18
STATE|3|1|6|7|paymentPoints|9.67
STATE|3|1|6|7|ownedBy|3
STATE|3|1|6|7|village|0
STATE|3|1|6|7|shared?|false
STATE|3|1|7|0|length 0|2.07
STATE|3|1|7|0|hasGrass|true
STATE|3|1|7|0|hasCanola|true
STATE|3|1|7|0|hasFlower|true
STATE|3|1|7|0|soilQuality|5.32
STATE|3|1|7|0|grassCount|1.82
STATE|3|1|7|0|canolaCount|0.17
STATE|3|1|7|0|flowerCount|5.99
STATE|3|1|7|0|predatorCount|5.47
STATE|3|1|7|0|pollinatorCount|3.99
STATE|3|1|7|0|pestCount|1.02
STATE|3|1|7|0|predatorK|0.97
STATE|3|1|7|0|pollinatorK|2.72
STATE|3|1|7|0|pestK|8.69
STATE|3|1|7|0|yield|1.04
STATE|3|1|7|0|canolaPoints|1.02
STATE|3|1|7|0|paymentPoints|0.75
STATE|3|1|7|0|ownedBy|0
STATE|3|1|7|0|village|3
STATE|3|1|7|0|shared?|false
STATE|3|1|7|1|length 0|8.69
STATE|3|1|7|1|hasGrass|false
STATE|3|1|7|1|hasCanola|false
STATE|3|1|7|1|hasFlower|true
STATE|3|1|7|1|soilQuality|3.7
STATE|3|1|7|1|grassCount|7.03
STATE|3|1|7|1|canolaCount|4.67
STATE|3|1|7|1|flowerCount|2.91
STATE|3|1|7|1|predatorCount|9.66
STATE|3|1|7|1|pollinatorCount|6.18
STATE|3|1|7|1|pestCount|0.64
STATE|3|1|7|1|predatorK|9.43
STATE|3|1|7|1|pollinatorK|6.96
STATE|3|1|7|1|pestK|6.06
STATE|3|1|7|1|yield|6.21
STATE|3|1|7|1|canolaPoints|9.76
STATE|3|1|7|1|paymentPoints|5.82
STATE|3|1|7|1|ownedBy|1
STATE|3|1|7|1|village|0
STATE|3|1|7|1|shared?|false
STATE|3|1|7|2|length 0|3.56
STATE|3|1|7|2|hasGrass|true
STATE|3|1|7|2|hasCanola|false
STATE|3|1|7|2|hasFlower|true
STATE|3|1|7|2|soilQuality|3.1
STATE|3|1|7|2|grassCount|9.95
STATE|3|1|7|2|canolaCount|3.15
STATE|3|1|7|2|flowerCount|0.84
STATE|3|1|7|2|predatorCount|0.01
STATE|3|1|7|2|pollinatorCount|4.92
STATE|3|1|7|2|pestCount|6.94
STATE|3|1|7|2|predatorK|2.81
STATE|3|1|7|2|pollinatorK|9.95
STATE|3|1|7|2|pestK|1.53
STATE|3|1|7|2|yield|9.79
STATE|3|1|7|2|canolaPoints|9.86
STATE|3|1|7|2|paymentPoints|3.15
STATE|3|1|7|2|ownedBy|0
STATE|3|1|7|2|village|0
STATE|3|1|7|2|shared?|true
STATE|3|1|7|3|length 0|4.85
STATE|3|1|7|3|hasGrass|false
STATE|3|1|7|3|hasCanola|false
STATE|3|1|7|3|hasFlower|true
STATE|3|1|7|3|soilQuality|6.18
STATE|3|1|7|3|grassCount|3.47
STATE|3|1|7|3|canolaCount|7.99
STATE|3|1|7|3|flowerCount|4.68
STATE|3|1|7|3|predatorCount|9.5
STATE|3|1|7|3|pollinatorCount|9.58
STATE|3|1|7|3|pestCount|6.21
STATE|3|1|7|3|predatorK|4.97
STATE|3|1|7|3|pollinatorK|4.0
STATE|3|1|7|3|pestK|2.99
STATE|3|1|7|3|yield|7.65
STATE|3|1|7|3|canolaPoints|5.61
STATE|3|1|7|3|paymentPoints|7.25
STATE|3|1|7|3|ownedBy|1
STATE|3|1|7|3|village|1
STATE|3|1|7|3|shared?|true
STATE|3|1|7|4|length 0|7.71
STATE|3|1|7|4|hasGrass|true
STATE|3|1|7|4|hasCanola|true
STATE|3|1|7|4|hasFlower|true
STATE|3|1|7|4|soilQuality|5.99
STATE|3|1|7|4|grassCount|6.48
STATE|3|1|7|4|canolaCount|1.72
STATE|3|1|7|4|flowerCount|1.41
STATE|3|1|7|4|predatorCount|4.74
STATE|3|1|7|4|pollinatorCount|8.88
STATE|3|1|7|4|pestCount|2.41
STATE|3|1|7|4|predatorK|8.5
STATE|3|1|7|4|pollinatorK|2.83
STATE|3|1|7|4|pestK|6.83
STATE|3|1|7|4|yield|2.45
STATE|3|1|7|4|canolaPoints|0.02
STATE|3|1|7|4|paymentPoints|9.8
STATE|3|1|7|4|ownedBy|1
STATE|3|1|7|4|village|2
STATE|3|1|7|4|shared?|false
STATE|3|1|7|5|length 0|8.76
STATE|3|1|7|5|hasGrass|false
STATE|3|1|7|5|hasCanola|false
STATE|3|1|7|5|hasFlower|false
STATE|3|1|7|5|soilQuality|8.82
STATE|3|1|7|5|grassCount|2.97
STATE|3|1|7|5|canolaCount|9.68
STATE|3|1|7|5|flowerCount|6.55
STATE|3|1|7|5|predatorCount|2.31
STATE|3|1|7|5|pollinatorCount|4.24
STATE|3|1|7|5|pestCount|2.33
STATE|3|1|7|5|predatorK|0.12
STATE|3|1|7|5|pollinatorK|1.66
STATE|3|1|7|5|pestK|7.81
STATE|3|1|7|5|yield|4.13
STATE|3|1|7|5|canolaPoints|1.01
STATE|3|1|7|5|paymentPoints|8.16
STATE|3|1|7|5|ownedBy|0
STATE|3|1|7|5|village|1
STATE|3|1|7|5|shared?|false
STATE|3|1|7|6|length 0|0.46
STATE|3|1|7|6|hasGrass|true
STATE|3|1|7|6|hasCanola|true
STATE|3|1|7|6|hasFlower|false
STATE|3|1|7|6|soilQuality|5.77
STATE|3|1|7|6|grassCount|1.41
STATE|3|1|7|6|canolaCount|6.24
STATE|3|1|7|6|flowerCount|7.52
STATE|3|1|7|6|predatorCount|3.82
STATE|3|1|7|6|pollinatorCount|3.38
STATE|3|1|7|6|pestCount|1.42
STATE|3|1|7|6|predatorK|6.85
STATE|3|1|7|6|pollinatorK|7.05
STATE|3|1|7|6|pestK|6.36
STATE|3|1|7|6|yield|6.06
STATE|3|1|7|6|canolaPoints|8.84
STATE|3|1|7|6|paymentPoints|6.01
STATE|3|1|7|6|ownedBy|3
STATE|3|1|7|6|village|0
STATE|3|1|7|6|shared?|false
STATE|3|1|7|7|length 0|4.56
STATE|3|1|7|7|hasGrass|false
STATE|3|1|7|7|hasCanola|true
STATE|3|1|7|7|hasFlower|true
STATE|3|1|7|7|soilQuality|0.94
STATE|3|1|7|7|grassCount|2.27
STATE|3|1|7|7|canolaCount|9.62
STATE|3|1|7|7|flowerCount|8.79
STATE|3|1|7|7|predatorCount|4.13
STATE|3|1|7|7|pollinatorCount|4.86
STATE|3|1|7|7|pestCount|0.87
STATE|3|1|7|7|predatorK|8.58
STATE|3|1|7|7|pollinatorK|7.74
STATE|3|1|7|7|pestK|7.6
STATE|3|1|7|7|yield|9.31
STATE|3|1|7|7|canolaPoints|2.73
STATE|3|1|7|7|paymentPoints|2.29
STATE|3|1|7|7|ownedBy|0
STATE|3|1|7|7|village|1
STATE|3|1|7|7|shared?|true
CHOICE|3|1|1|4|3|4|12:31:11.000 PM 28-Sep-2026
CONFIRM|3|1|1|12:31:22.000 PM 28-Sep-2026
CHOICE|3|1|2|5|2|3|12:31:31.000 PM 28-Sep-2026
CONFIRM|3|1|2|12:31:32.000 PM 28-Sep-2026
CHOICE|3|1|3|7|3|-99|12:31:46.000 PM 28-Sep-2026
CHOICE|3|1|3|7|3|-99|12:31:50.000 PM 28-Sep-2026
CONFIRM|3|1|3|12:32:04.000 PM 28-Sep-2026
CHOICE|3|1|4|0|4|1|12:32:15.000 PM 28-Sep-2026
CONFIRM|3|1|4|12:32:20.000 PM 28-Sep-2026
CHOICE|3|1|5|1|7|4|12:32:21.000 PM 28-Sep-2026
CHOICE|3|1|5|3|1|-99|12:32:27.000 PM 28-Sep-2026
CHOICE|3|1|5|4|0|3|12:32:36.000 PM 28-Sep-2026
CONFIRM|3|1|5|12:32:44.000 PM 28-Sep-2026
CHOICE|3|1|6|1|0|3|12:32:57.000 PM 28-Sep-2026
CONFIRM|3|1|6|12:33:12.000 PM 28-Sep-2026
CHOICE|3|1|7|7|2|4|12:33:17.000 PM 28-Sep-2026
CONFIRM|3|1|7|12:33:23.000 PM 28-Sep-2026
CHOICE|3|1|8|5|2|3|12:33:25.000 PM 28-Sep-2026
CHOICE|3|1|8|3|2|2|12:33:38.000 PM 28-Sep-2026
CHOICE|3|1|8|3|2|2|12:33:48.000 PM 28-Sep-2026
CONFIRM|3|1|8|12:34:00.000 PM 28-Sep-2026
CHOICE|3|1|9|5|7|3|12:34:15.000 PM 28-Sep-2026
CHOICE|3|1|9|5|6|3|12:34:18.000 PM 28-Sep-2026
CONFIRM|3|1|9|12:34:27.000 PM 28-Sep-2026
CHOICE|3|1|10|2|3|2|12:34:35.000 PM 28-Sep-2026
CONFIRM|3|1|10|12:34:36.000 PM 28-Sep-2026
CHOICE|3|1|11|6|4|4|12:34:44.000 PM 28-Sep-2026
CONFIRM|3|1|11|12:34:45.000 PM 28-Sep-2026
CHOICE|3|1|12|4|1|3|12:34:55.000 PM 28-Sep-2026
CONFIRM|3|1|12|12:34:56.000 PM 28-Sep-2026
CHOICE|3|1|13|7|1|4|12:35:09.000 PM 28-Sep-2026
CHOICE|3|1|13|7|0|-99|12:35:18.000 PM 28-Sep-2026
CHOICE|3|1|13|7|6|1|12:35:31.000 PM 28-Sep-2026
CONFIRM|3|1|13|12:35:40.000 PM 28-Sep-2026
CHOICE|3|1|14|2|3|4|12:35:53.000 PM 28-Sep-2026
CONFIRM|3|1|14|12:35:54.000 PM 28-Sep-2026
CHOICE|3|1|15|0|3|2|12:36:08.000 PM 28-Sep-2026
CHOICE|3|1|15|1|0|3|12:36:22.000 PM 28-Sep-2026
CONFIRM|3|1|15|12:36:33.000 PM 28-Sep-2026
CHOICE|3|1|16|2|2|2|12:36:42.000 PM 28-Sep-2026
CHOICE|3|1|16|2|4|3|12:36:50.000 PM 28-Sep-2026
CHOICE|3|1|16|2|4|3|12:37:00.000 PM 28-Sep-2026
CONFIRM|3|1|16|12:37:14.000 PM 28-Sep-2026
CHOICE|3|1|17|0|4|1|12:37:16.000 PM 28-Sep-2026
CONFIRM|3|1|17|12:37:30.000 PM 28-Sep-2026
CHOICE|3|1|18|0|0|4|12:37:36.000 PM 28-Sep-2026
CHOICE|3|1|18|4|0|4|12:37:51.000 PM 28-Sep-2026
CHOICE|3|1|18|3|4|3|12:37:56.000 PM 28-Sep-2026
CONFIRM|3|1|18|12:38:02.000 PM 28-Sep-2026
CHOICE|3|1|19|1|3|2|12:38:12.000 PM 28-Sep-2026
CONFIRM|3|1|19|12:38:22.000 PM 28-Sep-2026
CHOICE|3|1|20|7|2|-99|12:38:28.000 PM 28-Sep-2026
CHOICE|3|1|20|5|4|1|12:38:39.000 PM 28-Sep-2026
CONFIRM|3|1|20|12:38:51.000 PM 28-Sep-2026
SCORE|3|1|1|8|48|4
SCORE|3|1|2|19|52|14
SCORE|3|1|3|0|0|6
SCORE|3|1|4|8|42|18
SCORE|3|1|5|18|53|15
SCORE|3|1|6|18|38|17
SCORE|3|1|7|10|10|11
SCORE|3|1|8|12|13|3
SCORE|3|1|9|16|52|7
SCORE|3|1|10|17|17|7
SCORE|3|1|11|18|54|10
SCORE|3|1|12|17|23|9
SCORE|3|1|13|2|22|12
SCORE|3|1|14|13|34|14
SCORE|3|1|15|8|35|7
SCORE|3|1|16|2|26|1
SCORE|3|1|17|13|41|20
SCORE|3|1|18|1|35|13
SCORE|3|1|19|3|16|20
SCORE|3|1|20|0|14|16
PHASE|phase-3-2|12:38:54.000 PM 28-Sep-2026
STATE|3|2|0|0|length 0|2.9
STATE|3|2|0|0|hasGrass|true
STATE|3|2|0|0|hasCanola|false
STATE|3|2|0|0|hasFlower|false
STATE|3|2|0|0|soilQuality|1.09
STATE|3|2|0|0|grassCount|1.33
STATE|3|2|0|0|canolaCount|5.43
STATE|3|2|0|0|flowerCount|1.65
STATE|3|2|0|0|predatorCount|6.01
STATE|3|2|0|0|pollinatorCount|3.68
STATE|3|2|0|0|pestCount|0.93
STATE|3|2|0|0|predatorK|7.98
STATE|3|2|0|0|pollinatorK|2.69
STATE|3|2|0|0|pestK|9.27
STATE|3|2|0|0|yield|8.28
STATE|3|2|0|0|canolaPoints|5.88
STATE|3|2|0|0|paymentPoints|9.36
STATE|3|2|0|0|ownedBy|1
STATE|3|2|0|0|village|3
STATE|3|2|0|0|shared?|false
STATE|3|2|0|1|length 0|3.99
STATE|3|2|0|1|hasGrass|true
STATE|3|2|0|1|hasCanola|true
STATE|3|2|0|1|hasFlower|false
STATE|3|2|0|1|soilQuality|1.66
STATE|3|2|0|1|grassCount|7.05
STATE|3|2|0|1|canolaCount|8.98
STATE|3|2|0|1|flowerCount|6.93
STATE|3|2|0|1|predatorCount|8.7
STATE|3|2|0|1|pollinatorCount|5.95
STATE|3|2|0|1|pestCount|7.39
STATE|3|2|0|1|predatorK|2.84
STATE|3|2|0|1|pollinatorK|8.6
STATE|3|2|0|1|pestK|3.37
STATE|3|2|0|1|yield|8.15
STATE|3|2|0|1|canolaPoints|6.55
STATE|3|2|0|1|paymentPoints|8.01
STATE|3|2|0|1|ownedBy|3
STATE|3|2|0|1|village|3
STATE|3|2|0|1|shared?|true
STATE|3|2|0|2|length 0|0.67
STATE|3|2|0|2|hasGrass|false
STATE|3|2|0|2|hasCanola|false
STATE|3|2|0|2|hasFlower|false
STATE|3|2|0|2|soilQuality|7.25
STATE|3|2|0|2|grassCount|2.43
STATE|3|2|0|2|canolaCount|1.55
STATE|3|2|0|2|flowerCount|8.22
STATE|3|2|0|2|predatorCount|1.13
STATE|3|2|0|2|pollinatorCount|3.65
STATE|3|2|0|2|pestCount|9.41
STATE|3|2|0|2|predatorK|0.86
STATE|3|2|0|2|pollinatorK|0.32
STATE|3|2|0|2|pestK|8.42
STATE|3|2|0|2|yield|4.59
STATE|3|2|0|2|canolaPoints|2.1
STATE|3|2|0|2|paymentPoints|5.08
STATE|3|2|0|2|ownedBy|0
STATE|3|2|0|2|village|0
STATE|3|2|0|2|shared?|false
STATE|3|2|0|3|length 0|9.59
STATE|3|2|0|3|hasGrass|false
STATE|3|2|0|3|hasCanola|false
STATE|3|2|0|3|hasFlower|false
STATE|3|2|0|3|soilQuality|9.95
STATE|3|2|0|3|grassCount|2.39
STATE|3|2|0|3|canolaCount|0.58
STATE|3|2|0|3|flowerCount|6.63
STATE|3|2|0|3|predatorCount|4.05
STATE|3|2|0|3|pollinatorCount|6.11
STATE|3|2|0|3|pestCount|3.44
STATE|3|2|0|3|predatorK|4.73
STATE|3|2|0|3|pollinatorK|4.9
STATE|3|2|0|3|pestK|0.25
STATE|3|2|0|3|yield|8.62
STATE|3|2|0|3|canolaPoints|1.25
STATE|3|2|0|3|paymentPoints|2.08
STATE|3|2|0|3|ownedBy|1
STATE|3|2|0|3|village|0
STATE|3|2|0|3|shared?|true
STATE|3|2|0|4|length 0|2.32
STATE|3|2|0|4|hasGrass|false
STATE|3|2|0|4|hasCanola|true
STATE|3|2|0|4|hasFlower|true
STATE|3|2|0|4|soilQuality|7.96
STATE|3|2|0|4|grassCount|6.81
STATE|3|2|0|4|canolaCount|1.3
STATE|3|2|0|4|flowerCount|8.59
STATE|3|2|0|4|predatorCount|1.02
STATE|3|2|0|4|pollinatorCount|7.16
STATE|3|2|0|4|pestCount|0.35
STATE|3|2|0|4|predatorK|5.2
STATE|3|2|0|4|pollinatorK|9.82
STATE|3|2|0|4|pestK|4.56
STATE|3|2|0|4|yield|4.32
STATE|3|2|0|4|canolaPoints|4.97
STATE|3|2|0|4|paymentPoints|3.23
STATE|3|2|0|4|ownedBy|3
STATE|3|2|0|4|village|3
STATE|3|2|0|4|shared?|false
STATE|3|2|0|5|length 0|8.81
STATE|3|2|0|5|hasGrass|true
STATE|3|2|0|5|hasCanola|false
STATE|3|2|0|5|hasFlower|true
STATE|3|2|0|5|soilQuality|3.35
STATE|3|2|0|5|grassCount|5.92
STATE|3|2|0|5|canolaCount|1.81
STATE|3|2|0|5|flowerCount|3.69
STATE|3|2|0|5|predatorCount|5.17
STATE|3|2|0|5|pollinatorCount|2.86
STATE|3|2|0|5|pestCount|8.11
STATE|3|2|0|5|predatorK|2.94
STATE|3|2|0|5|pollinatorK|7.65
STATE|3|2|0|5|pestK|4.65
STATE|3|2|0|5|yield|6.37
STATE|3|2|0|5|canolaPoints|3.36
STATE|3|2|0|5|paymentPoints|2.76
STATE|3|2|0|5|ownedBy|0
STATE|3|2|0|5|village|0
STATE|3|2|0|5|shared?|false
STATE|3|2|0|6|length 0|8.99
STATE|3|2|0|6|hasGrass|true
STATE|3|2|0|6|hasCanola|true
STATE|3|2|0|6|hasFlower|true
STATE|3|2|0|6|soilQuality|3.58
STATE|3|2|0|6|grassCount|3.7
STATE|3|2|0|6|canolaCount|5.39
STATE|3|2|0|6|flowerCount|3.58
STATE|3|2|0|6|predatorCount|6.18
STATE|3|2|0|6|pollinatorCount|1.04
STATE|3|2|0|6|pestCount|2.62
STATE|3|2|0|6|predatorK|8.39
STATE|3|2|0|6|pollinatorK|0.92
STATE|3|2|0|6|pestK|6.4
STATE|3|2|0|6|yield|7.43
STATE|3|2|0|6|canolaPoints|3.68
STATE|3|2|0|6|paymentPoints|5.31
STATE|3|2|0|6|ownedBy|3
STATE|3|2|0|6|village|2
STATE|3|2|0|6|shared?|false
STATE|3|2|0|7|length 0|5.47
STATE|3|2|0|7|hasGrass|false
STATE|3|2|0|7|hasCanola|false
STATE|3|2|0|7|hasFlower|true
STATE|3|2|0|7|soilQuality|2.22
STATE|3|2|0|7|grassCount|0.25
STATE|3|2|0|7|canolaCount|8.64
STATE|3|2|0|7|flowerCount|9.31
STATE|3|2|0|7|predatorCount|0.33
STATE|3|2|0|7|pollinatorCount|5.7
STATE|3|2|0|7|pestCount|6.74
STATE|3|2|0|7|predatorK|6.8
STATE|3|2|0|7|pollinatorK|8.27
STATE|3|2|0|7|pestK|4.87
STATE|3|2|0|7|yield|2.98
STATE|3|2|0|7|canolaPoints|5.54
STATE|3|2|0|7|paymentPoints|9.5
STATE|3|2|0|7|ownedBy|0
STATE|3|2|0|7|village|1
STATE|3|2|0|7|shared?|true
STATE|3|2|1|0|length 0|5.19
STATE|3|2|1|0|hasGrass|true
STATE|3|2|1|0|hasCanola|true
STATE|3|2|1|0|hasFlower|true
STATE|3|2|1|0|soilQuality|3.61
STATE|3|2|1|0|grassCount|6.35
STATE|3|2|1|0|canolaCount|5.95
STATE|3|2|1|0|flowerCount|3.04
STATE|3|2|1|0|predatorCount|0.17
STATE|3|2|1|0|pollinatorCount|5.01
STATE|3|2|1|0|pestCount|5.36
STATE|3|2|1|0|predatorK|9.71
STATE|3|2|1|0|pollinatorK|9.59
STATE|3|2|1|0|pestK|3.14
STATE|3|2|1|0|yield|6.28
STATE|3|2|1|0|canolaPoints|6.03
STATE|3|2|1|0|paymentPoints|8.65
STATE|3|2|1|0|ownedBy|3
STATE|3|2|1|0|village|2
STATE|3|2|1|0|shared?|true
STATE|3|2|1|1|length 0|0.53
STATE|3|2|1|1|hasGrass|false
STATE|3|2|1|1|hasCanola|true
STATE|3|2|1|1|hasFlower|false
STATE|3|2|1|1|soilQuality|8.26
STATE|3|2|1|1|grassCount|3.25
STATE|3|2|1|1|canolaCount|0.92
STATE|3|2|1|1|flowerCount|9.24
STATE|3|2|1|1|predatorCount|3.94
STATE|3|2|1|1|pollinatorCount|8.42
STATE|3|2|1|1|pestCount|1.8
STATE|3|2|1|1|predatorK|9.46
STATE|3|2|1|1|pollinatorK|1.34
STATE|3|2|1|1|pestK|0.7
STATE|3|2|1|1|yield|4.33
STATE|3|2|1|1|canolaPoints|5.64
STATE|3|2|1|1|paymentPoints|6.95
STATE|3|2|1|1|ownedBy|3
STATE|3|2|1|1|village|1
STATE|3|2|1|1|shared?|false
STATE|3|2|1|2|length 0|0.12
STATE|3|2|1|2|hasGrass|false
STATE|3|2|1|2|hasCanola|true
STATE|3|2|1|2|hasFlower|false
STATE|3|2|1|2|soilQuality|2.2
STATE|3|2|1|2|grassCount|3.44
STATE|3|2|1|2|canolaCount|6.6
STATE|3|2|1|2|flowerCount|5.85
STATE|3|2|1|2|predatorCount|3.97
STATE|3|2|1|2|pollinatorCount|7.65
STATE|3|2|1|2|pestCount|8.41
STATE|3|2|1|2|predatorK|0.73
STATE|3|2|1|2|pollinatorK|2.04
STATE|3|2|1|2|pestK|9.98
STATE|3|2|1|2|yield|2.04
STATE|3|2|1|2|canolaPoints|7.03
STATE|3|2|1|2|paymentPoints|0.71
STATE|3|2|1|2|ownedBy|3
STATE|3|2|1|2|village|0
STATE|3|2|1|2|shared?|false
STATE|3|2|1|3|length 0|2.77
STATE|3|2|1|3|hasGrass|true
STATE|3|2|1|3|hasCanola|true
STATE|3|2|1|3|hasFlower|true
STATE|3|2|1|3|soilQuality|8.17
STATE|3|2|1|3|grassCount|1.6
STATE|3|2|1|3|canolaCount|0.72
STATE|3|2|1|3|flowerCount|2.96
STATE|3|2|1|3|predatorCount|8.94
STATE|3|2|1|3|pollinatorCount|6.22
STATE|3|2|1|3|pestCount|0.55
STATE|3|2|1|3|predatorK|5.23
STATE|3|2|1|3|pollinatorK|1.87
STATE|3|2|1|3|pestK|4.66
STATE|3|2|1|3|yield|7.44
STATE|3|2|1|3|canolaPoints|9.93
STATE|3|2|1|3|paymentPoints|5.88
STATE|3|2|1|3|ownedBy|3
STATE|3|2|1|3|village|2
STATE|3|2|1|3|shared?|true
STATE|3|2|1|4|length 0|2.31
STATE|3|2|1|4|hasGrass|true
STATE|3|2|1|4|hasCanola|true
STATE|3|2|1|4|hasFlower|true
STATE|3|2|1|4|soilQuality|7.33
STATE|3|2|1|4|grassCount|1.61
STATE|3|2|1|4|canolaCount|5.5
STATE|3|2|1|4|flowerCount|5.84
STATE|3|2|1|4|predatorCount|3.4
STATE|3|2|1|4|pollinatorCount|5.09
STATE|3|2|1|4|pestCount|2.79
STATE|3|2|1|4|predatorK|9.25
STATE|3|2|1|4|pollinatorK|8.58
STATE|3|2|1|4|pestK|1.44
STATE|3|2|1|4|yield|8.18
STATE|3|2|1|4|canolaPoints|5.09
STATE|3|2|1|4|paymentPoints|1.76
STATE|3|2|1|4|ownedBy|0
STATE|3|2|1|4|village|3
STATE|3|2|1|4|shared?|true
STATE|3|2|1|5|length 0|7.57
STATE|3|2|1|5|hasGrass|false
STATE|3|2|1|5|hasCanola|false
STATE|3|2|1|5|hasFlower|false
STATE|3|2|1|5|soilQuality|3.32
STATE|3|2|1|5|grassCount|5.09
STATE|3|2|1|5|canolaCount|5.64
STATE|3|2|1|5|flowerCount|3.22
STATE|3|2|1|5|predatorCount|7.01
STATE|3|2|1|5|pollinatorCount|0.63
STATE|3|2|1|5|pestCount|0.05
STATE|3|2|1|5|predatorK|7.45
STATE|3|2|1|5|pollinatorK|6.19
STATE|3|2|1|5|pestK|3.71
STATE|3|2|1|5|yield|4.39
STATE|3|2|1|5|canolaPoints|3.51
STATE|3|2|1|5|paymentPoints|2.76
STATE|3|2|1|5|ownedBy|1
STATE|3|2|1|5|village|3
STATE|3|2|1|5|shared?|false
STATE|3|2|1|6|length 0|9.34
STATE|3|2|1|6|hasGrass|false
STATE|3|2|1|6|hasCanola|true
STATE|3|2|1|6|hasFlower|false
STATE|3|2|1|6|soilQuality|7.51
STATE|3|2|1|6|grassCount|1.28
STATE|3|2|1|6|canolaCount|5.54
STATE|3|2|1|6|flowerCount|8.71
STATE|3|2|1|6|predatorCount|0.83
STATE|3|2|1|6|pollinatorCount|4.89
STATE|3|2|1|6|pestCount|8.08
STATE|3|2|1|6|predatorK|5.68
STATE|3|2|1|6|pollinatorK|8.62
STATE|3|2|1|6|pestK|5.68
STATE|3|2|1|6|yield|2.09
STATE|3|2|1|6|canolaPoints|9.43
STATE|3|2|1|6|paymentPoints|8.07
STATE|3|2|1|6|ownedBy|3
STATE|3|2|1|6|village|3
STATE|3|2|1|6|shared?|true
STATE|3|2|1|7|length 0|8.35
STATE|3|2|1|7|hasGrass|false
STATE|3|2|1|7|hasCanola|true
STATE|3|2|1|7|hasFlower|false
STATE|3|2|1|7|soilQuality|5.75
STATE|3|2|1|7|grassCount|9.36
STATE|3|2|1|7|canolaCount|3.09
STATE|3|2|1|7|flowerCount|5.65
STATE|3|2|1|7|predatorCount|9.15
STATE|3|2|1|7|pollinatorCount|1.45
STATE|3|2|1|7|pestCount|0.05
STATE|3|2|1|7|predatorK|9.64
STATE|3|2|1|7|pollinatorK|5.29
STATE|3|2|1|7|pestK|1.68
STATE|3|2|1|7|yield|2.58
STATE|3|2|1|7|canolaPoints|8.96
STATE|3|2|1|7|paymentPoints|9.6
STATE|3|2|1|7|ownedBy|0
STATE|3|2|1|7|village|2
STATE|3|2|1|7|shared?|true
STATE|3|2|2|0|length 0|3.74
STATE|3|2|2|0|hasGrass|true
STATE|3|2|2|0|hasCanola|false
STATE|3|2|2|0|hasFlower|false
STATE|3|2|2|0|soilQuality|4.16
STATE|3|2|2|0|grassCount|7.2
STATE|3|2|2|0|canolaCount|9.5
STATE|3|2|2|0|flowerCount|9.22
STATE|3|2|2|0|predatorCount|6.84
STATE|3|2|2|0|pollinatorCount|2.63
STATE|3|2|2|0|pestCount|8.83
STATE|3|2|2|0|predatorK|7.06
STATE|3|2|2|0|pollinatorK|7.83
STATE|3|2|2|0|pestK|2.75
STATE|3|2|2|0|yield|1.62
STATE|3|2|2|0|canolaPoints|3.32
STATE|3|2|2|0|paymentPoints|1.56
STATE|3|2|2|0|ownedBy|3
STATE|3|2|2|0|village|0
STATE|3|2|2|0|shared?|true
STATE|3|2|2|1|length 0|2.88
STATE|3|2|2|1|hasGrass|false
STATE|3|2|2|1|hasCanola|false
STATE|3|2|2|1|hasFlower|true
STATE|3|2|2|1|soilQuality|2.18
STATE|3|2|2|1|grassCount|5.27
STATE|3|2|2|1|canolaCount|8.81
STATE|3|2|2|1|flowerCount|7.0
STATE|3|2|2|1|predatorCount|4.13
STATE|3|2|2|1|pollinatorCount|2.73
STATE|3|2|2|1|pestCount|6.53
STATE|3|2|2|1|predatorK|8.28
STATE|3|2|2|1|pollinatorK|6.85
STATE|3|2|2|1|pestK|3.48
STATE|3|2|2|1|yield|2.52
STATE|3|2|2|1|canolaPoints|2.09
STATE|3|2|2|1|paymentPoints|4.51
STATE|3|2|2|1|ownedBy|0
STATE|3|2|2|1|village|2
STATE|3|2|2|1|shared?|false
STATE|3|2|2|2|length 0|2.95
STATE|3|2|2|2|hasGrass|true
STATE|3|2|2|2|hasCanola|true
STATE|3|2|2|2|hasFlower|true
STATE|3|2|2|2|soilQuality|1.26
STATE|3|2|2|2|grassCount|5.73
STATE|3|2|2|2|canolaCount|1.4
STATE|3|2|2|2|flowerCount|5.13
STATE|3|2|2|2|predatorCount|3.8
STATE|3|2|2|2|pollinatorCount|0.08
STATE|3|2|2|2|pestCount|2.49
STATE|3|2|2|2|predatorK|7.84
STATE|3|2|2|2|pollinatorK|0.09
STATE|3|2|2|2|pestK|2.57
STATE|3|2|2|2|yield|6.31
STATE|3|2|2|2|canolaPoints|9.84
STATE|3|2|2|2|paymentPoints|8.56
STATE|3|2|2|2|ownedBy|0
STATE|3|2|2|2|village|3
STATE|3|2|2|2|shared?|false
STATE|3|2|2|3|length 0|4.81
STATE|3|2|2|3|hasGrass|false
STATE|3|2|2|3|hasCanola|true
STATE|3|2|2|3|hasFlower|false
STATE|3|2|2|3|soilQuality|6.84
STATE|3|2|2|3|grassCount|1.33
STATE|3|2|2|3|canolaCount|5.87
STATE|3|2|2|3|flowerCount|0.21
STATE|3|2|2|3|predatorCount|2.24
STATE|3|2|2|3|pollinatorCount|4.68
STATE|3|2|2|3|pestCount|5.03
STATE|3|2|2|3|predatorK|9.14
STATE|3|2|2|3|pollinatorK|7.75
STATE|3|2|2|3|pestK|2.29
STATE|3|2|2|3|yield|9.41
STATE|3|2|2|3|canolaPoints|3.09
STATE|3|2|2|3|paymentPoints|2.89
STATE|3|2|2|3|ownedBy|3
STATE|3|2|2|3|village|1
STATE|3|2|2|3|shared?|false
STATE|3|2|2|4|length 0|4.48
STATE|3|2|2|4|hasGrass|true
STATE|3|2|2|4|hasCanola|false
STATE|3|2|2|4|hasFlower|false
STATE|3|2|2|4|soilQuality|7.24
STATE|3|2|2|4|grassCount|2.41
STATE|3|2|2|4|canolaCount|7.19
STATE|3|2|2|4|flowerCount|3.65
STATE|3|2|2|4|predatorCount|1.4
STATE|3|2|2|4|pollinatorCount|8.91
STATE|3|2|2|4|pestCount|4.86
STATE|3|2|2|4|predatorK|5.28
STATE|3|2|2|4|pollinatorK|0.53
STATE|3|2|2|4|pestK|0.04
STATE|3|2|2|4|yield|3.19
STATE|3|2|2|4|canolaPoints|4.08
STATE|3|2|2|4|paymentPoints|4.23
STATE|3|2|2|4|ownedBy|3
STATE|3|2|2|4|village|3
STATE|3|2|2|4|shared?|true
STATE|3|2|2|5|length 0|9.0
STATE|3|2|2|5|hasGrass|false
STATE|3|2|2|5|hasCanola|true
STATE|3|2|2|5|hasFlower|false
STATE|3|2|2|5|soilQuality|1.29
STATE|3|2|2|5|grassCount|6.02
STATE|3|2|2|5|canolaCount|1.84
STATE|3|2|2|5|flowerCount|9.2
STATE|3|2|2|5|predatorCount|1.09
STATE|3|2|2|5|pollinatorCount|6.19
STATE|3|2|2|5|pestCount|2.89
STATE|3|2|2|5|predatorK|0.45
STATE|3|2|2|5|pollinatorK|0.09
STATE|3|2|2|5|pestK|8.21
STATE|3|2|2|5|yield|7.96
STATE|3|2|2|5|canolaPoints|0.78
STATE|3|2|2|5|paymentPoints|4.56
STATE|3|2|2|5|ownedBy|0
STATE|3|2|2|5|village|2
STATE|3|2|2|5|shared?|true
STATE|3|2|2|6|length 0|9.73
STATE|3|2|2|6|hasGrass|false
STATE|3|2|2|6|hasCanola|true
STATE|3|2|2|6|hasFlower|true
STATE|3|2|2|6|soilQuality|2.32
STATE|3|2|2|6|grassCount|7.73
STATE|3|2|2|6|canolaCount|5.23
STATE|3|2|2|6|flowerCount|2.16
STATE|3|2|2|6|predatorCount|5.14
STATE|3|2|2|6|pollinatorCount|4.85
STATE|3|2|2|6|pestCount|7.68
STATE|3|2|2|6|predatorK|7.68
STATE|3|2|2|6|pollinatorK|9.37
STATE|3|2|2|6|pestK|6.19
STATE|3|2|2|6|yield|9.82
STATE|3|2|2|6|canolaPoints|2.0
STATE|3|2|2|6|paymentPoints|1.69
STATE|3|2|2|6|ownedBy|1
STATE|3|2|2|6|village|3
STATE|3|2|2|6|shared?|false
STATE|3|2|2|7|length 0|5.9
STATE|3|2|2|7|hasGrass|true
STATE|3|2|2|7|hasCanola|true
STATE|3|2|2|7|hasFlower|false
STATE|3|2|2|7|soilQuality|6.99
STATE|3|2|2|7|grassCount|3.39
STATE|3|2|2|7|canolaCount|0.07
STATE|3|2|2|7|flowerCount|1.7
STATE|3|2|2|7|predatorCount|5.44
STATE|3|2|2|7|pollinatorCount|9.6
STATE|3|2|2|7|pestCount|0.88
STATE|3|2|2|7|predatorK|2.79
STATE|3|2|2|7|pollinatorK|6.68
STATE|3|2|2|7|pestK|2.07
STATE|3|2|2|7|yield|9.0
STATE|3|2|2|7|canolaPoints|7.61
STATE|3|2|2|7|paymentPoints|3.17
STATE|3|2|2|7|ownedBy|2
STATE|3|2|2|7|village|1
STATE|3|2|2|7|shared?|true
STATE|3|2|3|0|length 0|2.19
STATE|3|2|3|0|hasGrass|false
STATE|3|2|3|0|hasCanola|true
STATE|3|2|3|0|hasFlower|true
STATE|3|2|3|0|soilQuality|5.83
STATE|3|2|3|0|grassCount|2.82
STATE|3|2|3|0|canolaCount|0.28
STATE|3|2|3|0|flowerCount|7.68
STATE|3|2|3|0|predatorCount|0.15
STATE|3|2|3|0|pollinatorCount|4.03
STATE|3|2|3|0|pestCount|4.04
STATE|3|2|3|0|predatorK|1.82
STATE|3|2|3|0|pollinatorK|1.5
STATE|3|2|3|0|pestK|0.54
STATE|3|2|3|0|yield|4.25
STATE|3|2|3|0|canolaPoints|3.26
STATE|3|2|3|0|paymentPoints|8.69
STATE|3|2|3|0|ownedBy|3
STATE|3|2|3|0|village|0
STATE|3|2|3|0|shared?|true
STATE|3|2|3|1|length 0|3.34
STATE|3|2|3|1|hasGrass|true
STATE|3|2|3|1|hasCanola|true
STATE|3|2|3|1|hasFlower|false
STATE|3|2|3|1|soilQuality|8.9
STATE|3|2|3|1|grassCount|0.73
STATE|3|2|3|1|canolaCount|9.18
STATE|3|2|3|1|flowerCount|1.89
STATE|3|2|3|1|predatorCount|9.71
STATE|3|2|3|1|pollinatorCount|3.06
STATE|3|2|3|1|pestCount|0.69
STATE|3|2|3|1|predatorK|4.13
STATE|3|2|3|1|pollinatorK|2.98
STATE|3|2|3|1|pestK|9.12
STATE|3|2|3|1|yield|4.38
STATE|3|2|3|1|canolaPoints|4.12
STATE|3|2|3|1|paymentPoints|3.95
STATE|3|2|3|1|ownedBy|2
STATE|3|2|3|1|village|2
STATE|3|2|3|1|shared?|false
STATE|3|2|3|2|length 0|7.76
STATE|3|2|3|2|hasGrass|true
STATE|3|2|3|2|hasCanola|true
STATE|3|2|3|2|hasFlower|true
STATE|3|2|3|2|soilQuality|1.42
STATE|3|2|3|2|grassCount|8.48
STATE|3|2|3|2|canolaCount|2.14
STATE|3|2|3|2|flowerCount|7.48
STATE|3|2|3|2|predatorCount|9.29
STATE|3|2|3|2|pollinatorCount|4.61
STATE|3|2|3|2|pestCount|3.44
STATE|3|2|3|2|predatorK|5.9
STATE|3|2|3|2|pollinatorK|9.98
STATE|3|2|3|2|pestK|3.44
STATE|3|2|3|2|yield|4.05
STATE|3|2|3|2|canolaPoints|6.87
STATE|3|2|3|2|paymentPoints|8.96
STATE|3|2|3|2|ownedBy|3
STATE|3|2|3|2|village|0
STATE|3|2|3|2|shared?|false
STATE|3|2|3|3|length 0|1.43
STATE|3|2|3|3|hasGrass|false
STATE|3|2|3|3|hasCanola|true
STATE|3|2|3|3|hasFlower|true
STATE|3|2|3|3|soilQuality|2.23
STATE|3|2|3|3|grassCount|2.83
STATE|3|2|3|3|canolaCount|4.27
STATE|3|2|3|3|flowerCount|0.47
STATE|3|2|3|3|predatorCount|2.82
STATE|3|2|3|3|pollinatorCount|5.89
STATE|3|2|3|3|pestCount|5.86
STATE|3|2|3|3|predatorK|3.28
STATE|3|2|3|3|pollinatorK|1.76
STATE|3|2|3|3|pestK|0.65
STATE|3|2|3|3|yield|1.57
STATE|3|2|3|3|canolaPoints|8.66
STATE|3|2|3|3|paymentPoints|4.74
STATE|3|2|3|3|ownedBy|0
STATE|3|2|3|3|village|0
STATE|3|2|3|3|shared?|true
STATE|3|2|3|4|length 0|2.51
STATE|3|2|3|4|hasGrass|false
STATE|3|2|3|4|hasCanola|true
STATE|3|2|3|4|hasFlower|true
STATE|3|2|3|4|soilQuality|8.15
STATE|3|2|3|4|grassCount|5.1
STATE|3|2|3|4|canolaCount|3.99
STATE|3|2|3|4|flowerCount|2.6
STATE|3|2|3|4|predatorCount|5.33
STATE|3|2|3|4|pollinatorCount|1.29
STATE|3|2|3|4|pestCount|3.32
STATE|3|2|3|4|predatorK|0.11
STATE|3|2|3|4|pollinatorK|7.71
STATE|3|2|3|4|pestK|6.51
STATE|3|2|3|4|yield|0.06
STATE|3|2|3|4|canolaPoints|2.17
STATE|3|2|3|4|paymentPoints|7.33
STATE|3|2|3|4|ownedBy|1
STATE|3|2|3|4|village|3
STATE|3|2|3|4|shared?|true
STATE|3|2|3|5|length 0|7.72
STATE|3|2|3|5|hasGrass|true
STATE|3|2|3|5|hasCanola|false
STATE|3|2|3|5|hasFlower|true
STATE|3|2|3|5|soilQuality|0.79
STATE|3|2|3|5|grassCount|2.25
STATE|3|2|3|5|canolaCount|9.56
STATE|3|2|3|5|flowerCount|9.63
STATE|3|2|3|5|predatorCount|6.58
STATE|3|2|3|5|pollinatorCount|9.5
STATE|3|2|3|5|pestCount|5.82
STATE|3|2|3|5|predatorK|0.33
STATE|3|2|3|5|pollinatorK|0.97
STATE|3|2|3|5|pestK|2.38
STATE|3|2|3|5|yield|3.85
STATE|3|2|3|5|canolaPoints|3.61
STATE|3|2|3|5|paymentPoints|0.7
STATE|3|2|3|5|ownedBy|3
STATE|3|2|3|5|village|2
STATE|3|2|3|5|shared?|true
STATE|3|2|3|6|length 0|6.39
STATE|3|2|3|6|hasGrass|true
STATE|3|2|3|6|hasCanola|true
STATE|3|2|3|6|hasFlower|false
STATE|3|2|3|6|soilQuality|3.74
STATE|3|2|3|6|grassCount|2.83
STATE|3|2|3|6|canolaCount|6.69
STATE|3|2|3|6|flowerCount|8.07
STATE|3|2|3|6|predatorCount|3.98
STATE|3|2|3|6|pollinatorCount|5.03
STATE|3|2|3|6|pestCount|1.23
STATE|3|2|3|6|predatorK|7.89
STATE|3|2|3|6|pollinatorK|2.74
STATE|3|2|3|6|pestK|1.83
STATE|3|2|3|6|yield|2.1
STATE|3|2|3|6|canolaPoints|4.18
STATE|3|2|3|6|paymentPoints|8.2
STATE|3|2|3|6|ownedBy|2
STATE|3|2|3|6|village|3
STATE|3|2|3|6|shared?|true
STATE|3|2|3|7|length 0|4.59
STATE|3|2|3|7|hasGrass|true
STATE|3|2|3|7|hasCanola|false
STATE|3|2|3|7|hasFlower|false
STATE|3|2|3|7|soilQuality|2.21
STATE|3|2|3|7|grassCount|9.34
STATE|3|2|3|7|canolaCount|8.14
STATE|3|2|3|7|flowerCount|0.29
STATE|3|2|3|7|predatorCount|1.0
STATE|3|2|3|7|pollinatorCount|5.83
STATE|3|2|3|7|pestCount|5.11
STATE|3|2|3|7|predatorK|2.83
STATE|3|2|3|7|pollinatorK|1.21
STATE|3|2|3|7|pestK|5.71
STATE|3|2|3|7|yield|9.31
STATE|3|2|3|7|canolaPoints|5.83
STATE|3|2|3|7|paymentPoints|3.48
STATE|3|2|3|7|ownedBy|1
STATE|3|2|3|7|village|3
STATE|3|2|3|7|shared?|true
STATE|3|2|4|0|length 0|1.61
STATE|3|2|4|0|hasGrass|true
STATE|3|2|4|0|hasCanola|false
STATE|3|2|4|0|hasFlower|true
STATE|3|2|4|0|soilQuality|8.81
STATE|3|2|4|0|grassCount|2.33
STATE|3|2|4|0|canolaCount|2.85
STATE|3|2|4|0|flowerCount|8.69
STATE|3|2|4|0|predatorCount|3.3
STATE|3|2|4|0|pollinatorCount|4.4
STATE|3|2|4|0|pestCount|0.4
STATE|3|2|4|0|predatorK|2.95
STATE|3|2|4|0|pollinatorK|3.51
STATE|3|2|4|0|pestK|1.45
STATE|3|2|4|0|yield|9.63
STATE|3|2|4|0|canolaPoints|8.11
STATE|3|2|4|0|paymentPoints|2.91
STATE|3|2|4|0|ownedBy|0
STATE|3|2|4|0|village|0
STATE|3|2|4|0|shared?|true
STATE|3|2|4|1|length 0|9.03
STATE|3|2|4|1|hasGrass|true
STATE|3|2|4|1|hasCanola|true
STATE|3|2|4|1|hasFlower|true
STATE|3|2|4|1|soilQuality|5.49
STATE|3|2|4|1|grassCount|0.26
STATE|3|2|4|1|canolaCount|6.56
STATE|3|2|4|1|flowerCount|1.59
STATE|3|2|4|1|predatorCount|8.21
STATE|3|2|4|1|pollinatorCount|8.07
STATE|3|2|4|1|pestCount|6.95
STATE|3|2|4|1|predatorK|3.24
STATE|3|2|4|1|pollinatorK|9.88
STATE|3|2|4|1|pestK|2.24
STATE|3|2|4|1|yield|2.05
STATE|3|2|4|1|canolaPoints|7.86
STATE|3|2|4|1|paymentPoints|0.48
STATE|3|2|4|1|ownedBy|2
STATE|3|2|4|1|village|3
STATE|3|2|4|1|shared?|false
STATE|3|2|4|2|length 0|3.8
STATE|3|2|4|2|hasGrass|true
STATE|3|2|4|2|hasCanola|true
STATE|3|2|4|2|hasFlower|true
STATE|3|2|4|2|soilQuality|1.28
STATE|3|2|4|2|grassCount|9.17
STATE|3|2|4|2|canolaCount|9.16
STATE|3|2|4|2|flowerCount|5.93
STATE|3|2|4|2|predatorCount|3.03
STATE|3|2|4|2|pollinatorCount|1.19
STATE|3|2|4|2|pestCount|5.16
STATE|3|2|4|2|predatorK|0.24
STATE|3|2|4|2|pollinatorK|4.38
STATE|3|2|4|2|pestK|0.89
STATE|3|2|4|2|yield|9.64
STATE|3|2|4|2|canolaPoints|5.43
STATE|3|2|4|2|paymentPoints|8.72
STATE|3|2|4|2|ownedBy|1
STATE|3|2|4|2|village|0
STATE|3|2|4|2|shared?|true
STATE|3|2|4|3|length 0|7.74
STATE|3|2|4|3|hasGrass|false
STATE|3|2|4|3|hasCanola|true
STATE|3|2|4|3|hasFlower|false
STATE|3|2|4|3|soilQuality|7.07
STATE|3|2|4|3|grassCount|9.39
STATE|3|2|4|3|canolaCount|2.2
STATE|3|2|4|3|flowerCount|5.82
STATE|3|2|4|3|predatorCount|0.97
STATE|3|2|4|3|pollinatorCount|2.13
STATE|3|2|4|3|pestCount|0.58
STATE|3|2|4|3|predatorK|8.81
STATE|3|2|4|3|pollinatorK|8.7
STATE|3|2|4|3|pestK|0.8
STATE|3|2|4|3|yield|3.84
STATE|3|2|4|3|canolaPoints|2.94
STATE|3|2|4|3|paymentPoints|7.06
STATE|3|2|4|3|ownedBy|1
STATE|3|2|4|3|village|0
STATE|3|2|4|3|shared?|false
STATE|3|2|4|4|length 0|6.98
STATE|3|2|4|4|hasGrass|false
STATE|3|2|4|4|hasCanola|true
STATE|3|2|4|4|hasFlower|false
STATE|3|2|4|4|soilQuality|2.17
STATE|3|2|4|4|grassCount|6.15
STATE|3|2|4|4|canolaCount|5.71
STATE|3|2|4|4|flowerCount|1.98
STATE|3|2|4|4|predatorCount|8.59
STATE|3|2|4|4|pollinatorCount|2.67
STATE|3|2|4|4|pestCount|4.76
STATE|3|2|4|4|predatorK|5.34
STATE|3|2|4|4|pollinatorK|5.81
STATE|3|2|4|4|pestK|6.93
STATE|3|2|4|4|yield|2.14
STATE|3|2|4|4|canolaPoints|4.81
STATE|3|2|4|4|paymentPoints|8.48
STATE|3|2|4|4|ownedBy|2
STATE|3|2|4|4|village|3
STATE|3|2|4|4|shared?|false
STATE|3|2|4|5|length 0|8.55
STATE|3|2|4|5|hasGrass|true
STATE|3|2|4|5|hasCanola|true
STATE|3|2|4|5|hasFlower|false
STATE|3|2|4|5|soilQuality|3.61
STATE|3|2|4|5|grassCount|7.23
STATE|3|2|4|5|canolaCount|7.73
STATE|3|2|4|5|flowerCount|5.8
STATE|3|2|4|5|predatorCount|1.46
STATE|3|2|4|5|pollinatorCount|8.6
STATE|3|2|4|5|pestCount|0.27
STATE|3|2|4|5|predatorK|8.78
STATE|3|2|4|5|pollinatorK|4.41
STATE|3|2|4|5|pestK|0.51
STATE|3|2|4|5|yield|2.1
STATE|3|2|4|5|canolaPoints|9.25
STATE|3|2|4|5|paymentPoints|9.65
STATE|3|2|4|5|ownedBy|0
STATE|3|2|4|5|village|3
STATE|3|2|4|5|shared?|false
STATE|3|2|4|6|length 0|3.01
STATE|3|2|4|6|hasGrass|false
STATE|3|2|4|6|hasCanola|true
STATE|3|2|4|6|hasFlower|false
STATE|3|2|4|6|soilQuality|5.71
STATE|3|2|4|6|grassCount|6.64
STATE|3|2|4|6|canolaCount|6.94
STATE|3|2|4|6|flowerCount|6.31
STATE|3|2|4|6|predatorCount|4.37
STATE|3|2|4|6|pollinatorCount|2.3
STATE|3|2|4|6|pestCount|6.61
STATE|3|2|4|6|predatorK|4.48
STATE|3|2|4|6|pollinatorK|6.16
STATE|3|2|4|6|pestK|3.63
STATE|3|2|4|6|yield|1.33
STATE|3|2|4|6|canolaPoints|7.42
STATE|3|2|4|6|paymentPoints|5.42
STATE|3|2|4|6|ownedBy|0
STATE|3|2|4|6|village|0
STATE|3|2|4|6|shared?|true
STATE|3|2|4|7|length 0|3.82
STATE|3|2|4|7|hasGrass|true
STATE|3|2|4|7|hasCanola|false
STATE|3|2|4|7|hasFlower|true
STATE|3|2|4|7|soilQuality|5.84
STATE|3|2|4|7|grassCount|0.27
STATE|3|2|4|7|canolaCount|1.14
STATE|3|2|4|7|flowerCount|8.72
STATE|3|2|4|7|predatorCount|4.43
STATE|3|2|4|7|pollinatorCount|4.51
STATE|3|2|4|7|pestCount|7.33
STATE|3|2|4|7|predatorK|2.46
STATE|3|2|4|7|pollinatorK|1.24
STATE|3|2|4|7|pestK|8.03
STATE|3|2|4|7|yield|2.76
STATE|3|2|4|7|canolaPoints|5.27
STATE|3|2|4|7|paymentPoints|8.84
STATE|3|2|4|7|ownedBy|0
STATE|3|2|4|7|village|1
STATE|3|2|4|7|shared?|false
STATE|3|2|5|0|length 0|3.84
STATE|3|2|5|0|hasGrass|false
STATE|3|2|5|0|hasCanola|true
STATE|3|2|5|0|hasFlower|true
STATE|3|2|5|0|soilQuality|5.32
STATE|3|2|5|0|grassCount|3.11
STATE|3|2|5|0|canolaCount|6.41
STATE|3|2|5|0|flowerCount|1.76
STATE|3|2|5|0|predatorCount|8.26
STATE|3|2|5|0|pollinatorCount|1.92
STATE|3|2|5|0|pestCount|5.98
STATE|3|2|5|0|predatorK|8.43
STATE|3|2|5|0|pollinatorK|2.58
STATE|3|2|5|0|pestK|4.26
STATE|3|2|5|0|yield|6.73
STATE|3|2|5|0|canolaPoints|6.58
STATE|3|2|5|0|paymentPoints|2.28
STATE|3|2|5|0|ownedBy|0
STATE|3|2|5|0|village|0
STATE|3|2|5|0|shared?|false
STATE|3|2|5|1|length 0|8.25
STATE|3|2|5|1|hasGrass|true
STATE|3|2|5|1|hasCanola|true
STATE|3|2|5|1|hasFlower|true
STATE|3|2|5|1|soilQuality|6.39
STATE|3|2|5|1|grassCount|8.17
STATE|3|2|5|1|canolaCount|9.98
STATE|3|2|5|1|flowerCount|7.35
STATE|3|2|5|1|predatorCount|5.17
STATE|3|2|5|1|pollinatorCount|4.56
STATE|3|2|5|1|pestCount|4.04
STATE|3|2|5|1|predatorK|5.39
STATE|3|2|5|1|pollinatorK|1.86
STATE|3|2|5|1|pestK|7.23
STATE|3|2|5|1|yield|5.98
STATE|3|2|5|1|canolaPoints|1.07
STATE|3|2|5|1|paymentPoints|5.51
STATE|3|2|5|1|ownedBy|0
STATE|3|2|5|1|village|0
STATE|3|2|5|1|shared?|true
STATE|3|2|5|2|length 0|0.89
STATE|3|2|5|2|hasGrass|true
STATE|3|2|5|2|hasCanola|false
STATE|3|2|5|2|hasFlower|true
STATE|3|2|5|2|soilQuality|3.97
STATE|3|2|5|2|grassCount|5.18
STATE|3|2|5|2|canolaCount|6.38
STATE|3|2|5|2|flowerCount|0.38
STATE|3|2|5|2|predatorCount|8.6
STATE|3|2|5|2|pollinatorCount|7.32
STATE|3|2|5|2|pestCount|0.87
STATE|3|2|5|2|predatorK|3.0
STATE|3|2|5|2|pollinatorK|3.48
STATE|3|2|5|2|pestK|7.28
STATE|3|2|5|2|yield|2.71
STATE|3|2|5|2|canolaPoints|5.89
STATE|3|2|5|2|paymentPoints|5.34
STATE|3|2|5|2|ownedBy|3
STATE|3|2|5|2|village|3
STATE|3|2|5|2|shared?|true
STATE|3|2|5|3|length 0|9.28
STATE|3|2|5|3|hasGrass|false
STATE|3|2|5|3|hasCanola|true
STATE|3|2|5|3|hasFlower|false
STATE|3|2|5|3|soilQuality|7.65
STATE|3|2|5|3|grassCount|3.72
STATE|3|2|5|3|canolaCount|5.85
STATE|3|2|5|3|flowerCount|1.35
STATE|3|2|5|3|predatorCount|8.33
STATE|3|2|5|3|pollinatorCount|3.98
STATE|3|2|5|3|pestCount|9.25
STATE|3|2|5|3|predatorK|2.87
STATE|3|2|5|3|pollinatorK|2.28
STATE|3|2|5|3|pestK|3.27
STATE|3|2|5|3|yield|3.81
STATE|3|2|5|3|canolaPoints|3.33
STATE|3|2|5|3|paymentPoints|6.77
STATE|3|2|5|3|ownedBy|3
STATE|3|2|5|3|village|2
STATE|3|2|5|3|shared?|true
STATE|3|2|5|4|length 0|3.54
STATE|3|2|5|4|hasGrass|false
STATE|3|2|5|4|hasCanola|false
STATE|3|2|5|4|hasFlower|false
STATE|3|2|5|4|soilQuality|3.26
STATE|3|2|5|4|grassCount|0.52
STATE|3|2|5|4|canolaCount|7.0
STATE|3|2|5|4|flowerCount|7.14
STATE|3|2|5|4|predatorCount|0.3
STATE|3|2|5|4|pollinatorCount|7.98
STATE|3|2|5|4|pestCount|2.71
STATE|3|2|5|4|predatorK|4.36
STATE|3|2|5|4|pollinatorK|0.24
STATE|3|2|5|4|pestK|0.72
STATE|3|2|5|4|yield|0.1
STATE|3|2|5|4|canolaPoints|5.68
STATE|3|2|5|4|paymentPoints|3.9
STATE|3|2|5|4|ownedBy|1
STATE|3|2|5|4|village|0
STATE|3|2|5|4|shared?|false
STATE|3|2|5|5|length 0|8.89
STATE|3|2|5|5|hasGrass|true
STATE|3|2|5|5|hasCanola|true
STATE|3|2|5|5|hasFlower|true
STATE|3|2|5|5|soilQuality|6.29
STATE|3|2|5|5|grassCount|1.85
STATE|3|2|5|5|canolaCount|3.29
STATE|3|2|5|5|flowerCount|3.72
STATE|3|2|5|5|predatorCount|1.89
STATE|3|2|5|5|pollinatorCount|2.87
STATE|3|2|5|5|pestCount|7.05
STATE|3|2|5|5|predatorK|1.05
STATE|3|2|5|5|pollinatorK|6.29
STATE|3|2|5|5|pestK|1.46
STATE|3|2|5|5|yield|0.27
STATE|3|2|5|5|canolaPoints|5.47
STATE|3|2|5|5|paymentPoints|6.53
STATE|3|2|5|5|ownedBy|2
STATE|3|2|5|5|village|0
STATE|3|2|5|5|shared?|true
STATE|3|2|5|6|length 0|7.44
STATE|3|2|5|6|hasGrass|false
STATE|3|2|5|6|hasCanola|false
STATE|3|2|5|6|hasFlower|true
STATE|3|2|5|6|soilQuality|2.2
STATE|3|2|5|6|grassCount|3.89
STATE|3|2|5|6|canolaCount|3.83
STATE|3|2|5|6|flowerCount|7.03
STATE|3|2|5|6|predatorCount|4.32
STATE|3|2|5|6|pollinatorCount|4.87
STATE|3|2|5|6|pestCount|3.95
STATE|3|2|5|6|predatorK|2.75
STATE|3|2|5|6|pollinatorK|2.93
STATE|3|2|5|6|pestK|1.98
STATE|3|2|5|6|yield|0.55
STATE|3|2|5|6|canolaPoints|9.05
STATE|3|2|5|6|paymentPoints|8.69
STATE|3|2|5|6|ownedBy|2
STATE|3|2|5|6|village|1
STATE|3|2|5|6|shared?|true
STATE|3|2|5|7|length 0|2.07
STATE|3|2|5|7|hasGrass|false
STATE|3|2|5|7|hasCanola|true
STATE|3|2|5|7|hasFlower|false
STATE|3|2|5|7|soilQuality|0.05
STATE|3|2|5|7|grassCount|5.86
STATE|3|2|5|7|canolaCount|6.66
STATE|3|2|5|7|flowerCount|5.2
STATE|3|2|5|7|predatorCount|3.94
STATE|3|2|5|7|pollinatorCount|1.63
STATE|3|2|5|7|pestCount|5.16
STATE|3|2|5|7|predatorK|9.66
STATE|3|2|5|7|pollinatorK|6.77
STATE|3|2|5|7|pestK|4.65
STATE|3|2|5|7|yield|9.87
STATE|3|2|5|7|canolaPoints|8.93
STATE|3|2|5|7|paymentPoints|8.03
STATE|3|2|5|7|ownedBy|0
STATE|3|2|5|7|village|3
STATE|3|2|5|7|shared?|true
STATE|3|2|6|0|length 0|5.66
STATE|3|2|6|0|hasGrass|true
STATE|3|2|6|0|hasCanola|true
STATE|3|2|6|0|hasFlower|false
STATE|3|2|6|0|soilQuality|6.77
STATE|3|2|6|0|grassCount|1.23
STATE|3|2|6|0|canolaCount|5.89
STATE|3|2|6|0|flowerCount|3.98
STATE|3|2|6|0|predatorCount|5.07
STATE|3|2|6|0|pollinatorCount|3.42
STATE|3|2|6|0|pestCount|0.47
STATE|3|2|6|0|predatorK|7.13
STATE|3|2|6|0|pollinatorK|5.21
STATE|3|2|6|0|pestK|3.68
STATE|3|2|6|0|yield|8.56
STATE|3|2|6|0|canolaPoints|6.4
STATE|3|2|6|0|paymentPoints|1.51
STATE|3|2|6|0|ownedBy|3
STATE|3|2|6|0|village|3
STATE|3|2|6|0|shared?|false
STATE|3|2|6|1|length 0|5.44
STATE|3|2|6|1|hasGrass|false
STATE|3|2|6|1|hasCanola|false
STATE|3|2|6|1|hasFlower|true
STATE|3|2|6|1|soilQuality|2.21
STATE|3|2|6|1|grassCount|2.31
STATE|3|2|6|1|canolaCount|7.86
STATE|3|2|6|1|flowerCount|9.79
STATE|3|2|6|1|predatorCount|7.06
STATE|3|2|6|1|pollinatorCount|6.27
STATE|3|2|6|1|pestCount|8.43
STATE|3|2|6|1|predatorK|0.25
STATE|3|2|6|1|pollinatorK|0.78
STATE|3|2|6|1|pestK|8.27
STATE|3|2|6|1|yield|2.8
STATE|3|2|6|1|canolaPoints|7.46
STATE|3|2|6|1|paymentPoints|9.15
STATE|3|2|6|1|ownedBy|3
STATE|3|2|6|1|village|3
STATE|3|2|6|1|shared?|false
STATE|3|2|6|2|length 0|4.1
STATE|3|2|6|2|hasGrass|false
STATE|3|2|6|2|hasCanola|true
STATE|3|2|6|2|hasFlower|true
STATE|3|2|6|2|soilQuality|6.13
STATE|3|2|6|2|grassCount|0.96
STATE|3|2|6|2|canolaCount|3.27
STATE|3|2|6|2|flowerCount|7.46
STATE|3|2|6|2|predatorCount|2.9
STATE|3|2|6|2|pollinatorCount|6.64
STATE|3|2|6|2|pestCount|9.86
STATE|3|2|6|2|predatorK|7.12
STATE|3|2|6|2|pollinatorK|2.61
STATE|3|2|6|2|pestK|1.43
STATE|3|2|6|2|yield|1.43
STATE|3|2|6|2|canolaPoints|5.51
STATE|3|2|6|2|paymentPoints|3.0
STATE|3|2|6|2|ownedBy|0
STATE|3|2|6|2|village|3
STATE|3|2|6|2|shared?|false
STATE|3|2|6|3|length 0|3.42
STATE|3|2|6|3|hasGrass|false
STATE|3|2|6|3|hasCanola|true
STATE|3|2|6|3|hasFlower|true
STATE|3|2|6|3|soilQuality|8.97
STATE|3|2|6|3|grassCount|8.67
STATE|3|2|6|3|canolaCount|9.96
STATE|3|2|6|3|flowerCount|5.74
STATE|3|2|6|3|predatorCount|4.99
STATE|3|2|6|3|pollinatorCount|2.09
STATE|3|2|6|3|pestCount|8.38
STATE|3|2|6|3|predatorK|0.13
STATE|3|2|6|3|pollinatorK|5.57
STATE|3|2|6|3|pestK|7.52
STATE|3|2|6|3|yield|2.02
STATE|3|2|6|3|canolaPoints|1.92
STATE|3|2|6|3|paymentPoints|8.17
STATE|3|2|6|3|ownedBy|1
STATE|3|2|6|3|village|2
STATE|3|2|6|3|shared?|false
STATE|3|2|6|4|length 0|0.73
STATE|3|2|6|4|hasGrass|true
STATE|3|2|6|4|hasCanola|false
STATE|3|2|6|4|hasFlower|true
STATE|3|2|6|4|soilQuality|5.9
STATE|3|2|6|4|grassCount|2.86
STATE|3|2|6|4|canolaCount|8.95
STATE|3|2|6|4|flowerCount|8.49
STATE|3|2|6|4|predatorCount|3.15
STATE|3|2|6|4|pollinatorCount|7.3
STATE|3|2|6|4|pestCount|6.41
STATE|3|2|6|4|predatorK|1.01
STATE|3|2|6|4|pollinatorK|2.79
STATE|3|2|6|4|pestK|6.36
STATE|3|2|6|4|yield|7.31
STATE|3|2|6|4|canolaPoints|5.47
STATE|3|2|6|4|paymentPoints|6.04
STATE|3|2|6|4|ownedBy|1
STATE|3|2|6|4|village|0
STATE|3|2|6|4|shared?|false
STATE|3|2|6|5|length 0|8.14
STATE|3|2|6|5|hasGrass|false
STATE|3|2|6|5|hasCanola|true
STATE|3|2|6|5|hasFlower|false
STATE|3|2|6|5|soilQuality|9.33
STATE|3|2|6|5|grassCount|4.67
STATE|3|2|6|5|canolaCount|8.45
STATE|3|2|6|5|flowerCount|3.81
STATE|3|2|6|5|predatorCount|1.57
STATE|3|2|6|5|pollinatorCount|4.12
STATE|3|2|6|5|pestCount|3.25
STATE|3|2|6|5|predatorK|7.79
STATE|3|2|6|5|pollinatorK|3.45
STATE|3|2|6|5|pestK|7.64
STATE|3|2|6|5|yield|9.65
STATE|3|2|6|5|canolaPoints|6.14
STATE|3|2|6|5|paymentPoints|3.36
STATE|3|2|6|5|ownedBy|2
STATE|3|2|6|5|village|0
STATE|3|2|6|5|shared?|false
STATE|3|2|6|6|length 0|5.84
STATE|3|2|6|6|hasGrass|true
STATE|3|2|6|6|hasCanola|true
STATE|3|2|6|6|hasFlower|true
STATE|3|2|6|6|soilQuality|5.92
STATE|3|2|6|6|grassCount|7.76
STATE|3|2|6|6|canolaCount|2.28
STATE|3|2|6|6|flowerCount|5.03
STATE|3|2|6|6|predatorCount|5.96
STATE|3|2|6|6|pollinatorCount|2.0
STATE|3|2|6|6|pestCount|8.98
STATE|3|2|6|6|predatorK|4.89
STATE|3|2|6|6|pollinatorK|2.85
STATE|3|2|6|6|pestK|2.97
STATE|3|2|6|6|yield|7.41
STATE|3|2|6|6|canolaPoints|7.97
STATE|3|2|6|6|paymentPoints|1.23
STATE|3|2|6|6|ownedBy|0
STATE|3|2|6|6|village|1
STATE|3|2|6|6|shared?|true
STATE|3|2|6|7|length 0|1.67
STATE|3|2|6|7|hasGrass|false
STATE|3|2|6|7|hasCanola|true
STATE|3|2|6|7|hasFlower|false
STATE|3|2|6|7|soilQuality|1.18
STATE|3|2|6|7|grassCount|3.88
STATE|3|2|6|7|canolaCount|9.15
STATE|3|2|6|7|flowerCount|9.8
STATE|3|2|6|7|predatorCount|8.4
STATE|3|2|6|7|pollinatorCount|2.21
STATE|3|2|6|7|pestCount|6.52
STATE|3|2|6|7|predatorK|3.19
STATE|3|2|6|7|pollinatorK|6.82
STATE|3|2|6|7|pestK|6.8
STATE|3|2|6|7|yield|4.24
STATE|3|2|6|7|canolaPoints|5.7
STATE|3|2|6|7|paymentPoints|4.0
STATE|3|2|6|7|ownedBy|3
STATE|3|2|6|7|village|2
STATE|3|2|6|7|shared?|false
STATE|3|2|7|0|length 0|2.6
STATE|3|2|7|0|hasGrass|true
STATE|3|2|7|0|hasCanola|true
STATE|3|2|7|0|hasFlower|true
STATE|3|2|7|0|soilQuality|3.43
STATE|3|2|7|0|grassCount|4.96
STATE|3|2|7|0|canolaCount|8.05
STATE|3|2|7|0|flowerCount|0.0
STATE|3|2|7|0|predatorCount|0.24
STATE|3|2|7|0|pollinatorCount|2.28
STATE|3|2|7|0|pestCount|4.5
STATE|3|2|7|0|predatorK|7.24
STATE|3|2|7|0|pollinatorK|3.8
STATE|3|2|7|0|pestK|4.84
STATE|3|2|7|0|yield|2.21
STATE|3|2|7|0|canolaPoints|5.11
STATE|3|2|7|0|paymentPoints|4.41
STATE|3|2|7|0|ownedBy|1
STATE|3|2|7|0|village|3
STATE|3|2|7|0|shared?|false
STATE|3|2|7|1|length 0|7.25
STATE|3|2|7|1|hasGrass|false
STATE|3|2|7|1|hasCanola|true
STATE|3|2|7|1|hasFlower|false
STATE|3|2|7|1|soilQuality|9.98
STATE|3|2|7|1|grassCount|1.43
STATE|3|2|7|1|canolaCount|0.52
STATE|3|2|7|1|flowerCount|2.48
STATE|3|2|7|1|predatorCount|5.59
STATE|3|2|7|1|pollinatorCount|3.92
STATE|3|2|7|1|pestCount|7.46
STATE|3|2|7|1|predatorK|8.0
STATE|3|2|7|1|pollinatorK|0.07
STATE|3|2|7|1|pestK|7.29
STATE|3|2|7|1|yield|6.38
STATE|3|2|7|1|canolaPoints|2.28
STATE|3|2|7|1|paymentPoints|7.27
STATE|3|2|7|1|ownedBy|0
STATE|3|2|7|1|village|1
STATE|3|2|7|1|shared?|false
STATE|3|2|7|2|length 0|7.66
STATE|3|2|7|2|hasGrass|true
STATE|3|2|7|2|hasCanola|true
STATE|3|2|7|2|hasFlower|false
STATE|3|2|7|2|soilQuality|4.34
STATE|3|2|7|2|grassCount|6.23
STATE|3|2|7|2|canolaCount|3.98
STATE|3|2|7|2|flowerCount|9.82
STATE|3|2|7|2|predatorCount|8.31
STATE|3|2|7|2|pollinatorCount|8.48
STATE|3|2|7|2|pestCount|7.15
STATE|3|2|7|2|predatorK|4.78
STATE|3|2|7|2|pollinatorK|1.8
STATE|3|2|7|2|pestK|4.32
STATE|3|2|7|2|yield|0.13
STATE|3|2|7|2|canolaPoints|2.76
STATE|3|2|7|2|paymentPoints|0.54
STATE|3|2|7|2|ownedBy|3
STATE|3|2|7|2|village|0
STATE|3|2|7|2|shared?|false
STATE|3|2|7|3|length 0|2.95
STATE|3|2|7|3|hasGrass|true
STATE|3|2|7|3|hasCanola|false
STATE|3|2|7|3|hasFlower|true
STATE|3|2|7|3|soilQuality|6.06
STATE|3|2|7|3|grassCount|7.12
STATE|3|2|7|3|canolaCount|0.52
STATE|3|2|7|3|flowerCount|1.51
STATE|3|2|7|3|predatorCount|9.17
STATE|3|2|7|3|pollinatorCount|5.88
STATE|3|2|7|3|pestCount|3.24
STATE|3|2|7|3|predatorK|6.24
STATE|3|2|7|3|pollinatorK|2.48
STATE|3|2|7|3|pestK|0.61
STATE|3|2|7|3|yield|8.03
STATE|3|2|7|3|canolaPoints|9.56
STATE|3|2|7|3|paymentPoints|7.36
STATE|3|2|7|3|ownedBy|0
STATE|3|2|7|3|village|0
STATE|3|2|7|3|shared?|true
STATE|3|2|7|4|length 0|7.37
STATE|3|2|7|4|hasGrass|false
STATE|3|2|7|4|hasCanola|false
STATE|3|2|7|4|hasFlower|true
STATE|3|2|7|4|soilQuality|7.31
STATE|3|2|7|4|grassCount|1.69
STATE|3|2|7|4|canolaCount|4.13
STATE|3|2|7|4|flowerCount|9.56
STATE|3|2|7|4|predatorCount|7.62
STATE|3|2|7|4|pollinatorCount|9.62
STATE|3|2|7|4|pestCount|4.13
STATE|3|2|7|4|predatorK|8.8
STATE|3|2|7|4|pollinatorK|2.34
STATE|3|2|7|4|pestK|2.37
STATE|3|2|7|4|yield|2.45
STATE|3|2|7|4|canolaPoints|4.92
STATE|3|2|7|4|paymentPoints|9.95
STATE|3|2|7|4|ownedBy|2
STATE|3|2|7|4|village|1
STATE|3|2|7|4|shared?|true
STATE|3|2|7|5|length 0|7.47
STATE|3|2|7|5|hasGrass|false
STATE|3|2|7|5|hasCanola|false
STATE|3|2|7|5|hasFlower|false
STATE|3|2|7|5|soilQuality|9.96
STATE|3|2|7|5|grassCount|6.44
STATE|3|2|7|5|canolaCount|1.79
STATE|3|2|7|5|flowerCount|5.47
STATE|3|2|7|5|predatorCount|0.42
STATE|3|2|7|5|pollinatorCount|7.28
STATE|3|2|7|5|pestCount|9.97
STATE|3|2|7|5|predatorK|9.42
STATE|3|2|7|5|pollinatorK|6.11
STATE|3|2|7|5|pestK|0.24
STATE|3|2|7|5|yield|3.34
STATE|3|2|7|5|canolaPoints|7.13
STATE|3|2|7|5|paymentPoints|6.65
STATE|3|2|7|5|ownedBy|0
STATE|3|2|7|5|village|1
STATE|3|2|7|5|shared?|true
STATE|3|2|7|6|length 0|8.05
STATE|3|2|7|6|hasGrass|false
STATE|3|2|7|6|hasCanola|false
STATE|3|2|7|6|hasFlower|false
STATE|3|2|7|6|soilQuality|2.86
STATE|3|2|7|6|grassCount|8.05
STATE|3|2|7|6|canolaCount|3.91
STATE|3|2|7|6|flowerCount|7.03
STATE|3|2|7|6|predatorCount|3.23
STATE|3|2|7|6|pollinatorCount|7.79
STATE|3|2|7|6|pestCount|1.52
STATE|3|2|7|6|predatorK|9.11
STATE|3|2|7|6|pollinatorK|1.18
STATE|3|2|7|6|pestK|2.29
STATE|3|2|7|6|yield|2.36
STATE|3|2|7|6|canolaPoints|1.99
STATE|3|2|7|6|paymentPoints|8.37
STATE|3|2|7|6|ownedBy|1
STATE|3|2|7|6|village|0
STATE|3|2|7|6|shared?|false
STATE|3|2|7|7|length 0|2.76
STATE|3|2|7|7|hasGrass|false
STATE|3|2|7|7|hasCanola|true
STATE|3|2|7|7|hasFlower|true
STATE|3|2|7|7|soilQuality|0.28
STATE|3|2|7|7|grassCount|7.5
STATE|3|2|7|7|canolaCount|2.81
STATE|3|2|7|7|flowerCount|4.16
STATE|3|2|7|7|predatorCount|7.1
STATE|3|2|7|7|pollinatorCount|7.61
STATE|3|2|7|7|pestCount|9.83
STATE|3|2|7|7|predatorK|7.47
STATE|3|2|7|7|pollinatorK|1.7
STATE|3|2|7|7|pestK|9.48
STATE|3|2|7|7|yield|7.98
STATE|3|2|7|7|canolaPoints|0.94
STATE|3|2|7|7|paymentPoints|5.58
STATE|3|2|7|7|ownedBy|0
STATE|3|2|7|7|village|3
STATE|3|2|7|7|shared?|true
CHOICE|3|2|1|7|7|4|12:39:05.000 PM 28-Sep-2026
CONFIRM|3|2|1|12:39:18.000 PM 28-Sep-2026
CHOICE|3|2|2|7|5|4|12:39:22.000 PM 28-Sep-2026
CHOICE|3|2|2|4|3|3|12:39:37.000 PM 28-Sep-2026
CHOICE|3|2|2|0|3|1|12:39:48.000 PM 28-Sep-2026
CONFIRM|3|2|2|12:40:03.000 PM 28-Sep-2026
CHOICE|3|2|3|5|7|-99|12:40:17.000 PM 28-Sep-2026
CONFIRM|3|2|3|12:40:20.000 PM 28-Sep-2026
CHOICE|3|2|4|1|5|1|12:40:35.000 PM 28-Sep-2026
CHOICE|3|2|4|3|3|2|12:40:48.000 PM 28-Sep-2026
CONFIRM|3|2|4|12:40:56.000 PM 28-Sep-2026
CHOICE|3|2|5|4|4|2|12:41:09.000 PM 28-Sep-2026
CHOICE|3|2|5|3|5|4|12:41:16.000 PM 28-Sep-2026
CONFIRM|3|2|5|12:41:23.000 PM 28-Sep-2026
CHOICE|3|2|6|4|3|2|12:41:31.000 PM 28-Sep-2026
CHOICE|3|2|6|4|3|3|12:41:42.000 PM 28-Sep-2026
CHOICE|3|2|6|4|3|3|12:41:55.000 PM 28-Sep-2026
CONFIRM|3|2|6|12:41:59.000 PM 28-Sep-2026
CHOICE|3|2|7|3|5|4|12:42:02.000 PM 28-Sep-2026
CONFIRM|3|2|7|12:42:13.000 PM 28-Sep-2026
CHOICE|3|2|8|3|7|3|12:42:28.000 PM 28-Sep-2026
CHOICE|3|2|8|2|2|2|12:42:29.000 PM 28-Sep-2026
CONFIRM|3|2|8|12:42:35.000 PM 28-Sep-2026
CHOICE|3|2|9|7|3|-99|12:42:41.000 PM 28-Sep-2026
CONFIRM|3|2|9|12:42:51.000 PM 28-Sep-2026
CHOICE|3|2|10|0|6|-99|12:42:53.000 PM 28-Sep-2026
CHOICE|3|2|10|7|6|2|12:43:08.000 PM 28-Sep-2026
CHOICE|3|2|10|3|2|4|12:43:20.000 PM 28-Sep-2026
CONFIRM|3|2|10|12:43:25.000 PM 28-Sep-2026
CHOICE|3|2|11|5|3|1|12:43:37.000 PM 28-Sep-2026
CHOICE|3|2|11|5|3|1|12:43:52.000 PM 28-Sep-2026
CONFIRM|3|2|11|12:44:06.000 PM 28-Sep-2026
CHOICE|3|2|12|2|5|-99|12:44:15.000 PM 28-Sep-2026
CHOICE|3|2|12|0|5|4|12:44:17.000 PM 28-Sep-2026
CHOICE|3|2|12|5|3|1|12:44:21.000 PM 28-Sep-2026
CONFIRM|3|2|12|12:44:27.000 PM 28-Sep-2026
CHOICE|3|2|13|7|0|3|12:44:34.000 PM 28-Sep-2026
CHOICE|3|2|13|4|7|4|12:44:48.000 PM 28-Sep-2026
CHOICE|3|2|13|2|6|3|12:44:51.000 PM 28-Sep-2026
CONFIRM|3|2|13|12:45:04.000 PM 28-Sep-2026
CHOICE|3|2|14|0|2|4|12:45:06.000 PM 28-Sep-2026
CHOICE|3|2|14|7|2|4|12:45:21.000 PM 28-Sep-2026
CONFIRM|3|2|14|12:45:29.000 PM 28-Sep-2026
CHOICE|3|2|15|6|6|-99|12:45:39.000 PM 28-Sep-2026
CHOICE|3|2|15|6|6|1|12:45:51.000 PM 28-Sep-2026
CHOICE|3|2|15|6|6|4|12:46:01.000 PM 28-Sep-2026
CONFIRM|3|2|15|12:46:03.000 PM 28-Sep-2026
CHOICE|3|2|16|5|0|-99|12:46:15.000 PM 28-Sep-2026
CHOICE|3|2|16|5|0|1|12:46:27.000 PM 28-Sep-2026
CHOICE|3|2|16|0|6|3|12:46:29.000 PM 28-Sep-2026
CONFIRM|3|2|16|12:46:41.000 PM 28-Sep-2026
CHOICE|3|2|17|5|1|-99|12:46:49.000 PM 28-Sep-2026
CHOICE|3|2|17|5|1|1|12:46:53.000 PM 28-Sep-2026
CONFIRM|3|2|17|12:47:02.000 PM 28-Sep-2026
CHOICE|3|2|18|6|6|1|12:47:06.000 PM 28-Sep-2026
CONFIRM|3|2|18|12:47:07.000 PM 28-Sep-2026
CHOICE|3|2|19|0|5|3|12:47:16.000 PM 28-Sep-2026
CHOICE|3|2|19|0|5|4|12:47:17.000 PM 28-Sep-2026
CHOICE|3|2|19|5|4|3|12:47:32.000 PM 28-Sep-2026
CONFIRM|3|2|19|12:47:43.000 PM 28-Sep-2026
CHOICE|3|2|20|3|2|-99|12:47:48.000 PM 28-Sep-2026
CHOICE|3|2|20|3|2|4|12:48:02.000 PM 28-Sep-2026
CHOICE|3|2|20|0|0|2|12:48:05.000 PM 28-Sep-2026
CONFIRM|3|2|20|12:48:14.000 PM 28-Sep-2026
SCORE|3|2|1|11|48|14
SCORE|3|2|2|13|21|6
SCORE|3|2|3|9|23|11
SCORE|3|2|4|18|49|6
SCORE|3|2|5|16|66|18
SCORE|3|2|6|19|33|11
SCORE|3|2|7|18|36|15
SCORE|3|2|8|0|12|18
SCORE|3|2|9|7|16|14
SCORE|3|2|10|19|28|13
SCORE|3|2|11|6|42|12
SCORE|3|2|12|7|53|1
SCORE|3|2|13|7|7|10
SCORE|3|2|14|0|43|17
SCORE|3|2|15|3|19|0
SCORE|3|2|16|7|34|0
SCORE|3|2|17|19|37|1
SCORE|3|2|18|3|44|16
SCORE|3|2|19|16|64|9
SCORE|3|2|20|20|61|12
