PHASE|phase-1-1|12:00:04.000 PM 28-Sep-2026
STATE|1|1|0|0|length 0|3.03
STATE|1|1|0|0|hasGrass|false
STATE|1|1|0|0|hasCanola|true
STATE|1|1|0|0|hasFlower|true
STATE|1|1|0|0|soilQuality|0.2
STATE|1|1|0|0|grassCount|5.49
STATE|1|1|0|0|canolaCount|2.89
STATE|1|1|0|0|flowerCount|9.9
STATE|1|1|0|0|predatorCount|0.59
STATE|1|1|0|0|pollinatorCount|5.2
STATE|1|1|0|0|pestCount|3.6
STATE|1|1|0|0|predatorK|7.8
STATE|1|1|0|0|pollinatorK|8.27
STATE|1|1|0|0|pestK|2.62
STATE|1|1|0|0|yield|9.43
STATE|1|1|0|0|canolaPoints|0.26
STATE|1|1|0|0|paymentPoints|6.41
STATE|1|1|0|0|ownedBy|1
STATE|1|1|0|0|village|1
STATE|1|1|0|0|shared?|true
STATE|1|1|0|1|length 0|3.1
STATE|1|1|0|1|hasGrass|false
STATE|1|1|0|1|hasCanola|false
STATE|1|1|0|1|hasFlower|false
STATE|1|1|0|1|soilQuality|8.8
STATE|1|1|0|1|grassCount|0.87
STATE|1|1|0|1|canolaCount|6.06
STATE|1|1|0|1|flowerCount|6.72
STATE|1|1|0|1|predatorCount|5.06
STATE|1|1|0|1|pollinatorCount|1.78
STATE|1|1|0|1|pestCount|4.74
STATE|1|1|0|1|predatorK|0.89
STATE|1|1|0|1|pollinatorK|9.35
STATE|1|1|0|1|pestK|8.65
STATE|1|1|0|1|yield|5.48
STATE|1|1|0|1|canolaPoints|3.0
STATE|1|1|0|1|paymentPoints|9.09
STATE|1|1|0|1|ownedBy|3
STATE|1|1|0|1|village|3
STATE|1|1|0|1|shared?|false
STATE|1|1|0|2|length 0|8.48
STATE|1|1|0|2|hasGrass|false
STATE|1|1|0|2|hasCanola|true
STATE|1|1|0|2|hasFlower|false
STATE|1|1|0|2|soilQuality|4.31
STATE|1|1|0|2|grassCount|1.61
STATE|1|1|0|2|canolaCount|3.05
STATE|1|1|0|2|flowerCount|8.13
STATE|1|1|0|2|predatorCount|0.43
STATE|1|1|0|2|pollinatorCount|0.46
STATE|1|1|0|2|pestCount|6.26
STATE|1|1|0|2|predatorK|2.8
STATE|1|1|0|2|pollinatorK|5.35
STATE|1|1|0|2|pestK|4.71
STATE|1|1|0|2|yield|3.43
STATE|1|1|0|2|canolaPoints|9.97
STATE|1|1|0|2|paymentPoints|1.96
STATE|1|1|0|2|ownedBy|2
STATE|1|1|0|2|village|0
STATE|1|1|0|2|shared?|false
STATE|1|1|0|3|length 0|4.41
STATE|1|1|0|3|hasGrass|true
STATE|1|1|0|3|hasCanola|true
STATE|1|1|0|3|hasFlower|false
STATE|1|1|0|3|soilQuality|6.34
STATE|1|1|0|3|grassCount|1.99
STATE|1|1|0|3|canolaCount|3.24
STATE|1|1|0|3|flowerCount|8.39
STATE|1|1|0|3|predatorCount|7.08
STATE|1|1|0|3|pollinatorCount|2.77
STATE|1|1|0|3|pestCount|5.82
STATE|1|1|0|3|predatorK|8.62
STATE|1|1|0|3|pollinatorK|1.22
STATE|1|1|0|3|pestK|9.35
STATE|1|1|0|3|yield|2.91
STATE|1|1|0|3|canolaPoints|0.26
STATE|1|1|0|3|paymentPoints|3.57
STATE|1|1|0|3|ownedBy|0
STATE|1|1|0|3|village|1
STATE|1|1|0|3|shared?|false
STATE|1|1|1|0|length 0|9.6
STATE|1|1|1|0|hasGrass|true
STATE|1|1|1|0|hasCanola|true
STATE|1|1|1|0|hasFlower|false
STATE|1|1|1|0|soilQuality|7.75
STATE|1|1|1|0|grassCount|4.1
STATE|1|1|1|0|canolaCount|9.43
STATE|1|1|1|0|flowerCount|6.21
STATE|1|1|1|0|predatorCount|8.18
STATE|1|1|1|0|pollinatorCount|2.93
STATE|1|1|1|0|pestCount|1.91
STATE|1|1|1|0|predatorK|4.44
STATE|1|1|1|0|pollinatorK|1.36
STATE|1|1|1|0|pestK|3.82
STATE|1|1|1|0|yield|9.62
STATE|1|1|1|0|canolaPoints|3.31
STATE|1|1|1|0|paymentPoints|0.09
STATE|1|1|1|0|ownedBy|0
STATE|1|1|1|0|village|2
STATE|1|1|1|0|shared?|true
STATE|1|1|1|1|length 0|7.84
STATE|1|1|1|1|hasGrass|true
STATE|1|1|1|1|hasCanola|true
STATE|1|1|1|1|hasFlower|true
STATE|1|1|1|1|soilQuality|9.82
STATE|1|1|1|1|grassCount|4.24
STATE|1|1|1|1|canolaCount|2.08
STATE|1|1|1|1|flowerCount|0.59
STATE|1|1|1|1|predatorCount|0.55
STATE|1|1|1|1|pollinatorCount|1.69
STATE|1|1|1|1|pestCount|6.77
STATE|1|1|1|1|predatorK|1.5
STATE|1|1|1|1|pollinatorK|0.41
STATE|1|1|1|1|pestK|4.91
STATE|1|1|1|1|yield|2.49
STATE|1|1|1|1|canolaPoints|9.98
STATE|1|1|1|1|paymentPoints|1.22
STATE|1|1|1|1|ownedBy|3
STATE|1|1|1|1|village|1
STATE|1|1|1|1|shared?|false
STATE|1|1|1|2|length 0|4.09
STATE|1|1|1|2|hasGrass|false
STATE|1|1|1|2|hasCanola|true
STATE|1|1|1|2|hasFlower|true
STATE|1|1|1|2|soilQuality|4.11
STATE|1|1|1|2|grassCount|0.37
STATE|1|1|1|2|canolaCount|4.21
STATE|1|1|1|2|flowerCount|2.49
STATE|1|1|1|2|predatorCount|8.89
STATE|1|1|1|2|pollinatorCount|8.31
STATE|1|1|1|2|pestCount|4.99
STATE|1|1|1|2|predatorK|0.32
STATE|1|1|1|2|pollinatorK|2.54
STATE|1|1|1|2|pestK|2.42
STATE|1|1|1|2|yield|2.08
STATE|1|1|1|2|canolaPoints|2.31
STATE|1|1|1|2|paymentPoints|8.7
STATE|1|1|1|2|ownedBy|0
STATE|1|1|1|2|village|1
STATE|1|1|1|2|shared?|true
STATE|1|1|1|3|length 0|9.28
STATE|1|1|1|3|hasGrass|false
STATE|1|1|1|3|hasCanola|false
STATE|1|1|1|3|hasFlower|true
STATE|1|1|1|3|soilQuality|9.01
STATE|1|1|1|3|grassCount|6.54
STATE|1|1|1|3|canolaCount|7.91
STATE|1|1|1|3|flowerCount|7.45
STATE|1|1|1|3|predatorCount|4.94
STATE|1|1|1|3|pollinatorCount|0.93
STATE|1|1|1|3|pestCount|2.11
STATE|1|1|1|3|predatorK|8.74
STATE|1|1|1|3|pollinatorK|9.0
STATE|1|1|1|3|pestK|9.25
STATE|1|1|1|3|yield|3.37
STATE|1|1|1|3|canolaPoints|6.57
STATE|1|1|1|3|paymentPoints|8.0
STATE|1|1|1|3|ownedBy|3
STATE|1|1|1|3|village|1
STATE|1|1|1|3|shared?|false
STATE|1|1|2|0|length 0|5.28
STATE|1|1|2|0|hasGrass|false
STATE|1|1|2|0|hasCanola|false
STATE|1|1|2|0|hasFlower|true
STATE|1|1|2|0|soilQuality|9.23
STATE|1|1|2|0|grassCount|9.56
STATE|1|1|2|0|canolaCount|0.74
STATE|1|1|2|0|flowerCount|9.71
STATE|1|1|2|0|predatorCount|9.62
STATE|1|1|2|0|pollinatorCount|6.68
STATE|1|1|2|0|pestCount|0.45
STATE|1|1|2|0|predatorK|8.99
STATE|1|1|2|0|pollinatorK|1.28
STATE|1|1|2|0|pestK|9.69
STATE|1|1|2|0|yield|6.67
STATE|1|1|2|0|canolaPoints|0.6
STATE|1|1|2|0|paymentPoints|1.67
STATE|1|1|2|0|ownedBy|3
STATE|1|1|2|0|village|2
STATE|1|1|2|0|shared?|false
STATE|1|1|2|1|length 0|7.46
STATE|1|1|2|1|hasGrass|false
STATE|1|1|2|1|hasCanola|true
STATE|1|1|2|1|hasFlower|true
STATE|1|1|2|1|soilQuality|9.22
STATE|1|1|2|1|grassCount|0.13
STATE|1|1|2|1|canolaCount|8.76
STATE|1|1|2|1|flowerCount|1.16
STATE|1|1|2|1|predatorCount|8.1
STATE|1|1|2|1|pollinatorCount|7.83
STATE|1|1|2|1|pestCount|8.78
STATE|1|1|2|1|predatorK|5.51
STATE|1|1|2|1|pollinatorK|8.79
STATE|1|1|2|1|pestK|2.02
STATE|1|1|2|1|yield|6.71
STATE|1|1|2|1|canolaPoints|3.31
STATE|1|1|2|1|paymentPoints|8.92
STATE|1|1|2|1|ownedBy|2
STATE|1|1|2|1|village|3
STATE|1|1|2|1|shared?|true
STATE|1|1|2|2|length 0|0.79
STATE|1|1|2|2|hasGrass|false
STATE|1|1|2|2|hasCanola|true
STATE|1|1|2|2|hasFlower|false
STATE|1|1|2|2|soilQuality|2.57
STATE|1|1|2|2|grassCount|7.74
STATE|1|1|2|2|canolaCount|0.41
STATE|1|1|2|2|flowerCount|0.8
STATE|1|1|2|2|predatorCount|8.79
STATE|1|1|2|2|pollinatorCount|9.05
STATE|1|1|2|2|pestCount|2.97
STATE|1|1|2|2|predatorK|3.47
STATE|1|1|2|2|pollinatorK|0.75
STATE|1|1|2|2|pestK|9.6
STATE|1|1|2|2|yield|4.54
STATE|1|1|2|2|canolaPoints|2.05
STATE|1|1|2|2|paymentPoints|9.77
STATE|1|1|2|2|ownedBy|2
STATE|1|1|2|2|village|0
STATE|1|1|2|2|shared?|false
STATE|1|1|2|3|length 0|8.55
STATE|1|1|2|3|hasGrass|true
STATE|1|1|2|3|hasCanola|true
STATE|1|1|2|3|hasFlower|false
STATE|1|1|2|3|soilQuality|7.98
STATE|1|1|2|3|grassCount|3.66
STATE|1|1|2|3|canolaCount|10.0
STATE|1|1|2|3|flowerCount|4.16
STATE|1|1|2|3|predatorCount|7.11
STATE|1|1|2|3|pollinatorCount|4.44
STATE|1|1|2|3|pestCount|6.29
STATE|1|1|2|3|predatorK|9.41
STATE|1|1|2|3|pollinatorK|6.37
STATE|1|1|2|3|pestK|9.3
STATE|1|1|2|3|yield|4.79
STATE|1|1|2|3|canolaPoints|1.18
STATE|1|1|2|3|paymentPoints|5.58
STATE|1|1|2|3|ownedBy|1
STATE|1|1|2|3|village|0
STATE|1|1|2|3|shared?|true
STATE|1|1|3|0|length 0|1.49
STATE|1|1|3|0|hasGrass|true
STATE|1|1|3|0|hasCanola|true
STATE|1|1|3|0|hasFlower|false
STATE|1|1|3|0|soilQuality|9.04
STATE|1|1|3|0|grassCount|7.11
STATE|1|1|3|0|canolaCount|0.06
STATE|1|1|3|0|flowerCount|3.12
STATE|1|1|3|0|predatorCount|5.45
STATE|1|1|3|0|pollinatorCount|4.87
STATE|1|1|3|0|pestCount|7.16
STATE|1|1|3|0|predatorK|4.84
STATE|1|1|3|0|pollinatorK|0.76
STATE|1|1|3|0|pestK|2.45
STATE|1|1|3|0|yield|8.48
STATE|1|1|3|0|canolaPoints|3.57
STATE|1|1|3|0|paymentPoints|7.67
STATE|1|1|3|0|ownedBy|3
STATE|1|1|3|0|village|0
STATE|1|1|3|0|shared?|false
STATE|1|1|3|1|length 0|6.1
STATE|1|1|3|1|hasGrass|true
STATE|1|1|3|1|hasCanola|false
STATE|1|1|3|1|hasFlower|true
STATE|1|1|3|1|soilQuality|9.11
STATE|1|1|3|1|grassCount|3.06
STATE|1|1|3|1|canolaCount|8.68
STATE|1|1|3|1|flowerCount|7.87
STATE|1|1|3|1|predatorCount|6.13
STATE|1|1|3|1|pollinatorCount|4.42
STATE|1|1|3|1|pestCount|1.41
STATE|1|1|3|1|predatorK|7.71
STATE|1|1|3|1|pollinatorK|3.62
STATE|1|1|3|1|pestK|6.62
STATE|1|1|3|1|yield|1.33
STATE|1|1|3|1|canolaPoints|0.83
STATE|1|1|3|1|paymentPoints|1.44
STATE|1|1|3|1|ownedBy|3
STATE|1|1|3|1|village|0
STATE|1|1|3|1|shared?|true
STATE|1|1|3|2|length 0|9.4
STATE|1|1|3|2|hasGrass|true
STATE|1|1|3|2|hasCanola|false
STATE|1|1|3|2|hasFlower|false
STATE|1|1|3|2|soilQuality|8.83
STATE|1|1|3|2|grassCount|0.77
STATE|1|1|3|2|canolaCount|6.46
STATE|1|1|3|2|flowerCount|9.04
STATE|1|1|3|2|predatorCount|3.3
STATE|1|1|3|2|pollinatorCount|3.72
STATE|1|1|3|2|pestCount|1.75
STATE|1|1|3|2|predatorK|8.83
STATE|1|1|3|2|pollinatorK|6.04
STATE|1|1|3|2|pestK|5.24
STATE|1|1|3|2|yield|7.55
STATE|1|1|3|2|canolaPoints|0.89
STATE|1|1|3|2|paymentPoints|3.59
STATE|1|1|3|2|ownedBy|0
STATE|1|1|3|2|village|0
STATE|1|1|3|2|shared?|true
STATE|1|1|3|3|length 0|9.87
STATE|1|1|3|3|hasGrass|false
STATE|1|1|3|3|hasCanola|false
STATE|1|1|3|3|hasFlower|true
STATE|1|1|3|3|soilQuality|9.26
STATE|1|1|3|3|grassCount|9.86
STATE|1|1|3|3|canolaCount|1.72
STATE|1|1|3|3|flowerCount|4.79
STATE|1|1|3|3|predatorCount|8.86
STATE|1|1|3|3|pollinatorCount|2.22
STATE|1|1|3|3|pestCount|7.87
STATE|1|1|3|3|predatorK|6.6
STATE|1|1|3|3|pollinatorK|8.53
STATE|1|1|3|3|pestK|6.88
STATE|1|1|3|3|yield|8.81
STATE|1|1|3|3|canolaPoints|2.37
STATE|1|1|3|3|paymentPoints|4.9
STATE|1|1|3|3|ownedBy|0
STATE|1|1|3|3|village|1
STATE|1|1|3|3|shared?|true
CHOICE|1|1|1|2|3|4|12:00:13.000 PM 28-Sep-2026
CHOICE|1|1|1|2|2|1|12:00:18.000 PM 28-Sep-2026
CHOICE|1|1|1|2|2|3|12:00:25.000 PM 28-Sep-2026
CONFIRM|1|1|1|12:00:32.000 PM 28-Sep-2026
CHOICE|1|1|2|0|1|4|12:00:43.000 PM 28-Sep-2026
CHOICE|1|1|2|2|0|4|12:00:47.000 PM 28-Sep-2026
CHOICE|1|1|2|3|0|2|12:00:49.000 PM 28-Sep-2026
CONFIRM|1|1|2|12:00:54.000 PM 28-Sep-2026
CHOICE|1|1|3|0|1|3|12:00:55.000 PM 28-Sep-2026
CONFIRM|1|1|3|12:01:04.000 PM 28-Sep-2026
CHOICE|1|1|4|1|0|3|12:01:06.000 PM 28-Sep-2026
CONFIRM|1|1|4|12:01:08.000 PM 28-Sep-2026
CHOICE|1|1|5|0|2|2|12:01:20.000 PM 28-Sep-2026
CHOICE|1|1|5|0|2|2|12:01:35.000 PM 28-Sep-2026
CONFIRM|1|1|5|12:01:47.000 PM 28-Sep-2026
CHOICE|1|1|6|0|2|2|12:01:56.000 PM 28-Sep-2026
CHOICE|1|1|6|1|2|1|12:02:03.000 PM 28-Sep-2026
CHOICE|1|1|6|1|2|3|12:02:12.000 PM 28-Sep-2026
CONFIRM|1|1|6|12:02:19.000 PM 28-Sep-2026
CHOICE|1|1|7|2|3|4|12:02:20.000 PM 28-Sep-2026
CHOICE|1|1|7|0|2|1|12:02:25.000 PM 28-Sep-2026
CHOICE|1|1|7|1|0|1|12:02:29.000 PM 28-Sep-2026
CONFIRM|1|1|7|12:02:33.000 PM 28-Sep-2026
CHOICE|1|1|8|0|3|2|12:02:48.000 PM 28-Sep-2026
CHOICE|1|1|8|3|2|2|12:02:50.000 PM 28-Sep-2026
CHOICE|1|1|8|2|2|4|12:03:00.000 PM 28-Sep-2026
CONFIRM|1|1|8|12:03:12.000 PM 28-Sep-2026
CHOICE|1|1|9|1|2|3|12:03:25.000 PM 28-Sep-2026
CONFIRM|1|1|9|12:03:40.000 PM 28-Sep-2026
CHOICE|1|1|10|2|0|3|12:03:55.000 PM 28-Sep-2026
CHOICE|1|1|10|2|0|1|12:04:05.000 PM 28-Sep-2026
CONFIRM|1|1|10|12:04:11.000 PM 28-Sep-2026
CHOICE|1|1|11|3|2|2|12:04:23.000 PM 28-Sep-2026
CHOICE|1|1|11|3|2|2|12:04:24.000 PM 28-Sep-2026
CHOICE|1|1|11|3|2|-99|12:04:37.000 PM 28-Sep-2026
CONFIRM|1|1|11|12:04:47.000 PM 28-Sep-2026
CHOICE|1|1|12|2|0|1|12:04:49.000 PM 28-Sep-2026
CONFIRM|1|1|12|12:05:03.000 PM 28-Sep-2026
CHOICE|1|1|13|2|0|1|12:05:04.000 PM 28-Sep-2026
CONFIRM|1|1|13|12:05:12.000 PM 28-Sep-2026
CHOICE|1|1|14|1|1|3|12:05:26.000 PM 28-Sep-2026
CHOICE|1|1|14|3|3|-99|12:05:33.000 PM 28-Sep-2026
CHOICE|1|1|14|0|2|3|12:05:46.000 PM 28-Sep-2026
CONFIRM|1|1|14|12:05:50.000 PM 28-Sep-2026
CHOICE|1|1|15|3|2|1|12:05:58.000 PM 28-Sep-2026
CHOICE|1|1|15|2|2|4|12:06:09.000 PM 28-Sep-2026
CHOICE|1|1|15|3|2|2|12:06:14.000 PM 28-Sep-2026
CONFIRM|1|1|15|12:06:19.000 PM 28-Sep-2026
CHOICE|1|1|16|0|0|3|12:06:30.000 PM 28-Sep-2026
CHOICE|1|1|16|1|2|-99|12:06:43.000 PM 28-Sep-2026
CHOICE|1|1|16|1|2|-99|12:06:47.000 PM 28-Sep-2026
CONFIRM|1|1|16|12:07:02.000 PM 28-Sep-2026
CHOICE|1|1|17|1|3|3|12:07:03.000 PM 28-Sep-2026
CHOICE|1|1|17|1|1|-99|12:07:12.000 PM 28-Sep-2026
CONFIRM|1|1|17|12:07:26.000 PM 28-Sep-2026
CHOICE|1|1|18|0|2|2|12:07:41.000 PM 28-Sep-2026
CONFIRM|1|1|18|12:07:53.000 PM 28-Sep-2026
CHOICE|1|1|19|1|0|2|12:08:04.000 PM 28-Sep-2026
CONFIRM|1|1|19|12:08:08.000 PM 28-Sep-2026
CHOICE|1|1|20|0|2|3|12:08:11.000 PM 28-Sep-2026
CHOICE|1|1|20|0|2|1|12:08:14.000 PM 28-Sep-2026
CONFIRM|1|1|20|12:08:25.000 PM 28-Sep-2026
SCORE|1|1|1|1|44|8
SCORE|1|1|2|15|21|6
SCORE|1|1|3|4|29|15
SCORE|1|1|4|19|53|15
SCORE|1|1|5|17|37|11
SCORE|1|1|6|13|60|12
SCORE|1|1|7|1|49|1
SCORE|1|1|8|5|14|11
SCORE|1|1|9|7|25|7
SCORE|1|1|10|11|47|6
SCORE|1|1|11|19|62|11
SCORE|1|1|12|12|35|17
SCORE|1|1|13|3|17|6
SCORE|1|1|14|11|22|17
SCORE|1|1|15|6|7|0
SCORE|1|1|16|3|15|9
SCORE|1|1|17|10|44|15
SCORE|1|1|18|1|20|12
SCORE|1|1|19|5|13|12
SCORE|1|1|20|19|48|11
PHASE|phase-1-2|12:08:31.000 PM 28-Sep-2026
STATE|1|2|0|0|length 0|0.06
STATE|1|2|0|0|hasGrass|false
STATE|1|2|0|0|hasCanola|true
STATE|1|2|0|0|hasFlower|false
STATE|1|2|0|0|soilQuality|9.23
STATE|1|2|0|0|grassCount|7.16
STATE|1|2|0|0|canolaCount|2.11
STATE|1|2|0|0|flowerCount|3.31
STATE|1|2|0|0|predatorCount|5.98
STATE|1|2|0|0|pollinatorCount|0.54
STATE|1|2|0|0|pestCount|0.78
STATE|1|2|0|0|predatorK|1.61
STATE|1|2|0|0|pollinatorK|6.75
STATE|1|2|0|0|pestK|0.61
STATE|1|2|0|0|yield|8.35
STATE|1|2|0|0|canolaPoints|2.41
STATE|1|2|0|0|paymentPoints|3.33
STATE|1|2|0|0|ownedBy|0
STATE|1|2|0|0|village|3
STATE|1|2|0|0|shared?|false
STATE|1|2|0|1|length 0|3.83
STATE|1|2|0|1|hasGrass|true
STATE|1|2|0|1|hasCanola|false
STATE|1|2|0|1|hasFlower|false
STATE|1|2|0|1|soilQuality|1.34
STATE|1|2|0|1|grassCount|6.05
STATE|1|2|0|1|canolaCount|2.34
STATE|1|2|0|1|flowerCount|7.4
STATE|1|2|0|1|predatorCount|5.41
STATE|1|2|0|1|pollinatorCount|3.72
STATE|1|2|0|1|pestCount|7.3
STATE|1|2|0|1|predatorK|9.28
STATE|1|2|0|1|pollinatorK|8.37
STATE|1|2|0|1|pestK|6.59
STATE|1|2|0|1|yield|5.72
STATE|1|2|0|1|canolaPoints|3.45
STATE|1|2|0|1|paymentPoints|5.97
STATE|1|2|0|1|ownedBy|3
STATE|1|2|0|1|village|0
STATE|1|2|0|1|shared?|false
STATE|1|2|0|2|length 0|3.66
STATE|1|2|0|2|hasGrass|false
STATE|1|2|0|2|hasCanola|true
STATE|1|2|0|2|hasFlower|true
STATE|1|2|0|2|soilQuality|1.19
STATE|1|2|0|2|grassCount|8.83
STATE|1|2|0|2|canolaCount|5.96
STATE|1|2|0|2|flowerCount|9.88
STATE|1|2|0|2|predatorCount|1.43
STATE|1|2|0|2|pollinatorCount|7.11
STATE|1|2|0|2|pestCount|5.97
STATE|1|2|0|2|predatorK|0.51
STATE|1|2|0|2|pollinatorK|8.2
STATE|1|2|0|2|pestK|8.74
STATE|1|2|0|2|yield|0.81
STATE|1|2|0|2|canolaPoints|9.42
STATE|1|2|0|2|paymentPoints|7.85
STATE|1|2|0|2|ownedBy|3
STATE|1|2|0|2|village|0
STATE|1|2|0|2|shared?|false
STATE|1|2|0|3|length 0|2.63
STATE|1|2|0|3|hasGrass|true
STATE|1|2|0|3|hasCanola|true
STATE|1|2|0|3|hasFlower|false
STATE|1|2|0|3|soilQuality|2.09
STATE|1|2|0|3|grassCount|4.72
STATE|1|2|0|3|canolaCount|2.82
STATE|1|2|0|3|flowerCount|6.91
STATE|1|2|0|3|predatorCount|9.6
STATE|1|2|0|3|pollinatorCount|8.88
STATE|1|2|0|3|pestCount|2.88
STATE|1|2|0|3|predatorK|4.17
STATE|1|2|0|3|pollinatorK|0.03
STATE|1|2|0|3|pestK|5.29
STATE|1|2|0|3|yield|8.54
STATE|1|2|0|3|canolaPoints|8.45
STATE|1|2|0|3|paymentPoints|0.72
STATE|1|2|0|3|ownedBy|2
STATE|1|2|0|3|village|3
STATE|1|2|0|3|shared?|true
STATE|1|2|1|0|length 0|4.24
STATE|1|2|1|0|hasGrass|false
STATE|1|2|1|0|hasCanola|true
STATE|1|2|1|0|hasFlower|false
STATE|1|2|1|0|soilQuality|9.55
STATE|1|2|1|0|grassCount|8.18
STATE|1|2|1|0|canolaCount|2.02
STATE|1|2|1|0|flowerCount|9.18
STATE|1|2|1|0|predatorCount|9.23
STATE|1|2|1|0|pollinatorCount|9.99
STATE|1|2|1|0|pestCount|0.11
STATE|1|2|1|0|predatorK|0.04
STATE|1|2|1|0|pollinatorK|2.91
STATE|1|2|1|0|pestK|5.18
STATE|1|2|1|0|yield|4.24
STATE|1|2|1|0|canolaPoints|0.92
STATE|1|2|1|0|paymentPoints|6.41
STATE|1|2|1|0|ownedBy|3
STATE|1|2|1|0|village|0
STATE|1|2|1|0|shared?|false
STATE|1|2|1|1|length 0|5.11
STATE|1|2|1|1|hasGrass|false
STATE|1|2|1|1|hasCanola|false
STATE|1|2|1|1|hasFlower|true
STATE|1|2|1|1|soilQuality|4.36
STATE|1|2|1|1|grassCount|1.35
STATE|1|2|1|1|canolaCount|1.04
STATE|1|2|1|1|flowerCount|7.62
STATE|1|2|1|1|predatorCount|3.24
STATE|1|2|1|1|pollinatorCount|3.39
STATE|1|2|1|1|pestCount|2.77
STATE|1|2|1|1|predatorK|5.87
STATE|1|2|1|1|pollinatorK|1.18
STATE|1|2|1|1|pestK|6.41
STATE|1|2|1|1|yield|0.7
STATE|1|2|1|1|canolaPoints|9.55
STATE|1|2|1|1|paymentPoints|1.57
STATE|1|2|1|1|ownedBy|1
STATE|1|2|1|1|village|3
STATE|1|2|1|1|shared?|false
STATE|1|2|1|2|length 0|7.74
STATE|1|2|1|2|hasGrass|false
STATE|1|2|1|2|hasCanola|false
STATE|1|2|1|2|hasFlower|true
STATE|1|2|1|2|soilQuality|3.63
STATE|1|2|1|2|grassCount|4.57
STATE|1|2|1|2|canolaCount|9.86
STATE|1|2|1|2|flowerCount|4.52
STATE|1|2|1|2|predatorCount|9.81
STATE|1|2|1|2|pollinatorCount|9.98
STATE|1|2|1|2|pestCount|5.8
STATE|1|2|1|2|predatorK|0.26
STATE|1|2|1|2|pollinatorK|5.58
STATE|1|2|1|2|pestK|9.67
STATE|1|2|1|2|yield|2.61
STATE|1|2|1|2|canolaPoints|5.87
STATE|1|2|1|2|paymentPoints|5.74
STATE|1|2|1|2|ownedBy|3
STATE|1|2|1|2|village|3
STATE|1|2|1|2|shared?|true
STATE|1|2|1|3|length 0|3.33
STATE|1|2|1|3|hasGrass|true
STATE|1|2|1|3|hasCanola|true
STATE|1|2|1|3|hasFlower|true
STATE|1|2|1|3|soilQuality|3.16
STATE|1|2|1|3|grassCount|2.09
STATE|1|2|1|3|canolaCount|4.84
STATE|1|2|1|3|flowerCount|2.92
STATE|1|2|1|3|predatorCount|3.68
STATE|1|2|1|3|pollinatorCount|6.64
STATE|1|2|1|3|pestCount|3.15
STATE|1|2|1|3|predatorK|8.63
STATE|1|2|1|3|pollinatorK|7.98
STATE|1|2|1|3|pestK|3.29
STATE|1|2|1|3|yield|8.34
STATE|1|2|1|3|canolaPoints|1.76
STATE|1|2|1|3|paymentPoints|0.96
STATE|1|2|1|3|ownedBy|1
STATE|1|2|1|3|village|0
STATE|1|2|1|3|shared?|false
STATE|1|2|2|0|length 0|0.46
STATE|1|2|2|0|hasGrass|false
STATE|1|2|2|0|hasCanola|false
STATE|1|2|2|0|hasFlower|false
STATE|1|2|2|0|soilQuality|1.79
STATE|1|2|2|0|grassCount|9.17
STATE|1|2|2|0|canolaCount|3.73
STATE|1|2|2|0|flowerCount|6.45
STATE|1|2|2|0|predatorCount|3.86
STATE|1|2|2|0|pollinatorCount|6.33
STATE|1|2|2|0|pestCount|9.49
STATE|1|2|2|0|predatorK|4.32
STATE|1|2|2|0|pollinatorK|5.08
STATE|1|2|2|0|pestK|3.44
STATE|1|2|2|0|yield|0.44
STATE|1|2|2|0|canolaPoints|1.85
STATE|1|2|2|0|paymentPoints|4.06
STATE|1|2|2|0|ownedBy|2
STATE|1|2|2|0|village|0
STATE|1|2|2|0|shared?|true
STATE|1|2|2|1|length 0|7.37
STATE|1|2|2|1|hasGrass|false
STATE|1|2|2|1|hasCanola|false
STATE|1|2|2|1|hasFlower|true
STATE|1|2|2|1|soilQuality|3.49
STATE|1|2|2|1|grassCount|6.82
STATE|1|2|2|1|canolaCount|0.01
STATE|1|2|2|1|flowerCount|3.64
STATE|1|2|2|1|predatorCount|7.59
STATE|1|2|2|1|pollinatorCount|5.73
STATE|1|2|2|1|pestCount|4.9
STATE|1|2|2|1|predatorK|9.37
STATE|1|2|2|1|pollinatorK|4.33
STATE|1|2|2|1|pestK|7.31
STATE|1|2|2|1|yield|3.92
STATE|1|2|2|1|canolaPoints|0.86
STATE|1|2|2|1|paymentPoints|3.88
STATE|1|2|2|1|ownedBy|0
STATE|1|2|2|1|village|0
STATE|1|2|2|1|shared?|true
STATE|1|2|2|2|length 0|1.0
STATE|1|2|2|2|hasGrass|true
STATE|1|2|2|2|hasCanola|true
STATE|1|2|2|2|hasFlower|true
STATE|1|2|2|2|soilQuality|9.01
STATE|1|2|2|2|grassCount|4.07
STATE|1|2|2|2|canolaCount|4.01
STATE|1|2|2|2|flowerCount|3.09
STATE|1|2|2|2|predatorCount|7.85
STATE|1|2|2|2|pollinatorCount|8.97
STATE|1|2|2|2|pestCount|7.28
STATE|1|2|2|2|predatorK|7.98
STATE|1|2|2|2|pollinatorK|3.41
STATE|1|2|2|2|pestK|3.76
STATE|1|2|2|2|yield|5.09
STATE|1|2|2|2|canolaPoints|0.77
STATE|1|2|2|2|paymentPoints|4.88
STATE|1|2|2|2|ownedBy|3
STATE|1|2|2|2|village|1
STATE|1|2|2|2|shared?|false
STATE|1|2|2|3|length 0|5.76
STATE|1|2|2|3|hasGrass|false
STATE|1|2|2|3|hasCanola|false
STATE|1|2|2|3|hasFlower|true
STATE|1|2|2|3|soilQuality|3.35
STATE|1|2|2|3|grassCount|0.36
STATE|1|2|2|3|canolaCount|8.78
STATE|1|2|2|3|flowerCount|6.29
STATE|1|2|2|3|predatorCount|6.73
STATE|1|2|2|3|pollinatorCount|2.38
STATE|1|2|2|3|pestCount|1.85
STATE|1|2|2|3|predatorK|4.79
STATE|1|2|2|3|pollinatorK|8.77
STATE|1|2|2|3|pestK|3.55
STATE|1|2|2|3|yield|4.22
STATE|1|2|2|3|canolaPoints|4.18
STATE|1|2|2|3|paymentPoints|8.44
STATE|1|2|2|3|ownedBy|0
STATE|1|2|2|3|village|2
STATE|1|2|2|3|shared?|false
STATE|1|2|3|0|length 0|0.12
STATE|1|2|3|0|hasGrass|false
STATE|1|2|3|0|hasCanola|false
STATE|1|2|3|0|hasFlower|true
STATE|1|2|3|0|soilQuality|7.42
STATE|1|2|3|0|grassCount|2.8
STATE|1|2|3|0|canolaCount|1.41
STATE|1|2|3|0|flowerCount|3.6
STATE|1|2|3|0|predatorCount|2.65
STATE|1|2|3|0|pollinatorCount|7.17
STATE|1|2|3|0|pestCount|5.64
STATE|1|2|3|0|predatorK|6.61
STATE|1|2|3|0|pollinatorK|9.76
STATE|1|2|3|0|pestK|7.73
STATE|1|2|3|0|yield|7.92
STATE|1|2|3|0|canolaPoints|9.7
STATE|1|2|3|0|paymentPoints|9.29
STATE|1|2|3|0|ownedBy|3
STATE|1|2|3|0|village|2
STATE|1|2|3|0|shared?|true
STATE|1|2|3|1|length 0|5.08
STATE|1|2|3|1|hasGrass|false
STATE|1|2|3|1|hasCanola|false
STATE|1|2|3|1|hasFlower|false
STATE|1|2|3|1|soilQuality|7.42
STATE|1|2|3|1|grassCount|6.69
STATE|1|2|3|1|canolaCount|2.54
STATE|1|2|3|1|flowerCount|6.22
STATE|1|2|3|1|predatorCount|1.87
STATE|1|2|3|1|pollinatorCount|6.47
STATE|1|2|3|1|pestCount|1.76
STATE|1|2|3|1|predatorK|0.18
STATE|1|2|3|1|pollinatorK|9.55
STATE|1|2|3|1|pestK|8.7
STATE|1|2|3|1|yield|3.05
STATE|1|2|3|1|canolaPoints|0.45
STATE|1|2|3|1|paymentPoints|8.19
STATE|1|2|3|1|ownedBy|1
STATE|1|2|3|1|village|0
STATE|1|2|3|1|shared?|true
STATE|1|2|3|2|length 0|3.28
STATE|1|2|3|2|hasGrass|true
STATE|1|2|3|2|hasCanola|true
STATE|1|2|3|2|hasFlower|false
STATE|1|2|3|2|soilQuality|6.68
STATE|1|2|3|2|grassCount|0.36
STATE|1|2|3|2|canolaCount|1.11
STATE|1|2|3|2|flowerCount|7.37
STATE|1|2|3|2|predatorCount|2.43
STATE|1|2|3|2|pollinatorCount|4.73
STATE|1|2|3|2|pestCount|5.35
STATE|1|2|3|2|predatorK|5.44
STATE|1|2|3|2|pollinatorK|1.63
STATE|1|2|3|2|pestK|1.96
STATE|1|2|3|2|yield|8.54
STATE|1|2|3|2|canolaPoints|5.13
STATE|1|2|3|2|paymentPoints|1.9
STATE|1|2|3|2|ownedBy|0
STATE|1|2|3|2|village|3
STATE|1|2|3|2|shared?|true
STATE|1|2|3|3|length 0|3.49
STATE|1|2|3|3|hasGrass|false
STATE|1|2|3|3|hasCanola|false
STATE|1|2|3|3|hasFlower|false
STATE|1|2|3|3|soilQuality|9.15
STATE|1|2|3|3|grassCount|3.38
STATE|1|2|3|3|canolaCount|6.35
STATE|1|2|3|3|flowerCount|1.19
STATE|1|2|3|3|predatorCount|2.51
STATE|1|2|3|3|pollinatorCount|0.96
STATE|1|2|3|3|pestCount|8.62
STATE|1|2|3|3|predatorK|3.38
STATE|1|2|3|3|pollinatorK|7.11
STATE|1|2|3|3|pestK|8.77
STATE|1|2|3|3|yield|3.85
STATE|1|2|3|3|canolaPoints|2.07
STATE|1|2|3|3|paymentPoints|2.48
STATE|1|2|3|3|ownedBy|2
STATE|1|2|3|3|village|3
STATE|1|2|3|3|shared?|true
CHOICE|1|2|1|0|1|4|12:08:43.000 PM 28-Sep-2026
CONFIRM|1|2|1|12:08:55.000 PM 28-Sep-2026
CHOICE|1|2|2|3|0|1|12:08:58.000 PM 28-Sep-2026
CHOICE|1|2|2|3|3|4|12:09:02.000 PM 28-Sep-2026
CONFIRM|1|2|2|12:09:16.000 PM 28-Sep-2026
CHOICE|1|2|3|2|2|3|12:09:23.000 PM 28-Sep-2026
CHOICE|1|2|3|2|2|1|12:09:26.000 PM 28-Sep-2026
CHOICE|1|2|3|1|1|4|12:09:37.000 PM 28-Sep-2026
CONFIRM|1|2|3|12:09:46.000 PM 28-Sep-2026
CHOICE|1|2|4|1|1|1|12:09:55.000 PM 28-Sep-2026
CONFIRM|1|2|4|12:10:07.000 PM 28-Sep-2026
CHOICE|1|2|5|2|0|-99|12:10:15.000 PM 28-Sep-2026
CONFIRM|1|2|5|12:10:26.000 PM 28-Sep-2026
CHOICE|1|2|6|0|2|2|12:10:39.000 PM 28-Sep-2026
CONFIRM|1|2|6|12:10:52.000 PM 28-Sep-2026
CHOICE|1|2|7|0|2|3|12:11:01.000 PM 28-Sep-2026
CONFIRM|1|2|7|12:11:16.000 PM 28-Sep-2026
CHOICE|1|2|8|0|0|2|12:11:28.000 PM 28-Sep-2026
CHOICE|1|2|8|2|1|4|12:11:32.000 PM 28-Sep-2026
CONFIRM|1|2|8|12:11:35.000 PM 28-Sep-2026
CHOICE|1|2|9|2|0|2|12:11:47.000 PM 28-Sep-2026
CONFIRM|1|2|9|12:11:56.000 PM 28-Sep-2026
CHOICE|1|2|10|2|1|3|12:12:06.000 PM 28-Sep-2026
CHOICE|1|2|10|3|2|1|12:12:19.000 PM 28-Sep-2026
CONFIRM|1|2|10|12:12:27.000 PM 28-Sep-2026
CHOICE|1|2|11|2|2|3|12:12:39.000 PM 28-Sep-2026
CHOICE|1|2|11|3|3|-99|12:12:45.000 PM 28-Sep-2026
CONFIRM|1|2|11|12:12:57.000 PM 28-Sep-2026
CHOICE|1|2|12|0|2|2|12:13:04.000 PM 28-Sep-2026
CHOICE|1|2|12|1|3|1|12:13:10.000 PM 28-Sep-2026
CHOICE|1|2|12|1|3|2|12:13:14.000 PM 28-Sep-2026
CONFIRM|1|2|12|12:13:22.000 PM 28-Sep-2026
CHOICE|1|2|13|3|2|3|12:13:29.000 PM 28-Sep-2026
CHOICE|1|2|13|3|2|1|12:13:42.000 PM 28-Sep-2026
CHOICE|1|2|13|1|0|3|12:13:47.000 PM 28-Sep-2026
CONFIRM|1|2|13|12:14:00.000 PM 28-Sep-2026
CHOICE|1|2|14|1|2|-99|12:14:12.000 PM 28-Sep-2026
CONFIRM|1|2|14|12:14:19.000 PM 28-Sep-2026
CHOICE|1|2|15|2|1|3|12:14:26.000 PM 28-Sep-2026
CHOICE|1|2|15|3|1|4|12:14:31.000 PM 28-Sep-2026
CONFIRM|1|2|15|12:14:44.000 PM 28-Sep-2026
CHOICE|1|2|16|3|2|1|12:14:57.000 PM 28-Sep-2026
CONFIRM|1|2|16|12:15:10.000 PM 28-Sep-2026
CHOICE|1|2|17|1|2|2|12:15:12.000 PM 28-Sep-2026
CONFIRM|1|2|17|12:15:20.000 PM 28-Sep-2026
CHOICE|1|2|18|0|2|2|12:15:33.000 PM 28-Sep-2026
CHOICE|1|2|18|0|2|4|12:15:36.000 PM 28-Sep-2026
CHOICE|1|2|18|0|0|4|12:15:49.000 PM 28-Sep-2026
CONFIRM|1|2|18|12:16:03.000 PM 28-Sep-2026
CHOICE|1|2|19|3|0|3|12:16:12.000 PM 28-Sep-2026
CHOICE|1|2|19|3|1|3|12:16:17.000 PM 28-Sep-2026
CONFIRM|1|2|19|12:16:22.000 PM 28-Sep-2026
CHOICE|1|2|20|3|2|-99|12:16:32.000 PM 28-Sep-2026
CHOICE|1|2|20|3|2|1|12:16:36.000 PM 28-Sep-2026
CONFIRM|1|2|20|12:16:46.000 PM 28-Sep-2026
SCORE|1|2|1|3|9|15
SCORE|1|2|2|19|36|13
SCORE|1|2|3|3|27|13
SCORE|1|2|4|14|47|20
SCORE|1|2|5|14|50|5
SCORE|1|2|6|15|47|5
SCORE|1|2|7|9|31|8
SCORE|1|2|8|20|24|14
SCORE|1|2|9|16|54|20
SCORE|1|2|10|16|60|6
SCORE|1|2|11|9|51|17
SCORE|1|2|12|12|28|17
SCORE|1|2|13|14|62|16
SCORE|1|2|14|10|13|10
SCORE|1|2|15|19|48|11
SCORE|1|2|16|17|39|4
SCORE|1|2|17|7|21|19
SCORE|1|2|18|11|49|2
SCORE|1|2|19|8|34|14
SCORE|1|2|20|9|50|13
PHASE|phase-2-1|12:16:55.000 PM 28-Sep-2026
STATE|2|1|0|0|length 0|1.7
STATE|2|1|0|0|hasGrass|false
STATE|2|1|0|0|hasCanola|true
STATE|2|1|0|0|hasFlower|true
STATE|2|1|0|0|soilQuality|2.83
STATE|2|1|0|0|grassCount|3.13
STATE|2|1|0|0|canolaCount|1.39
STATE|2|1|0|0|flowerCount|8.35
STATE|2|1|0|0|predatorCount|4.4
STATE|2|1|0|0|pollinatorCount|2.14
STATE|2|1|0|0|pestCount|4.79
STATE|2|1|0|0|predatorK|6.46
STATE|2|1|0|0|pollinatorK|5.92
STATE|2|1|0|0|pestK|0.63
STATE|2|1|0|0|yield|9.62
STATE|2|1|0|0|canolaPoints|0.17
STATE|2|1|0|0|paymentPoints|3.18
STATE|2|1|0|0|ownedBy|1
STATE|2|1|0|0|village|1
STATE|2|1|0|0|shared?|false
STATE|2|1|0|1|length 0|1.4
STATE|2|1|0|1|hasGrass|false
STATE|2|1|0|1|hasCanola|true
STATE|2|1|0|1|hasFlower|true
STATE|2|1|0|1|soilQuality|7.2
STATE|2|1|0|1|grassCount|7.47
STATE|2|1|0|1|canolaCount|0.86
STATE|2|1|0|1|flowerCount|5.08
STATE|2|1|0|1|predatorCount|1.09
STATE|2|1|0|1|pollinatorCount|9.21
STATE|2|1|0|1|pestCount|6.7
STATE|2|1|0|1|predatorK|5.0
STATE|2|1|0|1|pollinatorK|6.94
STATE|2|1|0|1|pestK|1.86
STATE|2|1|0|1|yield|7.47
STATE|2|1|0|1|canolaPoints|3.19
STATE|2|1|0|1|paymentPoints|8.67
STATE|2|1|0|1|ownedBy|0
STATE|2|1|0|1|village|3
STATE|2|1|0|1|shared?|false
STATE|2|1|0|2|length 0|4.64
STATE|2|1|0|2|hasGrass|false
STATE|2|1|0|2|hasCanola|false
STATE|2|1|0|2|hasFlower|false
STATE|2|1|0|2|soilQuality|1.66
STATE|2|1|0|2|grassCount|1.74
STATE|2|1|0|2|canolaCount|7.2
STATE|2|1|0|2|flowerCount|9.2
STATE|2|1|0|2|predatorCount|1.9
STATE|2|1|0|2|pollinatorCount|4.08
STATE|2|1|0|2|pestCount|5.47
STATE|2|1|0|2|predatorK|3.1
STATE|2|1|0|2|pollinatorK|9.23
STATE|2|1|0|2|pestK|7.96
STATE|2|1|0|2|yield|5.99
STATE|2|1|0|2|canolaPoints|3.35
STATE|2|1|0|2|paymentPoints|5.04
STATE|2|1|0|2|ownedBy|0
STATE|2|1|0|2|village|1
STATE|2|1|0|2|shared?|false
STATE|2|1|0|3|length 0|9.23
STATE|2|1|0|3|hasGrass|false
STATE|2|1|0|3|hasCanola|false
STATE|2|1|0|3|hasFlower|true
STATE|2|1|0|3|soilQuality|5.1
STATE|2|1|0|3|grassCount|2.99
STATE|2|1|0|3|canolaCount|4.39
STATE|2|1|0|3|flowerCount|7.29
STATE|2|1|0|3|predatorCount|7.31
STATE|2|1|0|3|pollinatorCount|2.04
STATE|2|1|0|3|pestCount|1.71
STATE|2|1|0|3|predatorK|0.7
STATE|2|1|0|3|pollinatorK|7.4
STATE|2|1|0|3|pestK|8.23
STATE|2|1|0|3|yield|0.92
STATE|2|1|0|3|canolaPoints|1.37
STATE|2|1|0|3|paymentPoints|1.38
STATE|2|1|0|3|ownedBy|0
STATE|2|1|0|3|village|0
STATE|2|1|0|3|shared?|false
STATE|2|1|1|0|length 0|8.76
STATE|2|1|1|0|hasGrass|true
STATE|2|1|1|0|hasCanola|false
STATE|2|1|1|0|hasFlower|true
STATE|2|1|1|0|soilQuality|6.41
STATE|2|1|1|0|grassCount|4.68
STATE|2|1|1|0|canolaCount|1.49
STATE|2|1|1|0|flowerCount|8.97
STATE|2|1|1|0|predatorCount|5.0
STATE|2|1|1|0|pollinatorCount|9.82
STATE|2|1|1|0|pestCount|5.95
STATE|2|1|1|0|predatorK|9.59
STATE|2|1|1|0|pollinatorK|6.55
STATE|2|1|1|0|pestK|0.58
STATE|2|1|1|0|yield|0.05
STATE|2|1|1|0|canolaPoints|9.92
STATE|2|1|1|0|paymentPoints|6.66
STATE|2|1|1|0|ownedBy|0
STATE|2|1|1|0|village|3
STATE|2|1|1|0|shared?|true
STATE|2|1|1|1|length 0|7.05
STATE|2|1|1|1|hasGrass|false
STATE|2|1|1|1|hasCanola|true
STATE|2|1|1|1|hasFlower|false
STATE|2|1|1|1|soilQuality|9.3
STATE|2|1|1|1|grassCount|5.56
STATE|2|1|1|1|canolaCount|7.87
STATE|2|1|1|1|flowerCount|0.67
STATE|2|1|1|1|predatorCount|4.15
STATE|2|1|1|1|pollinatorCount|5.06
STATE|2|1|1|1|pestCount|5.55
STATE|2|1|1|1|predatorK|8.46
STATE|2|1|1|1|pollinatorK|4.9
STATE|2|1|1|1|pestK|5.66
STATE|2|1|1|1|yield|5.18
STATE|2|1|1|1|canolaPoints|6.74
STATE|2|1|1|1|paymentPoints|5.8
STATE|2|1|1|1|ownedBy|2
STATE|2|1|1|1|village|3
STATE|2|1|1|1|shared?|true
STATE|2|1|1|2|length 0|8.64
STATE|2|1|1|2|hasGrass|true
STATE|2|1|1|2|hasCanola|false
STATE|2|1|1|2|hasFlower|true
STATE|2|1|1|2|soilQuality|9.87
STATE|2|1|1|2|grassCount|2.16
STATE|2|1|1|2|canolaCount|4.2
STATE|2|1|1|2|flowerCount|3.69
STATE|2|1|1|2|predatorCount|8.78
STATE|2|1|1|2|pollinatorCount|7.32
STATE|2|1|1|2|pestCount|2.62
STATE|2|1|1|2|predatorK|2.44
STATE|2|1|1|2|pollinatorK|7.43
STATE|2|1|1|2|pestK|4.47
STATE|2|1|1|2|yield|1.8
STATE|2|1|1|2|canolaPoints|1.16
STATE|2|1|1|2|paymentPoints|7.21
STATE|2|1|1|2|ownedBy|3
STATE|2|1|1|2|village|3
STATE|2|1|1|2|shared?|false
STATE|2|1|1|3|length 0|0.77
STATE|2|1|1|3|hasGrass|true
STATE|2|1|1|3|hasCanola|true
STATE|2|1|1|3|hasFlower|false
STATE|2|1|1|3|soilQuality|2.3
STATE|2|1|1|3|grassCount|2.3
STATE|2|1|1|3|canolaCount|5.61
STATE|2|1|1|3|flowerCount|1.64
STATE|2|1|1|3|predatorCount|7.94
STATE|2|1|1|3|pollinatorCount|1.67
STATE|2|1|1|3|pestCount|2.67
STATE|2|1|1|3|predatorK|7.55
STATE|2|1|1|3|pollinatorK|2.64
STATE|2|1|1|3|pestK|2.99
STATE|2|1|1|3|yield|7.83
STATE|2|1|1|3|canolaPoints|5.63
STATE|2|1|1|3|paymentPoints|8.1
STATE|2|1|1|3|ownedBy|0
STATE|2|1|1|3|village|2
STATE|2|1|1|3|shared?|true
STATE|2|1|2|0|length 0|4.54
STATE|2|1|2|0|hasGrass|true
STATE|2|1|2|0|hasCanola|false
STATE|2|1|2|0|hasFlower|true
STATE|2|1|2|0|soilQuality|9.28
STATE|2|1|2|0|grassCount|0.7
STATE|2|1|2|0|canolaCount|4.44
STATE|2|1|2|0|flowerCount|6.28
STATE|2|1|2|0|predatorCount|7.86
STATE|2|1|2|0|pollinatorCount|4.83
STATE|2|1|2|0|pestCount|8.99
STATE|2|1|2|0|predatorK|2.97
STATE|2|1|2|0|pollinatorK|3.56
STATE|2|1|2|0|pestK|1.93
STATE|2|1|2|0|yield|1.89
STATE|2|1|2|0|canolaPoints|4.86
STATE|2|1|2|0|paymentPoints|7.31
STATE|2|1|2|0|ownedBy|0
STATE|2|1|2|0|village|2
STATE|2|1|2|0|shared?|true
STATE|2|1|2|1|length 0|1.43
STATE|2|1|2|1|hasGrass|true
STATE|2|1|2|1|hasCanola|true
STATE|2|1|2|1|hasFlower|true
STATE|2|1|2|1|soilQuality|9.53
STATE|2|1|2|1|grassCount|4.76
STATE|2|1|2|1|canolaCount|5.5
STATE|2|1|2|1|flowerCount|5.97
STATE|2|1|2|1|predatorCount|2.38
STATE|2|1|2|1|pollinatorCount|9.97
STATE|2|1|2|1|pestCount|0.56
STATE|2|1|2|1|predatorK|6.29
STATE|2|1|2|1|pollinatorK|4.68
STATE|2|1|2|1|pestK|7.75
STATE|2|1|2|1|yield|5.22
STATE|2|1|2|1|canolaPoints|0.27
STATE|2|1|2|1|paymentPoints|6.25
STATE|2|1|2|1|ownedBy|0
STATE|2|1|2|1|village|0
STATE|2|1|2|1|shared?|false
STATE|2|1|2|2|length 0|0.63
STATE|2|1|2|2|hasGrass|true
STATE|2|1|2|2|hasCanola|true
STATE|2|1|2|2|hasFlower|true
STATE|2|1|2|2|soilQuality|4.73
STATE|2|1|2|2|grassCount|7.78
STATE|2|1|2|2|canolaCount|1.25
STATE|2|1|2|2|flowerCount|7.95
STATE|2|1|2|2|predatorCount|8.44
STATE|2|1|2|2|pollinatorCount|9.67
STATE|2|1|2|2|pestCount|7.57
STATE|2|1|2|2|predatorK|2.1
STATE|2|1|2|2|pollinatorK|7.18
STATE|2|1|2|2|pestK|5.74
STATE|2|1|2|2|yield|2.73
STATE|2|1|2|2|canolaPoints|7.91
STATE|2|1|2|2|paymentPoints|3.32
STATE|2|1|2|2|ownedBy|0
STATE|2|1|2|2|village|2
STATE|2|1|2|2|shared?|true
STATE|2|1|2|3|length 0|4.26
STATE|2|1|2|3|hasGrass|false
STATE|2|1|2|3|hasCanola|true
STATE|2|1|2|3|hasFlower|false
STATE|2|1|2|3|soilQuality|1.08
STATE|2|1|2|3|grassCount|0.96
STATE|2|1|2|3|canolaCount|3.95
STATE|2|1|2|3|flowerCount|7.56
STATE|2|1|2|3|predatorCount|2.72
STATE|2|1|2|3|pollinatorCount|1.86
STATE|2|1|2|3|pestCount|7.29
STATE|2|1|2|3|predatorK|8.48
STATE|2|1|2|3|pollinatorK|5.69
STATE|2|1|2|3|pestK|8.84
STATE|2|1|2|3|yield|5.09
STATE|2|1|2|3|canolaPoints|7.29
STATE|2|1|2|3|paymentPoints|9.48
STATE|2|1|2|3|ownedBy|1
STATE|2|1|2|3|village|2
STATE|2|1|2|3|shared?|false
STATE|2|1|3|0|length 0|3.59
STATE|2|1|3|0|hasGrass|false
STATE|2|1|3|0|hasCanola|true
STATE|2|1|3|0|hasFlower|false
STATE|2|1|3|0|soilQuality|7.33
STATE|2|1|3|0|grassCount|6.77
STATE|2|1|3|0|canolaCount|9.42
STATE|2|1|3|0|flowerCount|4.34
STATE|2|1|3|0|predatorCount|3.37
STATE|2|1|3|0|pollinatorCount|4.36
STATE|2|1|3|0|pestCount|7.35
STATE|2|1|3|0|predatorK|8.21
STATE|2|1|3|0|pollinatorK|6.31
STATE|2|1|3|0|pestK|7.92
STATE|2|1|3|0|yield|6.66
STATE|2|1|3|0|canolaPoints|7.78
STATE|2|1|3|0|paymentPoints|1.28
STATE|2|1|3|0|ownedBy|2
STATE|2|1|3|0|village|3
STATE|2|1|3|0|shared?|true
STATE|2|1|3|1|length 0|8.53
STATE|2|1|3|1|hasGrass|false
STATE|2|1|3|1|hasCanola|true
STATE|2|1|3|1|hasFlower|true
STATE|2|1|3|1|soilQuality|4.81
STATE|2|1|3|1|grassCount|8.63
STATE|2|1|3|1|canolaCount|8.04
STATE|2|1|3|1|flowerCount|3.85
STATE|2|1|3|1|predatorCount|1.43
STATE|2|1|3|1|pollinatorCount|2.0
STATE|2|1|3|1|pestCount|5.55
STATE|2|1|3|1|predatorK|7.24
STATE|2|1|3|1|pollinatorK|0.94
STATE|2|1|3|1|pestK|2.69
STATE|2|1|3|1|yield|4.21
STATE|2|1|3|1|canolaPoints|4.78
STATE|2|1|3|1|paymentPoints|1.02
STATE|2|1|3|1|ownedBy|3
STATE|2|1|3|1|village|0
STATE|2|1|3|1|shared?|true
STATE|2|1|3|2|length 0|5.06
STATE|2|1|3|2|hasGrass|false
STATE|2|1|3|2|hasCanola|true
STATE|2|1|3|2|hasFlower|false
STATE|2|1|3|2|soilQuality|1.3
STATE|2|1|3|2|grassCount|8.53
STATE|2|1|3|2|canolaCount|4.34
STATE|2|1|3|2|flowerCount|6.9
STATE|2|1|3|2|predatorCount|1.29
STATE|2|1|3|2|pollinatorCount|6.64
STATE|2|1|3|2|pestCount|1.56
STATE|2|1|3|2|predatorK|7.11
STATE|2|1|3|2|pollinatorK|8.66
STATE|2|1|3|2|pestK|0.28
STATE|2|1|3|2|yield|4.99
STATE|2|1|3|2|canolaPoints|2.89
STATE|2|1|3|2|paymentPoints|4.1
STATE|2|1|3|2|ownedBy|2
STATE|2|1|3|2|village|0
STATE|2|1|3|2|shared?|false
STATE|2|1|3|3|length 0|5.98
STATE|2|1|3|3|hasGrass|true
STATE|2|1|3|3|hasCanola|false
STATE|2|1|3|3|hasFlower|false
STATE|2|1|3|3|soilQuality|7.34
STATE|2|1|3|3|grassCount|9.44
STATE|2|1|3|3|canolaCount|2.53
STATE|2|1|3|3|flowerCount|7.5
STATE|2|1|3|3|predatorCount|9.64
STATE|2|1|3|3|pollinatorCount|5.65
STATE|2|1|3|3|pestCount|1.14
STATE|2|1|3|3|predatorK|7.84
STATE|2|1|3|3|pollinatorK|8.67
STATE|2|1|3|3|pestK|3.42
STATE|2|1|3|3|yield|7.82
STATE|2|1|3|3|canolaPoints|9.18
STATE|2|1|3|3|paymentPoints|7.88
STATE|2|1|3|3|ownedBy|3
STATE|2|1|3|3|village|0
STATE|2|1|3|3|shared?|false
CHOICE|2|1|1|1|3|4|12:17:10.000 PM 28-Sep-2026
CHOICE|2|1|1|2|0|4|12:17:21.000 PM 28-Sep-2026
CHOICE|2|1|1|3|1|2|12:17:23.000 PM 28-Sep-2026
CONFIRM|2|1|1|12:17:30.000 PM 28-Sep-2026
CHOICE|2|1|2|3|2|3|12:17:43.000 PM 28-Sep-2026
CONFIRM|2|1|2|12:17:45.000 PM 28-Sep-2026
CHOICE|2|1|3|2|3|1|12:17:46.000 PM 28-Sep-2026
CONFIRM|2|1|3|12:17:59.000 PM 28-Sep-2026
CHOICE|2|1|4|3|3|4|12:18:02.000 PM 28-Sep-2026
CHOICE|2|1|4|1|3|3|12:18:15.000 PM 28-Sep-2026
CONFIRM|2|1|4|12:18:30.000 PM 28-Sep-2026
CHOICE|2|1|5|2|2|4|12:18:39.000 PM 28-Sep-2026
CHOICE|2|1|5|3|3|2|12:18:41.000 PM 28-Sep-2026
CHOICE|2|1|5|3|3|3|12:18:42.000 PM 28-Sep-2026
CONFIRM|2|1|5|12:18:51.000 PM 28-Sep-2026
CHOICE|2|1|6|0|2|2|12:19:04.000 PM 28-Sep-2026
CHOICE|2|1|6|3|2|1|12:19:18.000 PM 28-Sep-2026
CONFIRM|2|1|6|12:19:25.000 PM 28-Sep-2026
CHOICE|2|1|7|1|1|1|12:19:35.000 PM 28-Sep-2026
CHOICE|2|1|7|2|0|1|12:19:44.000 PM 28-Sep-2026
CHOICE|2|1|7|2|0|4|12:19:53.000 PM 28-Sep-2026
CONFIRM|2|1|7|12:20:01.000 PM 28-Sep-2026
CHOICE|2|1|8|0|0|2|12:20:07.000 PM 28-Sep-2026
CONFIRM|2|1|8|12:20:17.000 PM 28-Sep-2026
CHOICE|2|1|9|1|3|1|12:20:22.000 PM 28-Sep-2026
CONFIRM|2|1|9|12:20:27.000 PM 28-Sep-2026
CHOICE|2|1|10|1|0|2|12:20:37.000 PM 28-Sep-2026
CHOICE|2|1|10|0|0|2|12:20:47.000 PM 28-Sep-2026
CONFIRM|2|1|10|12:21:02.000 PM 28-Sep-2026
CHOICE|2|1|11|1|2|2|12:21:09.000 PM 28-Sep-2026
CONFIRM|2|1|11|12:21:15.000 PM 28-Sep-2026
CHOICE|2|1|12|2|0|4|12:21:20.000 PM 28-Sep-2026
CHOICE|2|1|12|3|2|1|12:21:24.000 PM 28-Sep-2026
CHOICE|2|1|12|1|2|-99|12:21:34.000 PM 28-Sep-2026
CONFIRM|2|1|12|12:21:47.000 PM 28-Sep-2026
CHOICE|2|1|13|0|0|-99|12:21:58.000 PM 28-Sep-2026
CONFIRM|2|1|13|12:22:10.000 PM 28-Sep-2026
CHOICE|2|1|14|3|2|2|12:22:21.000 PM 28-Sep-2026
CONFIRM|2|1|14|12:22:36.000 PM 28-Sep-2026
CHOICE|2|1|15|1|3|-99|12:22:49.000 PM 28-Sep-2026
CHOICE|2|1|15|2|2|1|12:23:00.000 PM 28-Sep-2026
CHOICE|2|1|15|2|2|4|12:23:14.000 PM 28-Sep-2026
CONFIRM|2|1|15|12:23:16.000 PM 28-Sep-2026
CHOICE|2|1|16|1|2|2|12:23:20.000 PM 28-Sep-2026
CONFIRM|2|1|16|12:23:22.000 PM 28-Sep-2026
CHOICE|2|1|17|0|3|1|12:23:28.000 PM 28-Sep-2026
CONFIRM|2|1|17|12:23:43.000 PM 28-Sep-2026
CHOICE|2|1|18|2|3|1|12:23:50.000 PM 28-Sep-2026
CHOICE|2|1|18|0|2|2|12:23:53.000 PM 28-Sep-2026
CONFIRM|2|1|18|12:24:07.000 PM 28-Sep-2026
CHOICE|2|1|19|3|3|-99|12:24:14.000 PM 28-Sep-2026
CHOICE|2|1|19|3|3|2|12:24:18.000 PM 28-Sep-2026
CHOICE|2|1|19|3|3|1|12:24:32.000 PM 28-Sep-2026
CONFIRM|2|1|19|12:24:40.000 PM 28-Sep-2026
CHOICE|2|1|20|1|0|3|12:24:46.000 PM 28-Sep-2026
CONFIRM|2|1|20|12:24:55.000 PM 28-Sep-2026
SCORE|2|1|1|5|47|9
SCORE|2|1|2|20|62|8
SCORE|2|1|3|8|24|18
SCORE|2|1|4|9|10|18
SCORE|2|1|5|2|45|16
SCORE|2|1|6|6|42|7
SCORE|2|1|7|13|28|4
SCORE|2|1|8|18|34|4
SCORE|2|1|9|13|24|2
SCORE|2|1|10|9|17|5
SCORE|2|1|11|18|27|3
SCORE|2|1|12|12|15|18
SCORE|2|1|13|6|55|2
SCORE|2|1|14|6|6|12
SCORE|2|1|15|10|19|8
SCORE|2|1|16|16|39|18
SCORE|2|1|17|3|19|1
SCORE|2|1|18|4|54|10
SCORE|2|1|19|2|38|19
SCORE|2|1|20|15|18|18
PHASE|phase-2-2|12:25:10.000 PM 28-Sep-2026
STATE|2|2|0|0|length 0|6.6
STATE|2|2|0|0|hasGrass|true
STATE|2|2|0|0|hasCanola|true
STATE|2|2|0|0|hasFlower|false
STATE|2|2|0|0|soilQuality|2.6
STATE|2|2|0|0|grassCount|1.77
STATE|2|2|0|0|canolaCount|2.41
STATE|2|2|0|0|flowerCount|5.71
STATE|2|2|0|0|predatorCount|4.69
STATE|2|2|0|0|pollinatorCount|3.83
STATE|2|2|0|0|pestCount|1.18
STATE|2|2|0|0|predatorK|2.19
STATE|2|2|0|0|pollinatorK|6.14
STATE|2|2|0|0|pestK|4.0
STATE|2|2|0|0|yield|1.83
STATE|2|2|0|0|canolaPoints|8.18
STATE|2|2|0|0|paymentPoints|5.47
STATE|2|2|0|0|ownedBy|1
STATE|2|2|0|0|village|0
STATE|2|2|0|0|shared?|false
STATE|2|2|0|1|length 0|1.53
STATE|2|2|0|1|hasGrass|true
STATE|2|2|0|1|hasCanola|true
STATE|2|2|0|1|hasFlower|false
STATE|2|2|0|1|soilQuality|7.79
STATE|2|2|0|1|grassCount|0.75
STATE|2|2|0|1|canolaCount|1.37
STATE|2|2|0|1|flowerCount|6.73
STATE|2|2|0|1|predatorCount|5.03
STATE|2|2|0|1|pollinatorCount|3.12
STATE|2|2|0|1|pestCount|4.88
STATE|2|2|0|1|predatorK|1.39
STATE|2|2|0|1|pollinatorK|4.69
STATE|2|2|0|1|pestK|5.67
STATE|2|2|0|1|yield|9.35
STATE|2|2|0|1|canolaPoints|6.12
STATE|2|2|0|1|paymentPoints|5.76
STATE|2|2|0|1|ownedBy|0
STATE|2|2|0|1|village|2
STATE|2|2|0|1|shared?|false
STATE|2|2|0|2|length 0|5.63
STATE|2|2|0|2|hasGrass|false
STATE|2|2|0|2|hasCanola|true
STATE|2|2|0|2|hasFlower|false
STATE|2|2|0|2|soilQuality|7.1
STATE|2|2|0|2|grassCount|7.22
STATE|2|2|0|2|canolaCount|9.78
STATE|2|2|0|2|flowerCount|9.56
STATE|2|2|0|2|predatorCount|1.29
STATE|2|2|0|2|pollinatorCount|8.98
STATE|2|2|0|2|pestCount|5.31
STATE|2|2|0|2|predatorK|6.04
STATE|2|2|0|2|pollinatorK|0.21
STATE|2|2|0|2|pestK|0.67
STATE|2|2|0|2|yield|7.96
STATE|2|2|0|2|canolaPoints|3.67
STATE|2|2|0|2|paymentPoints|9.84
STATE|2|2|0|2|ownedBy|1
STATE|2|2|0|2|village|3
STATE|2|2|0|2|shared?|false
STATE|2|2|0|3|length 0|9.45
STATE|2|2|0|3|hasGrass|true
STATE|2|2|0|3|hasCanola|true
STATE|2|2|0|3|hasFlower|false
STATE|2|2|0|3|soilQuality|3.27
STATE|2|2|0|3|grassCount|6.23
STATE|2|2|0|3|canolaCount|5.06
STATE|2|2|0|3|flowerCount|9.3
STATE|2|2|0|3|predatorCount|5.53
STATE|2|2|0|3|pollinatorCount|7.48
STATE|2|2|0|3|pestCount|0.58
STATE|2|2|0|3|predatorK|9.33
STATE|2|2|0|3|pollinatorK|6.34
STATE|2|2|0|3|pestK|3.35
STATE|2|2|0|3|yield|8.39
STATE|2|2|0|3|canolaPoints|0.08
STATE|2|2|0|3|paymentPoints|5.15
STATE|2|2|0|3|ownedBy|1
STATE|2|2|0|3|village|3
STATE|2|2|0|3|shared?|true
STATE|2|2|1|0|length 0|1.54
STATE|2|2|1|0|hasGrass|true
STATE|2|2|1|0|hasCanola|false
STATE|2|2|1|0|hasFlower|false
STATE|2|2|1|0|soilQuality|2.23
STATE|2|2|1|0|grassCount|0.65
STATE|2|2|1|0|canolaCount|0.76
STATE|2|2|1|0|flowerCount|3.31
STATE|2|2|1|0|predatorCount|5.5
STATE|2|2|1|0|pollinatorCount|0.01
STATE|2|2|1|0|pestCount|1.05
STATE|2|2|1|0|predatorK|6.66
STATE|2|2|1|0|pollinatorK|2.33
STATE|2|2|1|0|pestK|0.44
STATE|2|2|1|0|yield|8.11
STATE|2|2|1|0|canolaPoints|0.75
STATE|2|2|1|0|paymentPoints|7.44
STATE|2|2|1|0|ownedBy|0
STATE|2|2|1|0|village|0
STATE|2|2|1|0|shared?|false
STATE|2|2|1|1|length 0|4.73
STATE|2|2|1|1|hasGrass|true
STATE|2|2|1|1|hasCanola|true
STATE|2|2|1|1|hasFlower|false
STATE|2|2|1|1|soilQuality|4.17
STATE|2|2|1|1|grassCount|5.57
STATE|2|2|1|1|canolaCount|3.21
STATE|2|2|1|1|flowerCount|1.79
STATE|2|2|1|1|predatorCount|3.09
STATE|2|2|1|1|pollinatorCount|2.57
STATE|2|2|1|1|pestCount|7.41
STATE|2|2|1|1|predatorK|8.24
STATE|2|2|1|1|pollinatorK|7.75
STATE|2|2|1|1|pestK|2.95
STATE|2|2|1|1|yield|3.38
STATE|2|2|1|1|canolaPoints|9.44
STATE|2|2|1|1|paymentPoints|4.62
STATE|2|2|1|1|ownedBy|3
STATE|2|2|1|1|village|0
STATE|2|2|1|1|shared?|true
STATE|2|2|1|2|length 0|7.76
STATE|2|2|1|2|hasGrass|true
STATE|2|2|1|2|hasCanola|true
STATE|2|2|1|2|hasFlower|true
STATE|2|2|1|2|soilQuality|2.01
STATE|2|2|1|2|grassCount|3.52
STATE|2|2|1|2|canolaCount|3.61
STATE|2|2|1|2|flowerCount|4.36
STATE|2|2|1|2|predatorCount|3.39
STATE|2|2|1|2|pollinatorCount|1.69
STATE|2|2|1|2|pestCount|8.33
STATE|2|2|1|2|predatorK|5.31
STATE|2|2|1|2|pollinatorK|3.78
STATE|2|2|1|2|pestK|6.29
STATE|2|2|1|2|yield|1.0
STATE|2|2|1|2|canolaPoints|2.95
STATE|2|2|1|2|paymentPoints|3.56
STATE|2|2|1|2|ownedBy|2
STATE|2|2|1|2|village|3
STATE|2|2|1|2|shared?|true
STATE|2|2|1|3|length 0|4.08
STATE|2|2|1|3|hasGrass|false
STATE|2|2|1|3|hasCanola|false
STATE|2|2|1|3|hasFlower|true
STATE|2|2|1|3|soilQuality|6.79
STATE|2|2|1|3|grassCount|3.63
STATE|2|2|1|3|canolaCount|0.18
STATE|2|2|1|3|flowerCount|0.74
STATE|2|2|1|3|predatorCount|0.5
STATE|2|2|1|3|pollinatorCount|3.92
STATE|2|2|1|3|pestCount|2.22
STATE|2|2|1|3|predatorK|5.63
STATE|2|2|1|3|pollinatorK|7.36
STATE|2|2|1|3|pestK|4.51
STATE|2|2|1|3|yield|7.3
STATE|2|2|1|3|canolaPoints|3.03
STATE|2|2|1|3|paymentPoints|1.89
STATE|2|2|1|3|ownedBy|3
STATE|2|2|1|3|village|0
STATE|2|2|1|3|shared?|true
STATE|2|2|2|0|length 0|6.83
STATE|2|2|2|0|hasGrass|true
STATE|2|2|2|0|hasCanola|true
STATE|2|2|2|0|hasFlower|true
STATE|2|2|2|0|soilQuality|0.03
STATE|2|2|2|0|grassCount|3.44
STATE|2|2|2|0|canolaCount|5.58
STATE|2|2|2|0|flowerCount|2.01
STATE|2|2|2|0|predatorCount|9.92
STATE|2|2|2|0|pollinatorCount|8.4
STATE|2|2|2|0|pestCount|6.96
STATE|2|2|2|0|predatorK|7.47
STATE|2|2|2|0|pollinatorK|2.2
STATE|2|2|2|0|pestK|7.28
STATE|2|2|2|0|yield|9.19
STATE|2|2|2|0|canolaPoints|9.47
STATE|2|2|2|0|paymentPoints|3.06
STATE|2|2|2|0|ownedBy|3
STATE|2|2|2|0|village|0
STATE|2|2|2|0|shared?|true
STATE|2|2|2|1|length 0|0.46
STATE|2|2|2|1|hasGrass|true
STATE|2|2|2|1|hasCanola|false
STATE|2|2|2|1|hasFlower|false
STATE|2|2|2|1|soilQuality|3.71
STATE|2|2|2|1|grassCount|5.88
STATE|2|2|2|1|canolaCount|2.69
STATE|2|2|2|1|flowerCount|0.63
STATE|2|2|2|1|predatorCount|1.63
STATE|2|2|2|1|pollinatorCount|6.09
STATE|2|2|2|1|pestCount|4.41
STATE|2|2|2|1|predatorK|2.72
STATE|2|2|2|1|pollinatorK|3.84
STATE|2|2|2|1|pestK|4.03
STATE|2|2|2|1|yield|7.43
STATE|2|2|2|1|canolaPoints|1.3
STATE|2|2|2|1|paymentPoints|5.1
STATE|2|2|2|1|ownedBy|1
STATE|2|2|2|1|village|0
STATE|2|2|2|1|shared?|false
STATE|2|2|2|2|length 0|3.22
STATE|2|2|2|2|hasGrass|false
STATE|2|2|2|2|hasCanola|false
STATE|2|2|2|2|hasFlower|true
STATE|2|2|2|2|soilQuality|9.36
STATE|2|2|2|2|grassCount|6.53
STATE|2|2|2|2|canolaCount|4.15
STATE|2|2|2|2|flowerCount|4.74
STATE|2|2|2|2|predatorCount|3.76
STATE|2|2|2|2|pollinatorCount|0.38
STATE|2|2|2|2|pestCount|5.25
STATE|2|2|2|2|predatorK|6.94
STATE|2|2|2|2|pollinatorK|3.05
STATE|2|2|2|2|pestK|7.21
STATE|2|2|2|2|yield|7.12
STATE|2|2|2|2|canolaPoints|5.57
STATE|2|2|2|2|paymentPoints|7.86
STATE|2|2|2|2|ownedBy|3
STATE|2|2|2|2|village|3
STATE|2|2|2|2|shared?|false
STATE|2|2|2|3|length 0|3.02
STATE|2|2|2|3|hasGrass|true
STATE|2|2|2|3|hasCanola|true
STATE|2|2|2|3|hasFlower|true
STATE|2|2|2|3|soilQuality|5.96
STATE|2|2|2|3|grassCount|9.03
STATE|2|2|2|3|canolaCount|3.52
STATE|2|2|2|3|flowerCount|8.35
STATE|2|2|2|3|predatorCount|1.34
STATE|2|2|2|3|pollinatorCount|0.89
STATE|2|2|2|3|pestCount|3.31
STATE|2|2|2|3|predatorK|9.1
STATE|2|2|2|3|pollinatorK|0.59
STATE|2|2|2|3|pestK|0.5
STATE|2|2|2|3|yield|6.05
STATE|2|2|2|3|canolaPoints|6.19
STATE|2|2|2|3|paymentPoints|6.86
STATE|2|2|2|3|ownedBy|3
STATE|2|2|2|3|village|2
STATE|2|2|2|3|shared?|true
STATE|2|2|3|0|length 0|7.5
STATE|2|2|3|0|hasGrass|true
STATE|2|2|3|0|hasCanola|false
STATE|2|2|3|0|hasFlower|false
STATE|2|2|3|0|soilQuality|7.49
STATE|2|2|3|0|grassCount|8.28
STATE|2|2|3|0|canolaCount|0.67
STATE|2|2|3|0|flowerCount|1.96
STATE|2|2|3|0|predatorCount|6.07
STATE|2|2|3|0|pollinatorCount|3.17
STATE|2|2|3|0|pestCount|0.51
STATE|2|2|3|0|predatorK|6.72
STATE|2|2|3|0|pollinatorK|1.61
STATE|2|2|3|0|pestK|6.47
STATE|2|2|3|0|yield|4.88
STATE|2|2|3|0|canolaPoints|0.37
STATE|2|2|3|0|paymentPoints|9.05
STATE|2|2|3|0|ownedBy|3
STATE|2|2|3|0|village|0
STATE|2|2|3|0|shared?|false
STATE|2|2|3|1|length 0|0.15
STATE|2|2|3|1|hasGrass|false
STATE|2|2|3|1|hasCanola|false
STATE|2|2|3|1|hasFlower|false
STATE|2|2|3|1|soilQuality|0.8
STATE|2|2|3|1|grassCount|7.29
STATE|2|2|3|1|canolaCount|5.01
STATE|2|2|3|1|flowerCount|3.42
STATE|2|2|3|1|predatorCount|0.58
STATE|2|2|3|1|pollinatorCount|2.22
STATE|2|2|3|1|pestCount|8.17
STATE|2|2|3|1|predatorK|4.71
STATE|2|2|3|1|pollinatorK|5.32
STATE|2|2|3|1|pestK|6.43
STATE|2|2|3|1|yield|3.81
STATE|2|2|3|1|canolaPoints|7.6
STATE|2|2|3|1|paymentPoints|7.24
STATE|2|2|3|1|ownedBy|0
STATE|2|2|3|1|village|0
STATE|2|2|3|1|shared?|false
STATE|2|2|3|2|length 0|0.27
STATE|2|2|3|2|hasGrass|false
STATE|2|2|3|2|hasCanola|false
STATE|2|2|3|2|hasFlower|false
STATE|2|2|3|2|soilQuality|3.03
STATE|2|2|3|2|grassCount|9.33
STATE|2|2|3|2|canolaCount|1.73
STATE|2|2|3|2|flowerCount|7.03
STATE|2|2|3|2|predatorCount|7.65
STATE|2|2|3|2|pollinatorCount|0.39
STATE|2|2|3|2|pestCount|2.59
STATE|2|2|3|2|predatorK|5.37
STATE|2|2|3|2|pollinatorK|9.96
STATE|2|2|3|2|pestK|1.66
STATE|2|2|3|2|yield|4.62
STATE|2|2|3|2|canolaPoints|8.96
STATE|2|2|3|2|paymentPoints|1.72
STATE|2|2|3|2|ownedBy|3
STATE|2|2|3|2|village|3
STATE|2|2|3|2|shared?|false
STATE|2|2|3|3|length 0|3.42
STATE|2|2|3|3|hasGrass|false
STATE|2|2|3|3|hasCanola|true
STATE|2|2|3|3|hasFlower|true
STATE|2|2|3|3|soilQuality|8.1
STATE|2|2|3|3|grassCount|1.13
STATE|2|2|3|3|canolaCount|5.43
STATE|2|2|3|3|flowerCount|0.84
STATE|2|2|3|3|predatorCount|8.07
STATE|2|2|3|3|pollinatorCount|6.42
STATE|2|2|3|3|pestCount|1.22
STATE|2|2|3|3|predatorK|8.82
STATE|2|2|3|3|pollinatorK|6.51
STATE|2|2|3|3|pestK|6.44
STATE|2|2|3|3|yield|0.77
STATE|2|2|3|3|canolaPoints|8.27
STATE|2|2|3|3|paymentPoints|6.99
STATE|2|2|3|3|ownedBy|2
STATE|2|2|3|3|village|3
STATE|2|2|3|3|shared?|true
CHOICE|2|2|1|1|3|3|12:25:17.000 PM 28-Sep-2026
CHOICE|2|2|1|2|0|4|12:25:27.000 PM 28-Sep-2026
CONFIRM|2|2|1|12:25:42.000 PM 28-Sep-2026
CHOICE|2|2|2|1|1|2|12:25:57.000 PM 28-Sep-2026
CHOICE|2|2|2|1|1|1|12:26:07.000 PM 28-Sep-2026
CONFIRM|2|2|2|12:26:08.000 PM 28-Sep-2026
CHOICE|2|2|3|0|0|2|12:26:16.000 PM 28-Sep-2026
CONFIRM|2|2|3|12:26:21.000 PM 28-Sep-2026
CHOICE|2|2|4|1|2|3|12:26:33.000 PM 28-Sep-2026
CONFIRM|2|2|4|12:26:41.000 PM 28-Sep-2026
CHOICE|2|2|5|3|2|1|12:26:42.000 PM 28-Sep-2026
CHOICE|2|2|5|3|2|4|12:26:44.000 PM 28-Sep-2026
CONFIRM|2|2|5|12:26:53.000 PM 28-Sep-2026
CHOICE|2|2|6|3|3|3|12:27:03.000 PM 28-Sep-2026
CONFIRM|2|2|6|12:27:18.000 PM 28-Sep-2026
CHOICE|2|2|7|2|2|3|12:27:31.000 PM 28-Sep-2026
CHOICE|2|2|7|3|0|1|12:27:42.000 PM 28-Sep-2026
CONFIRM|2|2|7|12:27:53.000 PM 28-Sep-2026
CHOICE|2|2|8|0|1|3|12:28:08.000 PM 28-Sep-2026
CONFIRM|2|2|8|12:28:14.000 PM 28-Sep-2026
CHOICE|2|2|9|1|0|2|12:28:20.000 PM 28-Sep-2026
CHOICE|2|2|9|1|0|1|12:28:31.000 PM 28-Sep-2026
CHOICE|2|2|9|3|1|1|12:28:38.000 PM 28-Sep-2026
CONFIRM|2|2|9|12:28:50.000 PM 28-Sep-2026
CHOICE|2|2|10|0|3|3|12:28:51.000 PM 28-Sep-2026
CONFIRM|2|2|10|12:28:52.000 PM 28-Sep-2026
CHOICE|2|2|11|2|0|2|12:28:54.000 PM 28-Sep-2026
CHOICE|2|2|11|1|3|-99|12:29:01.000 PM 28-Sep-2026
CONFIRM|2|2|11|12:29:04.000 PM 28-Sep-2026
CHOICE|2|2|12|2|1|2|12:29:19.000 PM 28-Sep-2026
CONFIRM|2|2|12|12:29:31.000 PM 28-Sep-2026
CHOICE|2|2|13|0|2|1|12:29:32.000 PM 28-Sep-2026
CHOICE|2|2|13|0|2|1|12:29:46.000 PM 28-Sep-2026
CHOICE|2|2|13|1|2|-99|12:29:49.000 PM 28-Sep-2026
CONFIRM|2|2|13|12:30:02.000 PM 28-Sep-2026
CHOICE|2|2|14|0|3|3|12:30:03.000 PM 28-Sep-2026
CHOICE|2|2|14|0|3|2|12:30:13.000 PM 28-Sep-2026
CONFIRM|2|2|14|12:30:14.000 PM 28-Sep-2026
CHOICE|2|2|15|2|2|3|12:30:29.000 PM 28-Sep-2026
CHOICE|2|2|15|2|1|4|12:30:44.000 PM 28-Sep-2026
CHOICE|2|2|15|1|3|4|12:30:54.000 PM 28-Sep-2026
CONFIRM|2|2|15|12:31:08.000 PM 28-Sep-2026
CHOICE|2|2|16|2|2|-99|12:31:17.000 PM 28-Sep-2026
CHOICE|2|2|16|2|2|3|12:31:23.000 PM 28-Sep-2026
CHOICE|2|2|16|2|2|4|12:31:24.000 PM 28-Sep-2026
CONFIRM|2|2|16|12:31:25.000 PM 28-Sep-2026
CHOICE|2|2|17|1|3|3|12:31:29.000 PM 28-Sep-2026
CONFIRM|2|2|17|12:31:43.000 PM 28-Sep-2026
CHOICE|2|2|18|0|3|2|12:31:50.000 PM 28-Sep-2026
CHOICE|2|2|18|1|2|2|12:31:52.000 PM 28-Sep-2026
CONFIRM|2|2|18|12:32:07.000 PM 28-Sep-2026
CHOICE|2|2|19|3|1|1|12:32:21.000 PM 28-Sep-2026
CHOICE|2|2|19|3|1|1|12:32:25.000 PM 28-Sep-2026
CHOICE|2|2|19|1|3|2|12:32:33.000 PM 28-Sep-2026
CONFIRM|2|2|19|12:32:38.000 PM 28-Sep-2026
CHOICE|2|2|20|3|0|4|12:32:40.000 PM 28-Sep-2026
CHOICE|2|2|20|3|0|4|12:32:47.000 PM 28-Sep-2026
CHOICE|2|2|20|3|0|4|12:32:57.000 PM 28-Sep-2026
CONFIRM|2|2|20|12:32:58.000 PM 28-Sep-2026
SCORE|2|2|1|9|17|4
SCORE|2|2|2|12|62|10
SCORE|2|2|3|8|10|14
SCORE|2|2|4|9|12|0
SCORE|2|2|5|2|26|1
SCORE|2|2|6|11|31|17
SCORE|2|2|7|6|26|4
SCORE|2|2|8|7|34|16
SCORE|2|2|9|13|49|16
SCORE|2|2|10|7|48|12
SCORE|2|2|11|0|32|3
SCORE|2|2|12|16|59|16
SCORE|2|2|13|6|44|0
SCORE|2|2|14|3|9|6
SCORE|2|2|15|18|19|12
SCORE|2|2|16|4|53|14
SCORE|2|2|17|12|41|8
SCORE|2|2|18|10|28|2
SCORE|2|2|19|17|45|14
SCORE|2|2|20|13|18|15
PHASE|phase-3-1|12:33:08.000 PM 28-Sep-2026
STATE|3|1|0|0|length 0|6.58
STATE|3|1|0|0|hasGrass|false
STATE|3|1|0|0|hasCanola|false
STATE|3|1|0|0|hasFlower|false
STATE|3|1|0|0|soilQuality|4.86
STATE|3|1|0|0|grassCount|7.81
STATE|3|1|0|0|canolaCount|9.41
STATE|3|1|0|0|flowerCount|4.72
STATE|3|1|0|0|predatorCount|3.13
STATE|3|1|0|0|pollinatorCount|9.19
STATE|3|1|0|0|pestCount|0.17
STATE|3|1|0|0|predatorK|1.35
STATE|3|1|0|0|pollinatorK|9.36
STATE|3|1|0|0|pestK|1.55
STATE|3|1|0|0|yield|7.76
STATE|3|1|0|0|canolaPoints|2.62
STATE|3|1|0|0|paymentPoints|7.29
STATE|3|1|0|0|ownedBy|3
STATE|3|1|0|0|village|3
STATE|3|1|0|0|shared?|false
STATE|3|1|0|1|length 0|8.35
STATE|3|1|0|1|hasGrass|false
STATE|3|1|0|1|hasCanola|true
STATE|3|1|0|1|hasFlower|true
STATE|3|1|0|1|soilQuality|4.09
STATE|3|1|0|1|grassCount|8.22
STATE|3|1|0|1|canolaCount|0.39
STATE|3|1|0|1|flowerCount|8.84
STATE|3|1|0|1|predatorCount|2.02
STATE|3|1|0|1|pollinatorCount|4.45
STATE|3|1|0|1|pestCount|6.66
STATE|3|1|0|1|predatorK|8.29
STATE|3|1|0|1|pollinatorK|9.66
STATE|3|1|0|1|pestK|9.67
STATE|3|1|0|1|yield|0.87
STATE|3|1|0|1|canolaPoints|1.7
STATE|3|1|0|1|paymentPoints|3.11
STATE|3|1|0|1|ownedBy|0
STATE|3|1|0|1|village|1
STATE|3|1|0|1|shared?|true
STATE|3|1|0|2|length 0|7.64
STATE|3|1|0|2|hasGrass|false
STATE|3|1|0|2|hasCanola|true
STATE|3|1|0|2|hasFlower|false
STATE|3|1|0|2|soilQuality|8.72
STATE|3|1|0|2|grassCount|4.48
STATE|3|1|0|2|canolaCount|2.28
STATE|3|1|0|2|flowerCount|2.49
STATE|3|1|0|2|predatorCount|2.38
STATE|3|1|0|2|pollinatorCount|8.52
STATE|3|1|0|2|pestCount|7.57
STATE|3|1|0|2|predatorK|2.58
STATE|3|1|0|2|pollinatorK|7.44
STATE|3|1|0|2|pestK|8.18
STATE|3|1|0|2|yield|2.63
STATE|3|1|0|2|canolaPoints|8.97
STATE|3|1|0|2|paymentPoints|6.14
STATE|3|1|0|2|ownedBy|0
STATE|3|1|0|2|village|2
STATE|3|1|0|2|shared?|true
STATE|3|1|0|3|length 0|3.4
STATE|3|1|0|3|hasGrass|true
STATE|3|1|0|3|hasCanola|false
STATE|3|1|0|3|hasFlower|true
STATE|3|1|0|3|soilQuality|9.49
STATE|3|1|0|3|grassCount|4.5
STATE|3|1|0|3|canolaCount|5.69
STATE|3|1|0|3|flowerCount|9.01
STATE|3|1|0|3|predatorCount|0.06
STATE|3|1|0|3|pollinatorCount|3.13
STATE|3|1|0|3|pestCount|9.05
STATE|3|1|0|3|predatorK|6.54
STATE|3|1|0|3|pollinatorK|8.38
STATE|3|1|0|3|pestK|0.67
STATE|3|1|0|3|yield|7.91
STATE|3|1|0|3|canolaPoints|2.59
STATE|3|1|0|3|paymentPoints|3.16
STATE|3|1|0|3|ownedBy|1
STATE|3|1|0|3|village|3
STATE|3|1|0|3|shared?|true
STATE|3|1|1|0|length 0|2.64
STATE|3|1|1|0|hasGrass|false
STATE|3|1|1|0|hasCanola|true
STATE|3|1|1|0|hasFlower|true
STATE|3|1|1|0|soilQuality|7.63
STATE|3|1|1|0|grassCount|8.71
STATE|3|1|1|0|canolaCount|8.91
STATE|3|1|1|0|flowerCount|8.2
STATE|3|1|1|0|predatorCount|9.36
STATE|3|1|1|0|pollinatorCount|4.55
STATE|3|1|1|0|pestCount|2.98
STATE|3|1|1|0|predatorK|5.55
STATE|3|1|1|0|pollinatorK|5.95
STATE|3|1|1|0|pestK|0.26
STATE|3|1|1|0|yield|3.32
STATE|3|1|1|0|canolaPoints|5.73
STATE|3|1|1|0|paymentPoints|2.98
STATE|3|1|1|0|ownedBy|3
STATE|3|1|1|0|village|0
STATE|3|1|1|0|shared?|true
STATE|3|1|1|1|length 0|5.61
STATE|3|1|1|1|hasGrass|true
STATE|3|1|1|1|hasCanola|false
STATE|3|1|1|1|hasFlower|true
STATE|3|1|1|1|soilQuality|1.25
STATE|3|1|1|1|grassCount|5.66
STATE|3|1|1|1|canolaCount|8.84
STATE|3|1|1|1|flowerCount|5.11
STATE|3|1|1|1|predatorCount|5.62
STATE|3|1|1|1|pollinatorCount|1.07
STATE|3|1|1|1|pestCount|6.59
STATE|3|1|1|1|predatorK|1.05
STATE|3|1|1|1|pollinatorK|4.05
STATE|3|1|1|1|pestK|9.31
STATE|3|1|1|1|yield|3.81
STATE|3|1|1|1|canolaPoints|7.98
STATE|3|1|1|1|paymentPoints|8.88
STATE|3|1|1|1|ownedBy|0
STATE|3|1|1|1|village|1
STATE|3|1|1|1|shared?|false
STATE|3|1|1|2|length 0|7.11
STATE|3|1|1|2|hasGrass|true
STATE|3|1|1|2|hasCanola|false
STATE|3|1|1|2|hasFlower|true
STATE|3|1|1|2|soilQuality|4.27
STATE|3|1|1|2|grassCount|9.02
STATE|3|1|1|2|canolaCount|4.18
STATE|3|1|1|2|flowerCount|4.92
STATE|3|1|1|2|predatorCount|3.27
STATE|3|1|1|2|pollinatorCount|6.83
STATE|3|1|1|2|pestCount|5.04
STATE|3|1|1|2|predatorK|3.85
STATE|3|1|1|2|pollinatorK|5.31
STATE|3|1|1|2|pestK|6.25
STATE|3|1|1|2|yield|9.31
STATE|3|1|1|2|canolaPoints|3.02
STATE|3|1|1|2|paymentPoints|1.88
STATE|3|1|1|2|ownedBy|0
STATE|3|1|1|2|village|3
STATE|3|1|1|2|shared?|true
STATE|3|1|1|3|length 0|5.34
STATE|3|1|1|3|hasGrass|true
STATE|3|1|1|3|hasCanola|true
STATE|3|1|1|3|hasFlower|true
STATE|3|1|1|3|soilQuality|0.08
STATE|3|1|1|3|grassCount|3.87
STATE|3|1|1|3|canolaCount|8.95
STATE|3|1|1|3|flowerCount|2.79
STATE|3|1|1|3|predatorCount|5.87
STATE|3|1|1|3|pollinatorCount|6.75
STATE|3|1|1|3|pestCount|6.97
STATE|3|1|1|3|predatorK|9.63
STATE|3|1|1|3|pollinatorK|5.12
STATE|3|1|1|3|pestK|1.98
STATE|3|1|1|3|yield|7.33
STATE|3|1|1|3|canolaPoints|1.41
STATE|3|1|1|3|paymentPoints|4.29
STATE|3|1|1|3|ownedBy|0
STATE|3|1|1|3|village|0
STATE|3|1|1|3|shared?|true
STATE|3|1|2|0|length 0|2.8
STATE|3|1|2|0|hasGrass|false
STATE|3|1|2|0|hasCanola|false
STATE|3|1|2|0|hasFlower|true
STATE|3|1|2|0|soilQuality|9.53
STATE|3|1|2|0|grassCount|3.17
STATE|3|1|2|0|canolaCount|2.87
STATE|3|1|2|0|flowerCount|0.31
STATE|3|1|2|0|predatorCount|2.99
STATE|3|1|2|0|pollinatorCount|0.01
STATE|3|1|2|0|pestCount|3.67
STATE|3|1|2|0|predatorK|7.17
STATE|3|1|2|0|pollinatorK|5.32
STATE|3|1|2|0|pestK|2.39
STATE|3|1|2|0|yield|9.64
STATE|3|1|2|0|canolaPoints|8.86
STATE|3|1|2|0|paymentPoints|6.16
STATE|3|1|2|0|ownedBy|1
STATE|3|1|2|0|village|0
STATE|3|1|2|0|shared?|true
STATE|3|1|2|1|length 0|0.74
STATE|3|1|2|1|hasGrass|false
STATE|3|1|2|1|hasCanola|false
STATE|3|1|2|1|hasFlower|false
STATE|3|1|2|1|soilQuality|6.61
STATE|3|1|2|1|grassCount|4.72
STATE|3|1|2|1|canolaCount|5.0
STATE|3|1|2|1|flowerCount|3.68
STATE|3|1|2|1|predatorCount|2.87
STATE|3|1|2|1|pollinatorCount|0.76
STATE|3|1|2|1|pestCount|5.95
STATE|3|1|2|1|predatorK|5.65
STATE|3|1|2|1|pollinatorK|9.16
STATE|3|1|2|1|pestK|4.32
STATE|3|1|2|1|yield|9.88
STATE|3|1|2|1|canolaPoints|0.74
STATE|3|1|2|1|paymentPoints|4.83
STATE|3|1|2|1|ownedBy|2
STATE|3|1|2|1|village|3
STATE|3|1|2|1|shared?|false
STATE|3|1|2|2|length 0|8.74
STATE|3|1|2|2|hasGrass|false
STATE|3|1|2|2|hasCanola|false
STATE|3|1|2|2|hasFlower|false
STATE|3|1|2|2|soilQuality|9.77
STATE|3|1|2|2|grassCount|1.19
STATE|3|1|2|2|canolaCount|8.25
STATE|3|1|2|2|flowerCount|3.93
STATE|3|1|2|2|predatorCount|7.15
STATE|3|1|2|2|pollinatorCount|8.05
STATE|3|1|2|2|pestCount|0.94
STATE|3|1|2|2|predatorK|0.52
STATE|3|1|2|2|pollinatorK|8.92
STATE|3|1|2|2|pestK|5.32
STATE|3|1|2|2|yield|8.23
STATE|3|1|2|2|canolaPoints|1.28
STATE|3|1|2|2|paymentPoints|5.28
STATE|3|1|2|2|ownedBy|3
STATE|3|1|2|2|village|0
STATE|3|1|2|2|shared?|true
STATE|3|1|2|3|length 0|6.46
STATE|3|1|2|3|hasGrass|true
STATE|3|1|2|3|hasCanola|false
STATE|3|1|2|3|hasFlower|true
STATE|3|1|2|3|soilQuality|6.9
STATE|3|1|2|3|grassCount|5.72
STATE|3|1|2|3|canolaCount|7.39
STATE|3|1|2|3|flowerCount|6.43
STATE|3|1|2|3|predatorCount|7.88
STATE|3|1|2|3|pollinatorCount|0.04
STATE|3|1|2|3|pestCount|0.95
STATE|3|1|2|3|predatorK|4.03
STATE|3|1|2|3|pollinatorK|4.08
STATE|3|1|2|3|pestK|4.91
STATE|3|1|2|3|yield|6.07
STATE|3|1|2|3|canolaPoints|3.38
STATE|3|1|2|3|paymentPoints|2.89
STATE|3|1|2|3|ownedBy|1
STATE|3|1|2|3|village|0
STATE|3|1|2|3|shared?|true
STATE|3|1|3|0|length 0|5.01
STATE|3|1|3|0|hasGrass|false
STATE|3|1|3|0|hasCanola|true
STATE|3|1|3|0|hasFlower|false
STATE|3|1|3|0|soilQuality|6.91
STATE|3|1|3|0|grassCount|4.24
STATE|3|1|3|0|canolaCount|5.97
STATE|3|1|3|0|flowerCount|6.61
STATE|3|1|3|0|predatorCount|8.47
STATE|3|1|3|0|pollinatorCount|0.58
STATE|3|1|3|0|pestCount|5.7
STATE|3|1|3|0|predatorK|4.43
STATE|3|1|3|0|pollinatorK|2.8
STATE|3|1|3|0|pestK|8.75
STATE|3|1|3|0|yield|2.75
STATE|3|1|3|0|canolaPoints|6.64
STATE|3|1|3|0|paymentPoints|7.65
STATE|3|1|3|0|ownedBy|0
STATE|3|1|3|0|village|2
STATE|3|1|3|0|shared?|false
STATE|3|1|3|1|length 0|2.08
STATE|3|1|3|1|hasGrass|false
STATE|3|1|3|1|hasCanola|true
STATE|3|1|3|1|hasFlower|true
STATE|3|1|3|1|soilQuality|8.8
STATE|3|1|3|1|grassCount|0.35
STATE|3|1|3|1|canolaCount|2.76
STATE|3|1|3|1|flowerCount|6.64
STATE|3|1|3|1|predatorCount|2.14
STATE|3|1|3|1|pollinatorCount|9.66
STATE|3|1|3|1|pestCount|2.97
STATE|3|1|3|1|predatorK|4.89
STATE|3|1|3|1|pollinatorK|4.08
STATE|3|1|3|1|pestK|5.93
STATE|3|1|3|1|yield|0.99
STATE|3|1|3|1|canolaPoints|5.63
STATE|3|1|3|1|paymentPoints|5.44
STATE|3|1|3|1|ownedBy|0
STATE|3|1|3|1|village|0
STATE|3|1|3|1|shared?|false
STATE|3|1|3|2|length 0|6.56
STATE|3|1|3|2|hasGrass|true
STATE|3|1|3|2|hasCanola|true
STATE|3|1|3|2|hasFlower|false
STATE|3|1|3|2|soilQuality|0.75
STATE|3|1|3|2|grassCount|6.79
STATE|3|1|3|2|canolaCount|4.57
STATE|3|1|3|2|flowerCount|3.44
STATE|3|1|3|2|predatorCount|6.03
STATE|3|1|3|2|pollinatorCount|9.89
STATE|3|1|3|2|pestCount|6.86
STATE|3|1|3|2|predatorK|5.43
STATE|3|1|3|2|pollinatorK|4.17
STATE|3|1|3|2|pestK|7.37
STATE|3|1|3|2|yield|4.0
STATE|3|1|3|2|canolaPoints|2.56
STATE|3|1|3|2|paymentPoints|3.25
STATE|3|1|3|2|ownedBy|3
STATE|3|1|3|2|village|0
STATE|3|1|3|2|shared?|false
STATE|3|1|3|3|length 0|1.16
STATE|3|1|3|3|hasGrass|true
STATE|3|1|3|3|hasCanola|true
STATE|3|1|3|3|hasFlower|true
STATE|3|1|3|3|soilQuality|9.26
STATE|3|1|3|3|grassCount|5.48
STATE|3|1|3|3|canolaCount|1.99
STATE|3|1|3|3|flowerCount|4.86
STATE|3|1|3|3|predatorCount|7.24
STATE|3|1|3|3|pollinatorCount|0.85
STATE|3|1|3|3|pestCount|4.62
STATE|3|1|3|3|predatorK|0.06
STATE|3|1|3|3|pollinatorK|9.94
STATE|3|1|3|3|pestK|3.35
STATE|3|1|3|3|yield|6.09
STATE|3|1|3|3|canolaPoints|9.41
STATE|3|1|3|3|paymentPoints|1.78
STATE|3|1|3|3|ownedBy|3
STATE|3|1|3|3|village|3
STATE|3|1|3|3|shared?|false
CHOICE|3|1|1|2|1|1|12:33:10.000 PM 28-Sep-2026
CONFIRM|3|1|1|12:33:15.000 PM 28-Sep-2026
CHOICE|3|1|2|3|2|4|12:33:26.000 PM 28-Sep-2026
CHOICE|3|1|2|3|2|-99|12:33:35.000 PM 28-Sep-2026
CHOICE|3|1|2|3|0|3|12:33:43.000 PM 28-Sep-2026
CONFIRM|3|1|2|12:33:54.000 PM 28-Sep-2026
CHOICE|3|1|3|2|3|3|12:34:00.000 PM 28-Sep-2026
CONFIRM|3|1|3|12:34:05.000 PM 28-Sep-2026
CHOICE|3|1|4|1|1|3|12:34:15.000 PM 28-Sep-2026
CONFIRM|3|1|4|12:34:21.000 PM 28-Sep-2026
CHOICE|3|1|5|1|1|1|12:34:30.000 PM 28-Sep-2026
CONFIRM|3|1|5|12:34:36.000 PM 28-Sep-2026
CHOICE|3|1|6|0|1|3|12:34:37.000 PM 28-Sep-2026
CHOICE|3|1|6|0|1|2|12:34:42.000 PM 28-Sep-2026
CHOICE|3|1|6|0|1|2|12:34:44.000 PM 28-Sep-2026
CONFIRM|3|1|6|12:34:58.000 PM 28-Sep-2026
CHOICE|3|1|7|2|2|2|12:35:03.000 PM 28-Sep-2026
CHOICE|3|1|7|1|1|1|12:35:10.000 PM 28-Sep-2026
CHOICE|3|1|7|1|1|2|12:35:15.000 PM 28-Sep-2026
CONFIRM|3|1|7|12:35:23.000 PM 28-Sep-2026
CHOICE|3|1|8|0|3|4|12:35:29.000 PM 28-Sep-2026
CHOICE|3|1|8|2|3|-99|12:35:31.000 PM 28-Sep-2026
CONFIRM|3|1|8|12:35:35.000 PM 28-Sep-2026
CHOICE|3|1|9|1|1|3|12:35:39.000 PM 28-Sep-2026
CONFIRM|3|1|9|12:35:49.000 PM 28-Sep-2026
CHOICE|3|1|10|3|2|2|12:35:55.000 PM 28-Sep-2026
CHOICE|3|1|10|0|2|2|12:36:03.000 PM 28-Sep-2026
CONFIRM|3|1|10|12:36:15.000 PM 28-Sep-2026
CHOICE|3|1|11|3|3|1|12:36:22.000 PM 28-Sep-2026
CHOICE|3|1|11|1|3|3|12:36:28.000 PM 28-Sep-2026
CHOICE|3|1|11|3|0|1|12:36:30.000 PM 28-Sep-2026
CONFIRM|3|1|11|12:36:36.000 PM 28-Sep-2026
CHOICE|3|1|12|0|0|4|12:36:37.000 PM 28-Sep-2026
CHOICE|3|1|12|1|2|3|12:36:43.000 PM 28-Sep-2026
CHOICE|3|1|12|1|2|2|12:36:49.000 PM 28-Sep-2026
CONFIRM|3|1|12|12:36:52.000 PM 28-Sep-2026
CHOICE|3|1|13|0|1|2|12:36:54.000 PM 28-Sep-2026
CHOICE|3|1|13|0|1|1|12:37:04.000 PM 28-Sep-2026
CHOICE|3|1|13|0|1|3|12:37:17.000 PM 28-Sep-2026
CONFIRM|3|1|13|12:37:28.000 PM 28-Sep-2026
CHOICE|3|1|14|0|2|1|12:37:36.000 PM 28-Sep-2026
CONFIRM|3|1|14|12:37:48.000 PM 28-Sep-2026
CHOICE|3|1|15|3|0|4|12:38:03.000 PM 28-Sep-2026
CHOICE|3|1|15|3|2|2|12:38:13.000 PM 28-Sep-2026
CHOICE|3|1|15|3|2|1|12:38:15.000 PM 28-Sep-2026
CONFIRM|3|1|15|12:38:30.000 PM 28-Sep-2026
CHOICE|3|1|16|3|0|1|12:38:34.000 PM 28-Sep-2026
CHOICE|3|1|16|1|1|4|12:38:37.000 PM 28-Sep-2026
CHOICE|3|1|16|0|0|1|12:38:45.000 PM 28-Sep-2026
CONFIRM|3|1|16|12:38:55.000 PM 28-Sep-2026
CHOICE|3|1|17|0|3|1|12:38:56.000 PM 28-Sep-2026
CHOICE|3|1|17|0|3|2|12:39:02.000 PM 28-Sep-2026
CHOICE|3|1|17|0|3|4|12:39:15.000 PM 28-Sep-2026
CONFIRM|3|1|17|12:39:22.000 PM 28-Sep-2026
CHOICE|3|1|18|1|3|4|12:39:36.000 PM 28-Sep-2026
CONFIRM|3|1|18|12:39:41.000 PM 28-Sep-2026
CHOICE|3|1|19|1|1|1|12:39:46.000 PM 28-Sep-2026
CONFIRM|3|1|19|12:39:49.000 PM 28-Sep-2026
CHOICE|3|1|20|3|1|1|12:40:03.000 PM 28-Sep-2026
CHOICE|3|1|20|1|0|2|12:40:12.000 PM 28-Sep-2026
CHOICE|3|1|20|1|0|2|12:40:24.000 PM 28-Sep-2026
CONFIRM|3|1|20|12:40:26.000 PM 28-Sep-2026
SCORE|3|1|1|4|53|6
SCORE|3|1|2|1|6|10
SCORE|3|1|3|18|40|2
SCORE|3|1|4|6|47|1
SCORE|3|1|5|12|22|11
SCORE|3|1|6|11|53|16
SCORE|3|1|7|12|31|0
SCORE|3|1|8|1|30|16
SCORE|3|1|9|8|49|10
SCORE|3|1|10|12|48|3
SCORE|3|1|11|13|13|4
SCORE|3|1|12|4|23|10
SCORE|3|1|13|16|52|8
SCORE|3|1|14|8|13|2
SCORE|3|1|15|13|42|9
SCORE|3|1|16|16|55|3
SCORE|3|1|17|14|44|8
SCORE|3|1|18|19|46|15
SCORE|3|1|19|4|19|17
SCORE|3|1|20|9|13|19
PHASE|phase-3-2|12:40:38.000 PM 28-Sep-2026
STATE|3|2|0|0|length 0|0.57
STATE|3|2|0|0|hasGrass|false
STATE|3|2|0|0|hasCanola|true
STATE|3|2|0|0|hasFlower|true
STATE|3|2|0|0|soilQuality|1.09
STATE|3|2|0|0|grassCount|4.8
STATE|3|2|0|0|canolaCount|8.42
STATE|3|2|0|0|flowerCount|9.66
STATE|3|2|0|0|predatorCount|8.44
STATE|3|2|0|0|pollinatorCount|7.22
STATE|3|2|0|0|pestCount|0.54
STATE|3|2|0|0|predatorK|1.38
STATE|3|2|0|0|pollinatorK|4.29
STATE|3|2|0|0|pestK|0.86
STATE|3|2|0|0|yield|6.86
STATE|3|2|0|0|canolaPoints|5.05
STATE|3|2|0|0|paymentPoints|0.63
STATE|3|2|0|0|ownedBy|0
STATE|3|2|0|0|village|0
STATE|3|2|0|0|shared?|false
STATE|3|2|0|1|length 0|9.0
STATE|3|2|0|1|hasGrass|false
STATE|3|2|0|1|hasCanola|false
STATE|3|2|0|1|hasFlower|true
STATE|3|2|0|1|soilQuality|3.17
STATE|3|2|0|1|grassCount|7.97
STATE|3|2|0|1|canolaCount|3.18
STATE|3|2|0|1|flowerCount|1.34
STATE|3|2|0|1|predatorCount|9.98
STATE|3|2|0|1|pollinatorCount|8.22
STATE|3|2|0|1|pestCount|0.73
STATE|3|2|0|1|predatorK|2.4
STATE|3|2|0|1|pollinatorK|2.37
STATE|3|2|0|1|pestK|7.2
STATE|3|2|0|1|yield|4.86
STATE|3|2|0|1|canolaPoints|4.74
STATE|3|2|0|1|paymentPoints|1.13
STATE|3|2|0|1|ownedBy|0
STATE|3|2|0|1|village|1
STATE|3|2|0|1|shared?|true
STATE|3|2|0|2|length 0|4.22
STATE|3|2|0|2|hasGrass|true
STATE|3|2|0|2|hasCanola|false
STATE|3|2|0|2|hasFlower|false
STATE|3|2|0|2|soilQuality|5.27
STATE|3|2|0|2|grassCount|1.97
STATE|3|2|0|2|canolaCount|9.27
STATE|3|2|0|2|flowerCount|2.31
STATE|3|2|0|2|predatorCount|2.94
STATE|3|2|0|2|pollinatorCount|0.89
STATE|3|2|0|2|pestCount|5.15
STATE|3|2|0|2|predatorK|0.66
STATE|3|2|0|2|pollinatorK|7.7
STATE|3|2|0|2|pestK|1.25
STATE|3|2|0|2|yield|8.71
STATE|3|2|0|2|canolaPoints|5.94
STATE|3|2|0|2|paymentPoints|4.59
STATE|3|2|0|2|ownedBy|0
STATE|3|2|0|2|village|3
STATE|3|2|0|2|shared?|true
STATE|3|2|0|3|length 0|4.12
STATE|3|2|0|3|hasGrass|true
STATE|3|2|0|3|hasCanola|true
STATE|3|2|0|3|hasFlower|false
STATE|3|2|0|3|soilQuality|8.0
STATE|3|2|0|3|grassCount|3.12
STATE|3|2|0|3|canolaCount|9.0
STATE|3|2|0|3|flowerCount|5.61
STATE|3|2|0|3|predatorCount|6.19
STATE|3|2|0|3|pollinatorCount|8.92
STATE|3|2|0|3|pestCount|8.72
STATE|3|2|0|3|predatorK|0.05
STATE|3|2|0|3|pollinatorK|7.11
STATE|3|2|0|3|pestK|0.25
STATE|3|2|0|3|yield|2.88
STATE|3|2|0|3|canolaPoints|1.49
STATE|3|2|0|3|paymentPoints|8.42
STATE|3|2|0|3|ownedBy|0
STATE|3|2|0|3|village|0
STATE|3|2|0|3|shared?|false
STATE|3|2|1|0|length 0|0.66
STATE|3|2|1|0|hasGrass|true
STATE|3|2|1|0|hasCanola|false
STATE|3|2|1|0|hasFlower|true
STATE|3|2|1|0|soilQuality|3.88
STATE|3|2|1|0|grassCount|4.69
STATE|3|2|1|0|canolaCount|8.81
STATE|3|2|1|0|flowerCount|3.26
STATE|3|2|1|0|predatorCount|7.97
STATE|3|2|1|0|pollinatorCount|6.36
STATE|3|2|1|0|pestCount|4.71
STATE|3|2|1|0|predatorK|8.46
STATE|3|2|1|0|pollinatorK|8.6
STATE|3|2|1|0|pestK|6.06
STATE|3|2|1|0|yield|1.52
STATE|3|2|1|0|canolaPoints|9.26
STATE|3|2|1|0|paymentPoints|2.27
STATE|3|2|1|0|ownedBy|3
STATE|3|2|1|0|village|1
STATE|3|2|1|0|shared?|false
STATE|3|2|1|1|length 0|6.51
STATE|3|2|1|1|hasGrass|false
STATE|3|2|1|1|hasCanola|false
STATE|3|2|1|1|hasFlower|false
STATE|3|2|1|1|soilQuality|4.25
STATE|3|2|1|1|grassCount|8.5
STATE|3|2|1|1|canolaCount|0.36
STATE|3|2|1|1|flowerCount|9.8
STATE|3|2|1|1|predatorCount|3.18
STATE|3|2|1|1|pollinatorCount|5.85
STATE|3|2|1|1|pestCount|0.06
STATE|3|2|1|1|predatorK|0.29
STATE|3|2|1|1|pollinatorK|1.84
STATE|3|2|1|1|pestK|0.26
STATE|3|2|1|1|yield|6.59
STATE|3|2|1|1|canolaPoints|0.2
STATE|3|2|1|1|paymentPoints|6.9
STATE|3|2|1|1|ownedBy|3
STATE|3|2|1|1|village|1
STATE|3|2|1|1|shared?|false
STATE|3|2|1|2|length 0|1.38
STATE|3|2|1|2|hasGrass|true
STATE|3|2|1|2|hasCanola|true
STATE|3|2|1|2|hasFlower|true
STATE|3|2|1|2|soilQuality|5.05
STATE|3|2|1|2|grassCount|8.13
STATE|3|2|1|2|canolaCount|6.77
STATE|3|2|1|2|flowerCount|0.91
STATE|3|2|1|2|predatorCount|9.23
STATE|3|2|1|2|pollinatorCount|4.89
STATE|3|2|1|2|pestCount|1.14
STATE|3|2|1|2|predatorK|9.96
STATE|3|2|1|2|pollinatorK|8.17
STATE|3|2|1|2|pestK|8.41
STATE|3|2|1|2|yield|4.06
STATE|3|2|1|2|canolaPoints|9.09
STATE|3|2|1|2|paymentPoints|0.55
STATE|3|2|1|2|ownedBy|0
STATE|3|2|1|2|village|2
STATE|3|2|1|2|shared?|true
STATE|3|2|1|3|length 0|9.76
STATE|3|2|1|3|hasGrass|true
STATE|3|2|1|3|hasCanola|false
STATE|3|2|1|3|hasFlower|true
STATE|3|2|1|3|soilQuality|6.26
STATE|3|2|1|3|grassCount|4.83
STATE|3|2|1|3|canolaCount|7.96
STATE|3|2|1|3|flowerCount|5.62
STATE|3|2|1|3|predatorCount|1.24
STATE|3|2|1|3|pollinatorCount|5.93
STATE|3|2|1|3|pestCount|1.11
STATE|3|2|1|3|predatorK|0.61
STATE|3|2|1|3|pollinatorK|9.22
STATE|3|2|1|3|pestK|0.91
STATE|3|2|1|3|yield|1.02
STATE|3|2|1|3|canolaPoints|4.41
STATE|3|2|1|3|paymentPoints|5.69
STATE|3|2|1|3|ownedBy|0
STATE|3|2|1|3|village|0
STATE|3|2|1|3|shared?|false
STATE|3|2|2|0|length 0|3.05
STATE|3|2|2|0|hasGrass|true
STATE|3|2|2|0|hasCanola|true
STATE|3|2|2|0|hasFlower|true
STATE|3|2|2|0|soilQuality|3.92
STATE|3|2|2|0|grassCount|2.25
STATE|3|2|2|0|canolaCount|5.43
STATE|3|2|2|0|flowerCount|3.25
STATE|3|2|2|0|predatorCount|0.86
STATE|3|2|2|0|pollinatorCount|2.03
STATE|3|2|2|0|pestCount|4.46
STATE|3|2|2|0|predatorK|5.85
STATE|3|2|2|0|pollinatorK|0.73
STATE|3|2|2|0|pestK|9.42
STATE|3|2|2|0|yield|9.04
STATE|3|2|2|0|canolaPoints|8.77
STATE|3|2|2|0|paymentPoints|3.56
STATE|3|2|2|0|ownedBy|3
STATE|3|2|2|0|village|3
STATE|3|2|2|0|shared?|false
STATE|3|2|2|1|length 0|4.37
STATE|3|2|2|1|hasGrass|true
STATE|3|2|2|1|hasCanola|true
STATE|3|2|2|1|hasFlower|true
STATE|3|2|2|1|soilQuality|4.9
STATE|3|2|2|1|grassCount|4.66
STATE|3|2|2|1|canolaCount|5.02
STATE|3|2|2|1|flowerCount|4.19
STATE|3|2|2|1|predatorCount|2.89
STATE|3|2|2|1|pollinatorCount|5.42
STATE|3|2|2|1|pestCount|9.74
STATE|3|2|2|1|predatorK|8.53
STATE|3|2|2|1|pollinatorK|5.5
STATE|3|2|2|1|pestK|0.29
STATE|3|2|2|1|yield|6.42
STATE|3|2|2|1|canolaPoints|9.66
STATE|3|2|2|1|paymentPoints|6.2
STATE|3|2|2|1|ownedBy|2
STATE|3|2|2|1|village|0
STATE|3|2|2|1|shared?|false
STATE|3|2|2|2|length 0|5.57
STATE|3|2|2|2|hasGrass|false
STATE|3|2|2|2|hasCanola|false
STATE|3|2|2|2|hasFlower|true
STATE|3|2|2|2|soilQuality|8.55
STATE|3|2|2|2|grassCount|6.84
STATE|3|2|2|2|canolaCount|8.49
STATE|3|2|2|2|flowerCount|3.32
STATE|3|2|2|2|predatorCount|2.98
STATE|3|2|2|2|pollinatorCount|3.3
STATE|3|2|2|2|pestCount|6.95
STATE|3|2|2|2|predatorK|7.33
STATE|3|2|2|2|pollinatorK|3.47
STATE|3|2|2|2|pestK|4.19
STATE|3|2|2|2|yield|8.31
STATE|3|2|2|2|canolaPoints|9.97
STATE|3|2|2|2|paymentPoints|7.81
STATE|3|2|2|2|ownedBy|3
STATE|3|2|2|2|village|3
STATE|3|2|2|2|shared?|true
STATE|3|2|2|3|length 0|5.92
STATE|3|2|2|3|hasGrass|false
STATE|3|2|2|3|hasCanola|true
STATE|3|2|2|3|hasFlower|false
STATE|3|2|2|3|soilQuality|5.49
STATE|3|2|2|3|grassCount|4.14
STATE|3|2|2|3|canolaCount|7.72
STATE|3|2|2|3|flowerCount|2.47
STATE|3|2|2|3|predatorCount|8.98
STATE|3|2|2|3|pollinatorCount|6.05
STATE|3|2|2|3|pestCount|2.64
STATE|3|2|2|3|predatorK|9.49
STATE|3|2|2|3|pollinatorK|2.61
STATE|3|2|2|3|pestK|9.04
STATE|3|2|2|3|yield|8.89
STATE|3|2|2|3|canolaPoints|1.39
STATE|3|2|2|3|paymentPoints|2.61
STATE|3|2|2|3|ownedBy|0
STATE|3|2|2|3|village|3
STATE|3|2|2|3|shared?|false
STATE|3|2|3|0|length 0|2.86
STATE|3|2|3|0|hasGrass|false
STATE|3|2|3|0|hasCanola|false
STATE|3|2|3|0|hasFlower|true
STATE|3|2|3|0|soilQuality|1.28
STATE|3|2|3|0|grassCount|3.1
STATE|3|2|3|0|canolaCount|2.05
STATE|3|2|3|0|flowerCount|3.54
STATE|3|2|3|0|predatorCount|1.5
STATE|3|2|3|0|pollinatorCount|9.08
STATE|3|2|3|0|pestCount|0.57
STATE|3|2|3|0|predatorK|1.76
STATE|3|2|3|0|pollinatorK|8.31
STATE|3|2|3|0|pestK|0.45
STATE|3|2|3|0|yield|9.88
STATE|3|2|3|0|canolaPoints|9.73
STATE|3|2|3|0|paymentPoints|1.43
STATE|3|2|3|0|ownedBy|2
STATE|3|2|3|0|village|3
STATE|3|2|3|0|shared?|true
STATE|3|2|3|1|length 0|0.96
STATE|3|2|3|1|hasGrass|false
STATE|3|2|3|1|hasCanola|false
STATE|3|2|3|1|hasFlower|false
STATE|3|2|3|1|soilQuality|8.59
STATE|3|2|3|1|grassCount|1.82
STATE|3|2|3|1|canolaCount|2.25
STATE|3|2|3|1|flowerCount|4.66
STATE|3|2|3|1|predatorCount|7.22
STATE|3|2|3|1|pollinatorCount|2.23
STATE|3|2|3|1|pestCount|4.72
STATE|3|2|3|1|predatorK|5.57
STATE|3|2|3|1|pollinatorK|8.76
STATE|3|2|3|1|pestK|1.52
STATE|3|2|3|1|yield|2.8
STATE|3|2|3|1|canolaPoints|4.03
STATE|3|2|3|1|paymentPoints|1.12
STATE|3|2|3|1|ownedBy|0
STATE|3|2|3|1|village|3
STATE|3|2|3|1|shared?|false
STATE|3|2|3|2|length 0|4.62
STATE|3|2|3|2|hasGrass|true
STATE|3|2|3|2|hasCanola|true
STATE|3|2|3|2|hasFlower|true
STATE|3|2|3|2|soilQuality|9.52
STATE|3|2|3|2|grassCount|7.6
STATE|3|2|3|2|canolaCount|2.64
STATE|3|2|3|2|flowerCount|9.11
STATE|3|2|3|2|predatorCount|3.06
STATE|3|2|3|2|pollinatorCount|3.19
STATE|3|2|3|2|pestCount|5.97
STATE|3|2|3|2|predatorK|0.34
STATE|3|2|3|2|pollinatorK|6.43
STATE|3|2|3|2|pestK|3.76
STATE|3|2|3|2|yield|8.96
STATE|3|2|3|2|canolaPoints|0.29
STATE|3|2|3|2|paymentPoints|8.21
STATE|3|2|3|2|ownedBy|1
STATE|3|2|3|2|village|2
STATE|3|2|3|2|shared?|false
STATE|3|2|3|3|length 0|0.87
STATE|3|2|3|3|hasGrass|true
STATE|3|2|3|3|hasCanola|false
STATE|3|2|3|3|hasFlower|false
STATE|3|2|3|3|soilQuality|5.36
STATE|3|2|3|3|grassCount|0.02
STATE|3|2|3|3|canolaCount|3.72
STATE|3|2|3|3|flowerCount|1.87
STATE|3|2|3|3|predatorCount|9.67
STATE|3|2|3|3|pollinatorCount|9.18
STATE|3|2|3|3|pestCount|2.52
STATE|3|2|3|3|predatorK|8.99
STATE|3|2|3|3|pollinatorK|6.88
STATE|3|2|3|3|pestK|2.04
STATE|3|2|3|3|yield|4.69
STATE|3|2|3|3|canolaPoints|8.71
STATE|3|2|3|3|paymentPoints|0.81
STATE|3|2|3|3|ownedBy|2
STATE|3|2|3|3|village|0
STATE|3|2|3|3|shared?|false
CHOICE|3|2|1|2|2|4|12:40:41.000 PM 28-Sep-2026
CHOICE|3|2|1|2|2|3|12:40:49.000 PM 28-Sep-2026
CONFIRM|3|2|1|12:40:52.000 PM 28-Sep-2026
CHOICE|3|2|2|3|0|4|12:40:57.000 PM 28-Sep-2026
CHOICE|3|2|2|0|1|1|12:41:08.000 PM 28-Sep-2026
CHOICE|3|2|2|3|3|3|12:41:11.000 PM 28-Sep-2026
CONFIRM|3|2|2|12:41:14.000 PM 28-Sep-2026
CHOICE|3|2|3|0|3|4|12:41:16.000 PM 28-Sep-2026
CHOICE|3|2|3|1|0|3|12:41:20.000 PM 28-Sep-2026
CHOICE|3|2|3|0|3|4|12:41:23.000 PM 28-Sep-2026
CONFIRM|3|2|3|12:41:26.000 PM 28-Sep-2026
CHOICE|3|2|4|3|0|3|12:41:28.000 PM 28-Sep-2026
CONFIRM|3|2|4|12:41:42.000 PM 28-Sep-2026
CHOICE|3|2|5|2|2|-99|12:41:46.000 PM 28-Sep-2026
CONFIRM|3|2|5|12:41:55.000 PM 28-Sep-2026
CHOICE|3|2|6|3|1|3|12:42:00.000 PM 28-Sep-2026
CHOICE|3|2|6|2|2|3|12:42:07.000 PM 28-Sep-2026
CHOICE|3|2|6|2|3|1|12:42:10.000 PM 28-Sep-2026
CONFIRM|3|2|6|12:42:21.000 PM 28-Sep-2026
CHOICE|3|2|7|1|1|2|12:42:24.000 PM 28-Sep-2026
CHOICE|3|2|7|3|1|3|12:42:38.000 PM 28-Sep-2026
CONFIRM|3|2|7|12:42:49.000 PM 28-Sep-2026
CHOICE|3|2|8|0|3|1|12:43:00.000 PM 28-Sep-2026
CHOICE|3|2|8|3|2|-99|12:43:11.000 PM 28-Sep-2026
CONFIRM|3|2|8|12:43:20.000 PM 28-Sep-2026
CHOICE|3|2|9|3|3|4|12:43:21.000 PM 28-Sep-2026
CONFIRM|3|2|9|12:43:31.000 PM 28-Sep-2026
CHOICE|3|2|10|2|1|3|12:43:43.000 PM 28-Sep-2026
CONFIRM|3|2|10|12:43:51.000 PM 28-Sep-2026
CHOICE|3|2|11|2|0|3|12:44:02.000 PM 28-Sep-2026
CONFIRM|3|2|11|12:44:08.000 PM 28-Sep-2026
CHOICE|3|2|12|1|3|4|12:44:14.000 PM 28-Sep-2026
CHOICE|3|2|12|1|3|3|12:44:15.000 PM 28-Sep-2026
CONFIRM|3|2|12|12:44:27.000 PM 28-Sep-2026
CHOICE|3|2|13|0|2|-99|12:44:41.000 PM 28-Sep-2026
CONFIRM|3|2|13|12:44:49.000 PM 28-Sep-2026
CHOICE|3|2|14|2|0|1|12:44:51.000 PM 28-Sep-2026
CHOICE|3|2|14|3|1|-99|12:44:58.000 PM 28-Sep-2026
CONFIRM|3|2|14|12:45:11.000 PM 28-Sep-2026
CHOICE|3|2|15|3|1|3|12:45:18.000 PM 28-Sep-2026
CHOICE|3|2|15|1|0|2|12:45:20.000 PM 28-Sep-2026
CHOICE|3|2|15|1|0|4|12:45:31.000 PM 28-Sep-2026
CONFIRM|3|2|15|12:45:35.000 PM 28-Sep-2026
CHOICE|3|2|16|1|2|4|12:45:47.000 PM 28-Sep-2026
CONFIRM|3|2|16|12:45:56.000 PM 28-Sep-2026
CHOICE|3|2|17|3|1|1|12:46:04.000 PM 28-Sep-2026
CONFIRM|3|2|17|12:46:19.000 PM 28-Sep-2026
CHOICE|3|2|18|0|3|4|12:46:31.000 PM 28-Sep-2026
CHOICE|3|2|18|0|3|-99|12:46:38.000 PM 28-Sep-2026
CONFIRM|3|2|18|12:46:48.000 PM 28-Sep-2026
CHOICE|3|2|19|2|1|1|12:47:00.000 PM 28-Sep-2026
CHOICE|3|2|19|3|2|3|12:47:15.000 PM 28-Sep-2026
CHOICE|3|2|19|0|2|4|12:47:25.000 PM 28-Sep-2026
CONFIRM|3|2|19|12:47:30.000 PM 28-Sep-2026
CHOICE|3|2|20|3|1|4|12:47:39.000 PM 28-Sep-2026
CONFIRM|3|2|20|12:47:52.000 PM 28-Sep-2026
SCORE|3|2|1|14|51|3
SCORE|3|2|2|10|16|15
SCORE|3|2|3|1|34|8
SCORE|3|2|4|11|28|9
SCORE|3|2|5|10|53|19
SCORE|3|2|6|16|29|7
SCORE|3|2|7|16|61|7
SCORE|3|2|8|18|52|13
SCORE|3|2|9|6|55|8
SCORE|3|2|10|2|4|6
SCORE|3|2|11|6|29|5
SCORE|3|2|12|4|18|11
SCORE|3|2|13|20|26|1
SCORE|3|2|14|2|7|7
SCORE|3|2|15|16|26|13
SCORE|3|2|16|3|48|5
SCORE|3|2|17|2|49|7
SCORE|3|2|18|3|25|18
SCORE|3|2|19|20|65|9
SCORE|3|2|20|1|35|17
PHASE|phase-4-1|12:47:53.000 PM 28-Sep-2026
STATE|4|1|0|0|length 0|6.07
STATE|4|1|0|0|hasGrass|false
STATE|4|1|0|0|hasCanola|false
STATE|4|1|0|0|hasFlower|true
STATE|4|1|0|0|soilQuality|1.65
STATE|4|1|0|0|grassCount|1.76
STATE|4|1|0|0|canolaCount|9.76
STATE|4|1|0|0|flowerCount|1.51
STATE|4|1|0|0|predatorCount|1.71
STATE|4|1|0|0|pollinatorCount|5.58
STATE|4|1|0|0|pestCount|2.48
STATE|4|1|0|0|predatorK|1.12
STATE|4|1|0|0|pollinatorK|5.28
STATE|4|1|0|0|pestK|6.71
STATE|4|1|0|0|yield|9.83
STATE|4|1|0|0|canolaPoints|9.96
STATE|4|1|0|0|paymentPoints|3.91
STATE|4|1|0|0|ownedBy|3
STATE|4|1|0|0|village|2
STATE|4|1|0|0|shared?|false
STATE|4|1|0|1|length 0|4.9
STATE|4|1|0|1|hasGrass|true
STATE|4|1|0|1|hasCanola|false
STATE|4|1|0|1|hasFlower|true
STATE|4|1|0|1|soilQuality|5.63
STATE|4|1|0|1|grassCount|0.9
STATE|4|1|0|1|canolaCount|2.3
STATE|4|1|0|1|flowerCount|9.3
STATE|4|1|0|1|predatorCount|4.34
STATE|4|1|0|1|pollinatorCount|5.64
STATE|4|1|0|1|pestCount|4.08
STATE|4|1|0|1|predatorK|1.38
STATE|4|1|0|1|pollinatorK|2.48
STATE|4|1|0|1|pestK|5.5
STATE|4|1|0|1|yield|5.99
STATE|4|1|0|1|canolaPoints|4.33
STATE|4|1|0|1|paymentPoints|2.16
STATE|4|1|0|1|ownedBy|1
STATE|4|1|0|1|village|2
STATE|4|1|0|1|shared?|true
STATE|4|1|0|2|length 0|1.8
STATE|4|1|0|2|hasGrass|false
STATE|4|1|0|2|hasCanola|true
STATE|4|1|0|2|hasFlower|true
STATE|4|1|0|2|soilQuality|2.01
STATE|4|1|0|2|grassCount|2.83
STATE|4|1|0|2|canolaCount|3.0
STATE|4|1|0|2|flowerCount|2.9
STATE|4|1|0|2|predatorCount|0.21
STATE|4|1|0|2|pollinatorCount|7.89
STATE|4|1|0|2|pestCount|0.46
STATE|4|1|0|2|predatorK|7.33
STATE|4|1|0|2|pollinatorK|6.5
STATE|4|1|0|2|pestK|6.94
STATE|4|1|0|2|yield|2.3
STATE|4|1|0|2|canolaPoints|8.05
STATE|4|1|0|2|paymentPoints|4.39
STATE|4|1|0|2|ownedBy|1
STATE|4|1|0|2|village|3
STATE|4|1|0|2|shared?|true
STATE|4|1|0|3|length 0|6.22
STATE|4|1|0|3|hasGrass|false
STATE|4|1|0|3|hasCanola|true
STATE|4|1|0|3|hasFlower|false
STATE|4|1|0|3|soilQuality|2.82
STATE|4|1|0|3|grassCount|1.69
STATE|4|1|0|3|canolaCount|5.32
STATE|4|1|0|3|flowerCount|7.41
STATE|4|1|0|3|predatorCount|2.0
STATE|4|1|0|3|pollinatorCount|3.05
STATE|4|1|0|3|pestCount|8.37
STATE|4|1|0|3|predatorK|5.78
STATE|4|1|0|3|pollinatorK|3.62
STATE|4|1|0|3|pestK|8.79
STATE|4|1|0|3|yield|5.35
STATE|4|1|0|3|canolaPoints|0.92
STATE|4|1|0|3|paymentPoints|9.4
STATE|4|1|0|3|ownedBy|3
STATE|4|1|0|3|village|1
STATE|4|1|0|3|shared?|false
STATE|4|1|1|0|length 0|1.22
STATE|4|1|1|0|hasGrass|false
STATE|4|1|1|0|hasCanola|true
STATE|4|1|1|0|hasFlower|false
STATE|4|1|1|0|soilQuality|8.12
STATE|4|1|1|0|grassCount|5.15
STATE|4|1|1|0|canolaCount|2.95
STATE|4|1|1|0|flowerCount|1.02
STATE|4|1|1|0|predatorCount|8.21
STATE|4|1|1|0|pollinatorCount|6.3
STATE|4|1|1|0|pestCount|4.13
STATE|4|1|1|0|predatorK|1.01
STATE|4|1|1|0|pollinatorK|9.67
STATE|4|1|1|0|pestK|9.27
STATE|4|1|1|0|yield|8.76
STATE|4|1|1|0|canolaPoints|3.23
STATE|4|1|1|0|paymentPoints|7.45
STATE|4|1|1|0|ownedBy|0
STATE|4|1|1|0|village|1
STATE|4|1|1|0|shared?|false
STATE|4|1|1|1|length 0|5.25
STATE|4|1|1|1|hasGrass|true
STATE|4|1|1|1|hasCanola|false
STATE|4|1|1|1|hasFlower|false
STATE|4|1|1|1|soilQuality|8.46
STATE|4|1|1|1|grassCount|7.87
STATE|4|1|1|1|canolaCount|2.94
STATE|4|1|1|1|flowerCount|5.01
STATE|4|1|1|1|predatorCount|7.04
STATE|4|1|1|1|pollinatorCount|2.01
STATE|4|1|1|1|pestCount|5.48
STATE|4|1|1|1|predatorK|3.63
STATE|4|1|1|1|pollinatorK|8.82
STATE|4|1|1|1|pestK|2.75
STATE|4|1|1|1|yield|8.92
STATE|4|1|1|1|canolaPoints|7.18
STATE|4|1|1|1|paymentPoints|0.52
STATE|4|1|1|1|ownedBy|0
STATE|4|1|1|1|village|2
STATE|4|1|1|1|shared?|false
STATE|4|1|1|2|length 0|0.94
STATE|4|1|1|2|hasGrass|true
STATE|4|1|1|2|hasCanola|false
STATE|4|1|1|2|hasFlower|false
STATE|4|1|1|2|soilQuality|2.94
STATE|4|1|1|2|grassCount|7.7
STATE|4|1|1|2|canolaCount|9.16
STATE|4|1|1|2|flowerCount|7.82
STATE|4|1|1|2|predatorCount|3.16
STATE|4|1|1|2|pollinatorCount|0.01
STATE|4|1|1|2|pestCount|8.97
STATE|4|1|1|2|predatorK|0.84
STATE|4|1|1|2|pollinatorK|7.37
STATE|4|1|1|2|pestK|5.52
STATE|4|1|1|2|yield|1.78
STATE|4|1|1|2|canolaPoints|4.77
STATE|4|1|1|2|paymentPoints|1.01
STATE|4|1|1|2|ownedBy|0
STATE|4|1|1|2|village|1
STATE|4|1|1|2|shared?|true
STATE|4|1|1|3|length 0|8.25
STATE|4|1|1|3|hasGrass|true
STATE|4|1|1|3|hasCanola|true
STATE|4|1|1|3|hasFlower|true
STATE|4|1|1|3|soilQuality|2.33
STATE|4|1|1|3|grassCount|0.3
STATE|4|1|1|3|canolaCount|7.05
STATE|4|1|1|3|flowerCount|9.31
STATE|4|1|1|3|predatorCount|2.97
STATE|4|1|1|3|pollinatorCount|5.35
STATE|4|1|1|3|pestCount|0.37
STATE|4|1|1|3|predatorK|3.65
STATE|4|1|1|3|pollinatorK|7.61
STATE|4|1|1|3|pestK|2.56
STATE|4|1|1|3|yield|0.62
STATE|4|1|1|3|canolaPoints|1.05
STATE|4|1|1|3|paymentPoints|9.35
STATE|4|1|1|3|ownedBy|1
STATE|4|1|1|3|village|3
STATE|4|1|1|3|shared?|true
STATE|4|1|2|0|length 0|2.5
STATE|4|1|2|0|hasGrass|true
STATE|4|1|2|0|hasCanola|false
STATE|4|1|2|0|hasFlower|true
STATE|4|1|2|0|soilQuality|1.31
STATE|4|1|2|0|grassCount|6.78
STATE|4|1|2|0|canolaCount|3.95
STATE|4|1|2|0|flowerCount|7.51
STATE|4|1|2|0|predatorCount|5.98
STATE|4|1|2|0|pollinatorCount|4.54
STATE|4|1|2|0|pestCount|6.65
STATE|4|1|2|0|predatorK|7.67
STATE|4|1|2|0|pollinatorK|0.75
STATE|4|1|2|0|pestK|8.04
STATE|4|1|2|0|yield|8.36
STATE|4|1|2|0|canolaPoints|6.89
STATE|4|1|2|0|paymentPoints|3.48
STATE|4|1|2|0|ownedBy|3
STATE|4|1|2|0|village|2
STATE|4|1|2|0|shared?|true
STATE|4|1|2|1|length 0|1.9
STATE|4|1|2|1|hasGrass|true
STATE|4|1|2|1|hasCanola|true
STATE|4|1|2|1|hasFlower|true
STATE|4|1|2|1|soilQuality|0.62
STATE|4|1|2|1|grassCount|3.76
STATE|4|1|2|1|canolaCount|4.41
STATE|4|1|2|1|flowerCount|4.84
STATE|4|1|2|1|predatorCount|1.41
STATE|4|1|2|1|pollinatorCount|5.66
STATE|4|1|2|1|pestCount|9.17
STATE|4|1|2|1|predatorK|2.62
STATE|4|1|2|1|pollinatorK|5.42
STATE|4|1|2|1|pestK|9.4
STATE|4|1|2|1|yield|2.18
STATE|4|1|2|1|canolaPoints|4.54
STATE|4|1|2|1|paymentPoints|0.1
STATE|4|1|2|1|ownedBy|2
STATE|4|1|2|1|village|0
STATE|4|1|2|1|shared?|false
STATE|4|1|2|2|length 0|8.84
STATE|4|1|2|2|hasGrass|true
STATE|4|1|2|2|hasCanola|false
STATE|4|1|2|2|hasFlower|false
STATE|4|1|2|2|soilQuality|7.42
STATE|4|1|2|2|grassCount|2.31
STATE|4|1|2|2|canolaCount|5.62
STATE|4|1|2|2|flowerCount|3.74
STATE|4|1|2|2|predatorCount|0.68
STATE|4|1|2|2|pollinatorCount|9.14
STATE|4|1|2|2|pestCount|8.95
STATE|4|1|2|2|predatorK|4.92
STATE|4|1|2|2|pollinatorK|9.93
STATE|4|1|2|2|pestK|0.98
STATE|4|1|2|2|yield|5.21
STATE|4|1|2|2|canolaPoints|1.57
STATE|4|1|2|2|paymentPoints|8.78
STATE|4|1|2|2|ownedBy|0
STATE|4|1|2|2|village|1
STATE|4|1|2|2|shared?|false
STATE|4|1|2|3|length 0|7.14
STATE|4|1|2|3|hasGrass|false
STATE|4|1|2|3|hasCanola|false
STATE|4|1|2|3|hasFlower|false
STATE|4|1|2|3|soilQuality|3.95
STATE|4|1|2|3|grassCount|9.38
STATE|4|1|2|3|canolaCount|7.59
STATE|4|1|2|3|flowerCount|1.28
STATE|4|1|2|3|predatorCount|2.5
STATE|4|1|2|3|pollinatorCount|3.21
STATE|4|1|2|3|pestCount|8.69
STATE|4|1|2|3|predatorK|1.53
STATE|4|1|2|3|pollinatorK|7.72
STATE|4|1|2|3|pestK|1.66
STATE|4|1|2|3|yield|9.61
STATE|4|1|2|3|canolaPoints|9.95
STATE|4|1|2|3|paymentPoints|8.88
STATE|4|1|2|3|ownedBy|2
STATE|4|1|2|3|village|0
STATE|4|1|2|3|shared?|false
STATE|4|1|3|0|length 0|5.44
STATE|4|1|3|0|hasGrass|true
STATE|4|1|3|0|hasCanola|true
STATE|4|1|3|0|hasFlower|true
STATE|4|1|3|0|soilQuality|4.96
STATE|4|1|3|0|grassCount|4.58
STATE|4|1|3|0|canolaCount|1.43
STATE|4|1|3|0|flowerCount|1.15
STATE|4|1|3|0|predatorCount|8.61
STATE|4|1|3|0|pollinatorCount|8.98
STATE|4|1|3|0|pestCount|8.12
STATE|4|1|3|0|predatorK|5.44
STATE|4|1|3|0|pollinatorK|2.98
STATE|4|1|3|0|pestK|2.94
STATE|4|1|3|0|yield|0.65
STATE|4|1|3|0|canolaPoints|6.1
STATE|4|1|3|0|paymentPoints|5.88
STATE|4|1|3|0|ownedBy|1
STATE|4|1|3|0|village|1
STATE|4|1|3|0|shared?|false
STATE|4|1|3|1|length 0|6.9
STATE|4|1|3|1|hasGrass|true
STATE|4|1|3|1|hasCanola|true
STATE|4|1|3|1|hasFlower|false
STATE|4|1|3|1|soilQuality|5.72
STATE|4|1|3|1|grassCount|5.49
STATE|4|1|3|1|canolaCount|6.16
STATE|4|1|3|1|flowerCount|6.73
STATE|4|1|3|1|predatorCount|8.66
STATE|4|1|3|1|pollinatorCount|9.2
STATE|4|1|3|1|pestCount|1.59
STATE|4|1|3|1|predatorK|3.97
STATE|4|1|3|1|pollinatorK|6.87
STATE|4|1|3|1|pestK|2.13
STATE|4|1|3|1|yield|2.16
STATE|4|1|3|1|canolaPoints|9.82
STATE|4|1|3|1|paymentPoints|3.35
STATE|4|1|3|1|ownedBy|0
STATE|4|1|3|1|village|3
STATE|4|1|3|1|shared?|true
STATE|4|1|3|2|length 0|3.98
STATE|4|1|3|2|hasGrass|true
STATE|4|1|3|2|hasCanola|false
STATE|4|1|3|2|hasFlower|false
STATE|4|1|3|2|soilQuality|6.3
STATE|4|1|3|2|grassCount|6.24
STATE|4|1|3|2|canolaCount|4.08
STATE|4|1|3|2|flowerCount|0.42
STATE|4|1|3|2|predatorCount|4.76
STATE|4|1|3|2|pollinatorCount|4.7
STATE|4|1|3|2|pestCount|8.07
STATE|4|1|3|2|predatorK|7.16
STATE|4|1|3|2|pollinatorK|2.83
STATE|4|1|3|2|pestK|1.04
STATE|4|1|3|2|yield|9.59
STATE|4|1|3|2|canolaPoints|9.66
STATE|4|1|3|2|paymentPoints|0.3
STATE|4|1|3|2|ownedBy|0
STATE|4|1|3|2|village|2
STATE|4|1|3|2|shared?|true
STATE|4|1|3|3|length 0|1.46
STATE|4|1|3|3|hasGrass|true
STATE|4|1|3|3|hasCanola|true
STATE|4|1|3|3|hasFlower|true
STATE|4|1|3|3|soilQuality|0.43
STATE|4|1|3|3|grassCount|5.52
STATE|4|1|3|3|canolaCount|7.52
STATE|4|1|3|3|flowerCount|9.92
STATE|4|1|3|3|predatorCount|6.51
STATE|4|1|3|3|pollinatorCount|5.95
STATE|4|1|3|3|pestCount|4.89
STATE|4|1|3|3|predatorK|9.18
STATE|4|1|3|3|pollinatorK|8.14
STATE|4|1|3|3|pestK|7.3
STATE|4|1|3|3|yield|5.69
STATE|4|1|3|3|canolaPoints|4.6
STATE|4|1|3|3|paymentPoints|2.69
STATE|4|1|3|3|ownedBy|1
STATE|4|1|3|3|village|2
STATE|4|1|3|3|shared?|false
CHOICE|4|1|1|3|2|1|12:48:08.000 PM 28-Sep-2026
CHOICE|4|1|1|3|2|3|12:48:10.000 PM 28-Sep-2026
CHOICE|4|1|1|3|2|-99|12:48:24.000 PM 28-Sep-2026
CONFIRM|4|1|1|12:48:26.000 PM 28-Sep-2026
CHOICE|4|1|2|0|2|4|12:48:38.000 PM 28-Sep-2026
CHOICE|4|1|2|3|3|3|12:48:52.000 PM 28-Sep-2026
CHOICE|4|1|2|3|3|3|12:49:05.000 PM 28-Sep-2026
CONFIRM|4|1|2|12:49:07.000 PM 28-Sep-2026
CHOICE|4|1|3|1|3|2|12:49:13.000 PM 28-Sep-2026
CONFIRM|4|1|3|12:49:21.000 PM 28-Sep-2026
CHOICE|4|1|4|2|1|3|12:49:36.000 PM 28-Sep-2026
CHOICE|4|1|4|3|3|4|12:49:40.000 PM 28-Sep-2026
CHOICE|4|1|4|0|3|3|12:49:50.000 PM 28-Sep-2026
CONFIRM|4|1|4|12:50:03.000 PM 28-Sep-2026
CHOICE|4|1|5|3|3|3|12:50:09.000 PM 28-Sep-2026
CHOICE|4|1|5|3|0|4|12:50:15.000 PM 28-Sep-2026
CHOICE|4|1|5|1|2|3|12:50:27.000 PM 28-Sep-2026
CONFIRM|4|1|5|12:50:42.000 PM 28-Sep-2026
CHOICE|4|1|6|1|1|3|12:50:57.000 PM 28-Sep-2026
CONFIRM|4|1|6|12:51:03.000 PM 28-Sep-2026
CHOICE|4|1|7|3|3|4|12:51:11.000 PM 28-Sep-2026
CHOICE|4|1|7|3|1|2|12:51:15.000 PM 28-Sep-2026
CONFIRM|4|1|7|12:51:22.000 PM 28-Sep-2026
CHOICE|4|1|8|3|3|2|12:51:33.000 PM 28-Sep-2026
CHOICE|4|1|8|0|0|4|12:51:46.000 PM 28-Sep-2026
CHOICE|4|1|8|0|0|-99|12:51:52.000 PM 28-Sep-2026
CONFIRM|4|1|8|12:52:06.000 PM 28-Sep-2026
CHOICE|4|1|9|3|2|3|12:52:08.000 PM 28-Sep-2026
CHOICE|4|1|9|3|2|4|12:52:14.000 PM 28-Sep-2026
CONFIRM|4|1|9|12:52:15.000 PM 28-Sep-2026
CHOICE|4|1|10|0|0|4|12:52:19.000 PM 28-Sep-2026
CONFIRM|4|1|10|12:52:32.000 PM 28-Sep-2026
CHOICE|4|1|11|2|2|3|12:52:46.000 PM 28-Sep-2026
CHOICE|4|1|11|2|1|3|12:52:53.000 PM 28-Sep-2026
CHOICE|4|1|11|2|2|2|12:53:08.000 PM 28-Sep-2026
CONFIRM|4|1|11|12:53:18.000 PM 28-Sep-2026
CHOICE|4|1|12|1|3|3|12:53:32.000 PM 28-Sep-2026
CONFIRM|4|1|12|12:53:41.000 PM 28-Sep-2026
CHOICE|4|1|13|3|3|2|12:53:50.000 PM 28-Sep-2026
CONFIRM|4|1|13|12:53:52.000 PM 28-Sep-2026
CHOICE|4|1|14|3|1|4|12:53:57.000 PM 28-Sep-2026
CHOICE|4|1|14|3|1|4|12:54:02.000 PM 28-Sep-2026
CONFIRM|4|1|14|12:54:09.000 PM 28-Sep-2026
CHOICE|4|1|15|0|0|4|12:54:19.000 PM 28-Sep-2026
CONFIRM|4|1|15|12:54:26.000 PM 28-Sep-2026
CHOICE|4|1|16|2|1|1|12:54:31.000 PM 28-Sep-2026
CHOICE|4|1|16|3|1|1|12:54:39.000 PM 28-Sep-2026
CHOICE|4|1|16|1|3|2|12:54:52.000 PM 28-Sep-2026
CONFIRM|4|1|16|12:55:07.000 PM 28-Sep-2026
CHOICE|4|1|17|2|1|-99|12:55:14.000 PM 28-Sep-2026
CHOICE|4|1|17|0|0|1|12:55:17.000 PM 28-Sep-2026
CONFIRM|4|1|17|12:55:19.000 PM 28-Sep-2026
CHOICE|4|1|18|3|0|4|12:55:22.000 PM 28-Sep-2026
CONFIRM|4|1|18|12:55:26.000 PM 28-Sep-2026
CHOICE|4|1|19|0|3|1|12:55:31.000 PM 28-Sep-2026
CHOICE|4|1|19|1|3|1|12:55:36.000 PM 28-Sep-2026
CHOICE|4|1|19|0|3|4|12:55:45.000 PM 28-Sep-2026
CONFIRM|4|1|19|12:55:58.000 PM 28-Sep-2026
CHOICE|4|1|20|0|3|4|12:56:09.000 PM 28-Sep-2026
CHOICE|4|1|20|0|0|3|12:56:24.000 PM 28-Sep-2026
CHOICE|4|1|20|0|1|1|12:56:31.000 PM 28-Sep-2026
CONFIRM|4|1|20|12:56:32.000 PM 28-Sep-2026
SCORE|4|1|1|9|25|11
SCORE|4|1|2|10|20|9
SCORE|4|1|3|13|43|5
SCORE|4|1|4|0|24|20
SCORE|4|1|5|3|33|15
SCORE|4|1|6|15|56|7
SCORE|4|1|7|11|16|13
SCORE|4|1|8|6|27|8
SCORE|4|1|9|6|33|17
SCORE|4|1|10|17|41|8
SCORE|4|1|11|19|41|2
SCORE|4|1|12|6|14|17
SCORE|4|1|13|11|42|10
SCORE|4|1|14|1|21|18
SCORE|4|1|15|16|35|20
SCORE|4|1|16|12|31|2
SCORE|4|1|17|9|11|18
SCORE|4|1|18|10|19|11
SCORE|4|1|19|7|47|13
SCORE|4|1|20|1|33|19
PHASE|phase-4-2|12:56:36.000 PM 28-Sep-2026
STATE|4|2|0|0|length 0|8.9
STATE|4|2|0|0|hasGrass|true
STATE|4|2|0|0|hasCanola|true
STATE|4|2|0|0|hasFlower|false
STATE|4|2|0|0|soilQuality|9.17
STATE|4|2|0|0|grassCount|2.82
STATE|4|2|0|0|canolaCount|9.91
STATE|4|2|0|0|flowerCount|1.72
STATE|4|2|0|0|predatorCount|0.05
STATE|4|2|0|0|pollinatorCount|3.85
STATE|4|2|0|0|pestCount|9.15
STATE|4|2|0|0|predatorK|8.94
STATE|4|2|0|0|pollinatorK|6.27
STATE|4|2|0|0|pestK|8.58
STATE|4|2|0|0|yield|1.31
STATE|4|2|0|0|canolaPoints|7.82
STATE|4|2|0|0|paymentPoints|9.32
STATE|4|2|0|0|ownedBy|0
STATE|4|2|0|0|village|0
STATE|4|2|0|0|shared?|true
STATE|4|2|0|1|length 0|5.25
STATE|4|2|0|1|hasGrass|true
STATE|4|2|0|1|hasCanola|false
STATE|4|2|0|1|hasFlower|false
STATE|4|2|0|1|soilQuality|8.16
STATE|4|2|0|1|grassCount|6.49
STATE|4|2|0|1|canolaCount|4.83
STATE|4|2|0|1|flowerCount|6.47
STATE|4|2|0|1|predatorCount|1.69
STATE|4|2|0|1|pollinatorCount|7.0
STATE|4|2|0|1|pestCount|1.27
STATE|4|2|0|1|predatorK|8.87
STATE|4|2|0|1|pollinatorK|0.64
STATE|4|2|0|1|pestK|0.22
STATE|4|2|0|1|yield|6.47
STATE|4|2|0|1|canolaPoints|2.19
STATE|4|2|0|1|paymentPoints|9.14
STATE|4|2|0|1|ownedBy|3
STATE|4|2|0|1|village|1
STATE|4|2|0|1|shared?|true
STATE|4|2|0|2|length 0|5.24
STATE|4|2|0|2|hasGrass|true
STATE|4|2|0|2|hasCanola|true
STATE|4|2|0|2|hasFlower|true
STATE|4|2|0|2|soilQuality|1.99
STATE|4|2|0|2|grassCount|1.54
STATE|4|2|0|2|canolaCount|0.95
STATE|4|2|0|2|flowerCount|8.06
STATE|4|2|0|2|predatorCount|6.09
STATE|4|2|0|2|pollinatorCount|2.49
STATE|4|2|0|2|pestCount|1.72
STATE|4|2|0|2|predatorK|4.33
STATE|4|2|0|2|pollinatorK|9.03
STATE|4|2|0|2|pestK|3.93
STATE|4|2|0|2|yield|5.79
STATE|4|2|0|2|canolaPoints|0.92
STATE|4|2|0|2|paymentPoints|3.57
STATE|4|2|0|2|ownedBy|0
STATE|4|2|0|2|village|0
STATE|4|2|0|2|shared?|true
STATE|4|2|0|3|length 0|8.72
STATE|4|2|0|3|hasGrass|true
STATE|4|2|0|3|hasCanola|true
STATE|4|2|0|3|hasFlower|true
STATE|4|2|0|3|soilQuality|9.34
STATE|4|2|0|3|grassCount|1.63
STATE|4|2|0|3|canolaCount|8.49
STATE|4|2|0|3|flowerCount|7.35
STATE|4|2|0|3|predatorCount|4.59
STATE|4|2|0|3|pollinatorCount|1.59
STATE|4|2|0|3|pestCount|6.35
STATE|4|2|0|3|predatorK|8.38
STATE|4|2|0|3|pollinatorK|2.01
STATE|4|2|0|3|pestK|2.58
STATE|4|2|0|3|yield|0.92
STATE|4|2|0|3|canolaPoints|3.39
STATE|4|2|0|3|paymentPoints|9.86
STATE|4|2|0|3|ownedBy|3
STATE|4|2|0|3|village|2
STATE|4|2|0|3|shared?|true
STATE|4|2|1|0|length 0|8.28
STATE|4|2|1|0|hasGrass|true
STATE|4|2|1|0|hasCanola|false
STATE|4|2|1|0|hasFlower|false
STATE|4|2|1|0|soilQuality|1.03
STATE|4|2|1|0|grassCount|1.45
STATE|4|2|1|0|canolaCount|0.46
STATE|4|2|1|0|flowerCount|1.57
STATE|4|2|1|0|predatorCount|7.53
STATE|4|2|1|0|pollinatorCount|9.67
STATE|4|2|1|0|pestCount|7.91
STATE|4|2|1|0|predatorK|5.71
STATE|4|2|1|0|pollinatorK|7.31
STATE|4|2|1|0|pestK|7.51
STATE|4|2|1|0|yield|8.3
STATE|4|2|1|0|canolaPoints|2.62
STATE|4|2|1|0|paymentPoints|4.09
STATE|4|2|1|0|ownedBy|2
STATE|4|2|1|0|village|0
STATE|4|2|1|0|shared?|true
STATE|4|2|1|1|length 0|1.59
STATE|4|2|1|1|hasGrass|true
STATE|4|2|1|1|hasCanola|true
STATE|4|2|1|1|hasFlower|true
STATE|4|2|1|1|soilQuality|6.29
STATE|4|2|1|1|grassCount|4.44
STATE|4|2|1|1|canolaCount|5.73
STATE|4|2|1|1|flowerCount|7.08
STATE|4|2|1|1|predatorCount|2.32
STATE|4|2|1|1|pollinatorCount|8.97
STATE|4|2|1|1|pestCount|9.39
STATE|4|2|1|1|predatorK|4.77
STATE|4|2|1|1|pollinatorK|4.71
STATE|4|2|1|1|pestK|2.84
STATE|4|2|1|1|yield|8.39
STATE|4|2|1|1|canolaPoints|3.2
STATE|4|2|1|1|paymentPoints|3.44
STATE|4|2|1|1|ownedBy|0
STATE|4|2|1|1|village|3
STATE|4|2|1|1|shared?|false
STATE|4|2|1|2|length 0|6.62
STATE|4|2|1|2|hasGrass|true
STATE|4|2|1|2|hasCanola|false
STATE|4|2|1|2|hasFlower|false
STATE|4|2|1|2|soilQuality|2.96
STATE|4|2|1|2|grassCount|1.51
STATE|4|2|1|2|canolaCount|9.27
STATE|4|2|1|2|flowerCount|1.19
STATE|4|2|1|2|predatorCount|6.94
STATE|4|2|1|2|pollinatorCount|0.74
STATE|4|2|1|2|pestCount|8.28
STATE|4|2|1|2|predatorK|0.28
STATE|4|2|1|2|pollinatorK|0.41
STATE|4|2|1|2|pestK|8.4
STATE|4|2|1|2|yield|4.86
STATE|4|2|1|2|canolaPoints|10.0
STATE|4|2|1|2|paymentPoints|8.82
STATE|4|2|1|2|ownedBy|3
STATE|4|2|1|2|village|1
STATE|4|2|1|2|shared?|false
STATE|4|2|1|3|length 0|2.37
STATE|4|2|1|3|hasGrass|true
STATE|4|2|1|3|hasCanola|true
STATE|4|2|1|3|hasFlower|true
STATE|4|2|1|3|soilQuality|9.47
STATE|4|2|1|3|grassCount|0.6
STATE|4|2|1|3|canolaCount|8.06
STATE|4|2|1|3|flowerCount|4.59
STATE|4|2|1|3|predatorCount|9.81
STATE|4|2|1|3|pollinatorCount|7.41
STATE|4|2|1|3|pestCount|1.65
STATE|4|2|1|3|predatorK|8.7
STATE|4|2|1|3|pollinatorK|5.07
STATE|4|2|1|3|pestK|2.55
STATE|4|2|1|3|yield|3.93
STATE|4|2|1|3|canolaPoints|7.54
STATE|4|2|1|3|paymentPoints|2.02
STATE|4|2|1|3|ownedBy|2
STATE|4|2|1|3|village|0
STATE|4|2|1|3|shared?|true
STATE|4|2|2|0|length 0|0.25
STATE|4|2|2|0|hasGrass|false
STATE|4|2|2|0|hasCanola|false
STATE|4|2|2|0|hasFlower|false
STATE|4|2|2|0|soilQuality|3.87
STATE|4|2|2|0|grassCount|8.3
STATE|4|2|2|0|canolaCount|8.0
STATE|4|2|2|0|flowerCount|0.58
STATE|4|2|2|0|predatorCount|7.64
STATE|4|2|2|0|pollinatorCount|4.57
STATE|4|2|2|0|pestCount|1.11
STATE|4|2|2|0|predatorK|9.93
STATE|4|2|2|0|pollinatorK|0.95
STATE|4|2|2|0|pestK|8.2
STATE|4|2|2|0|yield|1.36
STATE|4|2|2|0|canolaPoints|6.55
STATE|4|2|2|0|paymentPoints|9.06
STATE|4|2|2|0|ownedBy|1
STATE|4|2|2|0|village|3
STATE|4|2|2|0|shared?|true
STATE|4|2|2|1|length 0|5.43
STATE|4|2|2|1|hasGrass|true
STATE|4|2|2|1|hasCanola|true
STATE|4|2|2|1|hasFlower|true
STATE|4|2|2|1|soilQuality|4.78
STATE|4|2|2|1|grassCount|2.79
STATE|4|2|2|1|canolaCount|6.45
STATE|4|2|2|1|flowerCount|3.91
STATE|4|2|2|1|predatorCount|8.72
STATE|4|2|2|1|pollinatorCount|9.41
STATE|4|2|2|1|pestCount|1.83
STATE|4|2|2|1|predatorK|2.13
STATE|4|2|2|1|pollinatorK|4.59
STATE|4|2|2|1|pestK|9.02
STATE|4|2|2|1|yield|2.86
STATE|4|2|2|1|canolaPoints|3.8
STATE|4|2|2|1|paymentPoints|4.64
STATE|4|2|2|1|ownedBy|1
STATE|4|2|2|1|village|0
STATE|4|2|2|1|shared?|false
STATE|4|2|2|2|length 0|7.72
STATE|4|2|2|2|hasGrass|false
STATE|4|2|2|2|hasCanola|true
STATE|4|2|2|2|hasFlower|true
STATE|4|2|2|2|soilQuality|9.31
STATE|4|2|2|2|grassCount|0.82
STATE|4|2|2|2|canolaCount|4.62
STATE|4|2|2|2|flowerCount|9.63
STATE|4|2|2|2|predatorCount|4.0
STATE|4|2|2|2|pollinatorCount|1.52
STATE|4|2|2|2|pestCount|2.1
STATE|4|2|2|2|predatorK|6.44
STATE|4|2|2|2|pollinatorK|8.2
STATE|4|2|2|2|pestK|6.67
STATE|4|2|2|2|yield|6.63
STATE|4|2|2|2|canolaPoints|0.28
STATE|4|2|2|2|paymentPoints|9.97
STATE|4|2|2|2|ownedBy|0
STATE|4|2|2|2|village|2
STATE|4|2|2|2|shared?|true
STATE|4|2|2|3|length 0|1.3
STATE|4|2|2|3|hasGrass|false
STATE|4|2|2|3|hasCanola|true
STATE|4|2|2|3|hasFlower|false
STATE|4|2|2|3|soilQuality|5.8
STATE|4|2|2|3|grassCount|2.59
STATE|4|2|2|3|canolaCount|3.22
STATE|4|2|2|3|flowerCount|8.0
STATE|4|2|2|3|predatorCount|6.5
STATE|4|2|2|3|pollinatorCount|0.54
STATE|4|2|2|3|pestCount|1.73
STATE|4|2|2|3|predatorK|3.96
STATE|4|2|2|3|pollinatorK|9.29
STATE|4|2|2|3|pestK|9.77
STATE|4|2|2|3|yield|7.61
STATE|4|2|2|3|canolaPoints|5.9
STATE|4|2|2|3|paymentPoints|1.97
STATE|4|2|2|3|ownedBy|3
STATE|4|2|2|3|village|0
STATE|4|2|2|3|shared?|true
STATE|4|2|3|0|length 0|9.13
STATE|4|2|3|0|hasGrass|false
STATE|4|2|3|0|hasCanola|false
STATE|4|2|3|0|hasFlower|false
STATE|4|2|3|0|soilQuality|6.92
STATE|4|2|3|0|grassCount|2.21
STATE|4|2|3|0|canolaCount|0.16
STATE|4|2|3|0|flowerCount|8.72
STATE|4|2|3|0|predatorCount|4.79
STATE|4|2|3|0|pollinatorCount|5.16
STATE|4|2|3|0|pestCount|5.56
STATE|4|2|3|0|predatorK|1.34
STATE|4|2|3|0|pollinatorK|6.8
STATE|4|2|3|0|pestK|4.33
STATE|4|2|3|0|yield|7.08
STATE|4|2|3|0|canolaPoints|5.45
STATE|4|2|3|0|paymentPoints|4.72
STATE|4|2|3|0|ownedBy|0
STATE|4|2|3|0|village|0
STATE|4|2|3|0|shared?|false
STATE|4|2|3|1|length 0|8.18
STATE|4|2|3|1|hasGrass|true
STATE|4|2|3|1|hasCanola|true
STATE|4|2|3|1|hasFlower|true
STATE|4|2|3|1|soilQuality|1.46
STATE|4|2|3|1|grassCount|6.49
STATE|4|2|3|1|canolaCount|2.88
STATE|4|2|3|1|flowerCount|9.91
STATE|4|2|3|1|predatorCount|7.09
STATE|4|2|3|1|pollinatorCount|2.25
STATE|4|2|3|1|pestCount|2.46
STATE|4|2|3|1|predatorK|0.83
STATE|4|2|3|1|pollinatorK|7.84
STATE|4|2|3|1|pestK|5.13
STATE|4|2|3|1|yield|9.16
STATE|4|2|3|1|canolaPoints|2.71
STATE|4|2|3|1|paymentPoints|2.54
STATE|4|2|3|1|ownedBy|2
STATE|4|2|3|1|village|3
STATE|4|2|3|1|shared?|true
STATE|4|2|3|2|length 0|9.64
STATE|4|2|3|2|hasGrass|true
STATE|4|2|3|2|hasCanola|false
STATE|4|2|3|2|hasFlower|true
STATE|4|2|3|2|soilQuality|4.59
STATE|4|2|3|2|grassCount|8.76
STATE|4|2|3|2|canolaCount|9.46
STATE|4|2|3|2|flowerCount|0.67
STATE|4|2|3|2|predatorCount|4.72
STATE|4|2|3|2|pollinatorCount|5.9
STATE|4|2|3|2|pestCount|3.89
STATE|4|2|3|2|predatorK|4.02
STATE|4|2|3|2|pollinatorK|0.35
STATE|4|2|3|2|pestK|2.3
STATE|4|2|3|2|yield|5.36
STATE|4|2|3|2|canolaPoints|5.91
STATE|4|2|3|2|paymentPoints|4.52
STATE|4|2|3|2|ownedBy|3
STATE|4|2|3|2|village|0
STATE|4|2|3|2|shared?|false
STATE|4|2|3|3|length 0|6.71
STATE|4|2|3|3|hasGrass|true
STATE|4|2|3|3|hasCanola|true
STATE|4|2|3|3|hasFlower|true
STATE|4|2|3|3|soilQuality|7.63
STATE|4|2|3|3|grassCount|1.66
STATE|4|2|3|3|canolaCount|3.09
STATE|4|2|3|3|flowerCount|9.5
STATE|4|2|3|3|predatorCount|7.9
STATE|4|2|3|3|pollinatorCount|3.93
STATE|4|2|3|3|pestCount|0.98
STATE|4|2|3|3|predatorK|3.09
STATE|4|2|3|3|pollinatorK|2.24
STATE|4|2|3|3|pestK|1.02
STATE|4|2|3|3|yield|6.9
STATE|4|2|3|3|canolaPoints|5.49
STATE|4|2|3|3|paymentPoints|4.47
STATE|4|2|3|3|ownedBy|0
STATE|4|2|3|3|village|3
STATE|4|2|3|3|shared?|true
CHOICE|4|2|1|1|2|2|12:56:43.000 PM 28-Sep-2026
CHOICE|4|2|1|1|0|2|12:56:51.000 PM 28-Sep-2026
CONFIRM|4|2|1|12:57:01.000 PM 28-Sep-2026
CHOICE|4|2|2|1|2|4|12:57:14.000 PM 28-Sep-2026
CONFIRM|4|2|2|12:57:20.000 PM 28-Sep-2026
CHOICE|4|2|3|0|1|-99|12:57:25.000 PM 28-Sep-2026
CHOICE|4|2|3|2|1|2|12:57:37.000 PM 28-Sep-2026
CHOICE|4|2|3|1|3|-99|12:57:47.000 PM 28-Sep-2026
CONFIRM|4|2|3|12:57:50.000 PM 28-Sep-2026
CHOICE|4|2|4|1|3|2|12:57:54.000 PM 28-Sep-2026
CONFIRM|4|2|4|12:58:02.000 PM 28-Sep-2026
CHOICE|4|2|5|2|0|1|12:58:07.000 PM 28-Sep-2026
CHOICE|4|2|5|0|0|2|12:58:22.000 PM 28-Sep-2026
CONFIRM|4|2|5|12:58:35.000 PM 28-Sep-2026
CHOICE|4|2|6|0|3|3|12:58:42.000 PM 28-Sep-2026
CONFIRM|4|2|6|12:58:43.000 PM 28-Sep-2026
CHOICE|4|2|7|3|1|3|12:58:51.000 PM 28-Sep-2026
CHOICE|4|2|7|0|2|4|12:58:52.000 PM 28-Sep-2026
CHOICE|4|2|7|3|1|3|12:59:04.000 PM 28-Sep-2026
CONFIRM|4|2|7|12:59:07.000 PM 28-Sep-2026
CHOICE|4|2|8|2|3|3|12:59:21.000 PM 28-Sep-2026
CHOICE|4|2|8|1|2|3|12:59:25.000 PM 28-Sep-2026
CONFIRM|4|2|8|12:59:37.000 PM 28-Sep-2026
CHOICE|4|2|9|3|1|4|12:59:50.000 PM 28-Sep-2026
CHOICE|4|2|9|0|3|1|01:00:00.000 PM 28-Sep-2026
CONFIRM|4|2|9|01:00:13.000 PM 28-Sep-2026
CHOICE|4|2|10|2|2|3|01:00:22.000 PM 28-Sep-2026
CHOICE|4|2|10|1|3|1|01:00:33.000 PM 28-Sep-2026
CONFIRM|4|2|10|01:00:46.000 PM 28-Sep-2026
CHOICE|4|2|11|0|2|-99|01:01:01.000 PM 28-Sep-2026
CONFIRM|4|2|11|01:01:03.000 PM 28-Sep-2026
CHOICE|4|2|12|3|0|2|01:01:06.000 PM 28-Sep-2026
CHOICE|4|2|12|3|0|1|01:01:18.000 PM 28-Sep-2026
CHOICE|4|2|12|2|0|4|01:01:25.000 PM 28-Sep-2026
CONFIRM|4|2|12|01:01:31.000 PM 28-Sep-2026
CHOICE|4|2|13|0|0|3|01:01:34.000 PM 28-Sep-2026
CHOICE|4|2|13|2|0|4|01:01:41.000 PM 28-Sep-2026
CHOICE|4|2|13|1|0|1|01:01:43.000 PM 28-Sep-2026
CONFIRM|4|2|13|01:01:51.000 PM 28-Sep-2026
CHOICE|4|2|14|0|1|2|01:02:02.000 PM 28-Sep-2026
CHOICE|4|2|14|0|1|3|01:02:08.000 PM 28-Sep-2026
CONFIRM|4|2|14|01:02:11.000 PM 28-Sep-2026
CHOICE|4|2|15|1|2|3|01:02:20.000 PM 28-Sep-2026
CONFIRM|4|2|15|01:02:32.000 PM 28-Sep-2026
CHOICE|4|2|16|0|0|4|01:02:38.000 PM 28-Sep-2026
CONFIRM|4|2|16|01:02:46.000 PM 28-Sep-2026
CHOICE|4|2|17|0|2|4|01:02:48.000 PM 28-Sep-2026
CONFIRM|4|2|17|01:02:55.000 PM 28-Sep-2026
CHOICE|4|2|18|0|2|4|01:03:07.000 PM 28-Sep-2026
CHOICE|4|2|18|1|2|1|01:03:16.000 PM 28-Sep-2026
CONFIRM|4|2|18|01:03:23.000 PM 28-Sep-2026
CHOICE|4|2|19|2|0|3|01:03:24.000 PM 28-Sep-2026
CHOICE|4|2|19|2|0|-99|01:03:33.000 PM 28-Sep-2026
CONFIRM|4|2|19|01:03:37.000 PM 28-Sep-2026
CHOICE|4|2|20|3|3|4|01:03:49.000 PM 28-Sep-2026
CHOICE|4|2|20|1|2|1|01:04:02.000 PM 28-Sep-2026
CHOICE|4|2|20|0|1|2|01:04:05.000 PM 28-Sep-2026
CONFIRM|4|2|20|01:04:08.000 PM 28-Sep-2026
SCORE|4|2|1|1|6|19
SCORE|4|2|2|5|25|15
SCORE|4|2|3|13|23|6
SCORE|4|2|4|14|30|17
SCORE|4|2|5|4|10|1
SCORE|4|2|6|17|41|20
SCORE|4|2|7|0|33|14
SCORE|4|2|8|16|27|18
SCORE|4|2|9|15|55|12
SCORE|4|2|10|11|60|14
SCORE|4|2|11|3|5|16
SCORE|4|2|12|9|25|1
SCORE|4|2|13|0|14|4
SCORE|4|2|14|9|16|17
SCORE|4|2|15|18|42|6
SCORE|4|2|16|9|58|12
SCORE|4|2|17|8|9|3
SCORE|4|2|18|3|44|4
SCORE|4|2|19|15|59|14
SCORE|4|2|20|20|69|11
PHASE|phase-5-1|01:04:19.000 PM 28-Sep-2026
STATE|5|1|0|0|length 0|9.43
STATE|5|1|0|0|hasGrass|false
STATE|5|1|0|0|hasCanola|false
STATE|5|1|0|0|hasFlower|true
STATE|5|1|0|0|soilQuality|6.91
STATE|5|1|0|0|grassCount|4.67
STATE|5|1|0|0|canolaCount|6.22
STATE|5|1|0|0|flowerCount|8.97
STATE|5|1|0|0|predatorCount|6.55
STATE|5|1|0|0|pollinatorCount|5.01
STATE|5|1|0|0|pestCount|8.58
STATE|5|1|0|0|predatorK|5.09
STATE|5|1|0|0|pollinatorK|8.59
STATE|5|1|0|0|pestK|0.08
STATE|5|1|0|0|yield|3.63
STATE|5|1|0|0|canolaPoints|3.91
STATE|5|1|0|0|paymentPoints|3.33
STATE|5|1|0|0|ownedBy|0
STATE|5|1|0|0|village|3
STATE|5|1|0|0|shared?|true
STATE|5|1|0|1|length 0|4.5
STATE|5|1|0|1|hasGrass|true
STATE|5|1|0|1|hasCanola|true
STATE|5|1|0|1|hasFlower|true
STATE|5|1|0|1|soilQuality|8.32
STATE|5|1|0|1|grassCount|8.57
STATE|5|1|0|1|canolaCount|7.26
STATE|5|1|0|1|flowerCount|2.78
STATE|5|1|0|1|predatorCount|4.98
STATE|5|1|0|1|pollinatorCount|1.18
STATE|5|1|0|1|pestCount|9.68
STATE|5|1|0|1|predatorK|4.11
STATE|5|1|0|1|pollinatorK|5.22
STATE|5|1|0|1|pestK|4.29
STATE|5|1|0|1|yield|0.21
STATE|5|1|0|1|canolaPoints|4.57
STATE|5|1|0|1|paymentPoints|6.12
STATE|5|1|0|1|ownedBy|3
STATE|5|1|0|1|village|2
STATE|5|1|0|1|shared?|false
STATE|5|1|0|2|length 0|3.2
STATE|5|1|0|2|hasGrass|false
STATE|5|1|0|2|hasCanola|false
STATE|5|1|0|2|hasFlower|true
STATE|5|1|0|2|soilQuality|0.63
STATE|5|1|0|2|grassCount|3.28
STATE|5|1|0|2|canolaCount|0.16
STATE|5|1|0|2|flowerCount|5.49
STATE|5|1|0|2|predatorCount|1.18
STATE|5|1|0|2|pollinatorCount|0.11
STATE|5|1|0|2|pestCount|7.99
STATE|5|1|0|2|predatorK|4.24
STATE|5|1|0|2|pollinatorK|2.22
STATE|5|1|0|2|pestK|0.88
STATE|5|1|0|2|yield|3.87
STATE|5|1|0|2|canolaPoints|9.75
STATE|5|1|0|2|paymentPoints|2.2
STATE|5|1|0|2|ownedBy|3
STATE|5|1|0|2|village|3
STATE|5|1|0|2|shared?|false
STATE|5|1|0|3|length 0|9.02
STATE|5|1|0|3|hasGrass|true
STATE|5|1|0|3|hasCanola|false
STATE|5|1|0|3|hasFlower|true
STATE|5|1|0|3|soilQuality|5.96
STATE|5|1|0|3|grassCount|1.3
STATE|5|1|0|3|canolaCount|7.2
STATE|5|1|0|3|flowerCount|3.72
STATE|5|1|0|3|predatorCount|5.05
STATE|5|1|0|3|pollinatorCount|3.93
STATE|5|1|0|3|pestCount|6.4
STATE|5|1|0|3|predatorK|8.79
STATE|5|1|0|3|pollinatorK|5.92
STATE|5|1|0|3|pestK|0.18
STATE|5|1|0|3|yield|7.22
STATE|5|1|0|3|canolaPoints|0.98
STATE|5|1|0|3|paymentPoints|3.28
STATE|5|1|0|3|ownedBy|0
STATE|5|1|0|3|village|0
STATE|5|1|0|3|shared?|false
STATE|5|1|1|0|length 0|3.84
STATE|5|1|1|0|hasGrass|true
STATE|5|1|1|0|hasCanola|true
STATE|5|1|1|0|hasFlower|true
STATE|5|1|1|0|soilQuality|8.06
STATE|5|1|1|0|grassCount|5.72
STATE|5|1|1|0|canolaCount|5.33
STATE|5|1|1|0|flowerCount|2.01
STATE|5|1|1|0|predatorCount|7.71
STATE|5|1|1|0|pollinatorCount|1.17
STATE|5|1|1|0|pestCount|6.75
STATE|5|1|1|0|predatorK|8.64
STATE|5|1|1|0|pollinatorK|2.52
STATE|5|1|1|0|pestK|2.14
STATE|5|1|1|0|yield|7.7
STATE|5|1|1|0|canolaPoints|7.28
STATE|5|1|1|0|paymentPoints|8.35
STATE|5|1|1|0|ownedBy|1
STATE|5|1|1|0|village|3
STATE|5|1|1|0|shared?|true
STATE|5|1|1|1|length 0|9.66
STATE|5|1|1|1|hasGrass|true
STATE|5|1|1|1|hasCanola|true
STATE|5|1|1|1|hasFlower|false
STATE|5|1|1|1|soilQuality|1.9
STATE|5|1|1|1|grassCount|5.41
STATE|5|1|1|1|canolaCount|7.27
STATE|5|1|1|1|flowerCount|9.26
STATE|5|1|1|1|predatorCount|8.39
STATE|5|1|1|1|pollinatorCount|8.97
STATE|5|1|1|1|pestCount|3.22
STATE|5|1|1|1|predatorK|8.19
STATE|5|1|1|1|pollinatorK|9.45
STATE|5|1|1|1|pestK|3.37
STATE|5|1|1|1|yield|7.14
STATE|5|1|1|1|canolaPoints|2.11
STATE|5|1|1|1|paymentPoints|2.65
STATE|5|1|1|1|ownedBy|3
STATE|5|1|1|1|village|3
STATE|5|1|1|1|shared?|false
STATE|5|1|1|2|length 0|6.72
STATE|5|1|1|2|hasGrass|true
STATE|5|1|1|2|hasCanola|true
STATE|5|1|1|2|hasFlower|false
STATE|5|1|1|2|soilQuality|2.87
STATE|5|1|1|2|grassCount|2.86
STATE|5|1|1|2|canolaCount|1.8
STATE|5|1|1|2|flowerCount|8.3
STATE|5|1|1|2|predatorCount|6.55
STATE|5|1|1|2|pollinatorCount|8.94
STATE|5|1|1|2|pestCount|7.08
STATE|5|1|1|2|predatorK|9.03
STATE|5|1|1|2|pollinatorK|3.13
STATE|5|1|1|2|pestK|6.97
STATE|5|1|1|2|yield|0.74
STATE|5|1|1|2|canolaPoints|1.55
STATE|5|1|1|2|paymentPoints|7.55
STATE|5|1|1|2|ownedBy|3
STATE|5|1|1|2|village|1
STATE|5|1|1|2|shared?|false
STATE|5|1|1|3|length 0|8.14
STATE|5|1|1|3|hasGrass|false
STATE|5|1|1|3|hasCanola|false
STATE|5|1|1|3|hasFlower|true
STATE|5|1|1|3|soilQuality|4.92
STATE|5|1|1|3|grassCount|8.11
STATE|5|1|1|3|canolaCount|0.73
STATE|5|1|1|3|flowerCount|2.42
STATE|5|1|1|3|predatorCount|0.92
STATE|5|1|1|3|pollinatorCount|6.4
STATE|5|1|1|3|pestCount|8.38
STATE|5|1|1|3|predatorK|3.49
STATE|5|1|1|3|pollinatorK|4.28
STATE|5|1|1|3|pestK|4.18
STATE|5|1|1|3|yield|7.86
STATE|5|1|1|3|canolaPoints|2.32
STATE|5|1|1|3|paymentPoints|7.93
STATE|5|1|1|3|ownedBy|1
STATE|5|1|1|3|village|0
STATE|5|1|1|3|shared?|false
STATE|5|1|2|0|length 0|7.98
STATE|5|1|2|0|hasGrass|true
STATE|5|1|2|0|hasCanola|true
STATE|5|1|2|0|hasFlower|false
STATE|5|1|2|0|soilQuality|6.16
STATE|5|1|2|0|grassCount|9.92
STATE|5|1|2|0|canolaCount|3.27
STATE|5|1|2|0|flowerCount|5.47
STATE|5|1|2|0|predatorCount|8.87
STATE|5|1|2|0|pollinatorCount|9.42
STATE|5|1|2|0|pestCount|2.77
STATE|5|1|2|0|predatorK|1.56
STATE|5|1|2|0|pollinatorK|1.55
STATE|5|1|2|0|pestK|0.09
STATE|5|1|2|0|yield|0.84
STATE|5|1|2|0|canolaPoints|3.87
STATE|5|1|2|0|paymentPoints|5.2
STATE|5|1|2|0|ownedBy|3
STATE|5|1|2|0|village|3
STATE|5|1|2|0|shared?|true
STATE|5|1|2|1|length 0|8.41
STATE|5|1|2|1|hasGrass|false
STATE|5|1|2|1|hasCanola|false
STATE|5|1|2|1|hasFlower|false
STATE|5|1|2|1|soilQuality|2.53
STATE|5|1|2|1|grassCount|6.32
STATE|5|1|2|1|canolaCount|6.33
STATE|5|1|2|1|flowerCount|3.26
STATE|5|1|2|1|predatorCount|8.32
STATE|5|1|2|1|pollinatorCount|0.59
STATE|5|1|2|1|pestCount|9.44
STATE|5|1|2|1|predatorK|5.4
STATE|5|1|2|1|pollinatorK|1.4
STATE|5|1|2|1|pestK|3.64
STATE|5|1|2|1|yield|5.17
STATE|5|1|2|1|canolaPoints|1.79
STATE|5|1|2|1|paymentPoints|0.8
STATE|5|1|2|1|ownedBy|0
STATE|5|1|2|1|village|0
STATE|5|1|2|1|shared?|true
STATE|5|1|2|2|length 0|1.84
STATE|5|1|2|2|hasGrass|false
STATE|5|1|2|2|hasCanola|true
STATE|5|1|2|2|hasFlower|false
STATE|5|1|2|2|soilQuality|1.55
STATE|5|1|2|2|grassCount|6.12
STATE|5|1|2|2|canolaCount|0.05
STATE|5|1|2|2|flowerCount|6.76
STATE|5|1|2|2|predatorCount|2.72
STATE|5|1|2|2|pollinatorCount|4.72
STATE|5|1|2|2|pestCount|9.31
STATE|5|1|2|2|predatorK|8.65
STATE|5|1|2|2|pollinatorK|6.75
STATE|5|1|2|2|pestK|2.6
STATE|5|1|2|2|yield|9.6
STATE|5|1|2|2|canolaPoints|6.56
STATE|5|1|2|2|paymentPoints|2.77
STATE|5|1|2|2|ownedBy|0
STATE|5|1|2|2|village|2
STATE|5|1|2|2|shared?|true
STATE|5|1|2|3|length 0|3.29
STATE|5|1|2|3|hasGrass|false
STATE|5|1|2|3|hasCanola|false
STATE|5|1|2|3|hasFlower|false
STATE|5|1|2|3|soilQuality|1.31
STATE|5|1|2|3|grassCount|1.87
STATE|5|1|2|3|canolaCount|5.04
STATE|5|1|2|3|flowerCount|7.7
STATE|5|1|2|3|predatorCount|3.68
STATE|5|1|2|3|pollinatorCount|1.58
STATE|5|1|2|3|pestCount|5.88
STATE|5|1|2|3|predatorK|7.2
STATE|5|1|2|3|pollinatorK|0.07
STATE|5|1|2|3|pestK|1.71
STATE|5|1|2|3|yield|5.56
STATE|5|1|2|3|canolaPoints|8.25
STATE|5|1|2|3|paymentPoints|2.44
STATE|5|1|2|3|ownedBy|2
STATE|5|1|2|3|village|2
STATE|5|1|2|3|shared?|false
STATE|5|1|3|0|length 0|7.26
STATE|5|1|3|0|hasGrass|false
STATE|5|1|3|0|hasCanola|false
STATE|5|1|3|0|hasFlower|false
STATE|5|1|3|0|soilQuality|3.89
STATE|5|1|3|0|grassCount|9.3
STATE|5|1|3|0|canolaCount|1.3
STATE|5|1|3|0|flowerCount|3.89
STATE|5|1|3|0|predatorCount|2.67
STATE|5|1|3|0|pollinatorCount|3.49
STATE|5|1|3|0|pestCount|8.49
STATE|5|1|3|0|predatorK|1.81
STATE|5|1|3|0|pollinatorK|9.64
STATE|5|1|3|0|pestK|0.09
STATE|5|1|3|0|yield|1.55
STATE|5|1|3|0|canolaPoints|4.96
STATE|5|1|3|0|paymentPoints|9.32
STATE|5|1|3|0|ownedBy|2
STATE|5|1|3|0|village|0
STATE|5|1|3|0|shared?|true
STATE|5|1|3|1|length 0|4.78
STATE|5|1|3|1|hasGrass|false
STATE|5|1|3|1|hasCanola|false
STATE|5|1|3|1|hasFlower|true
STATE|5|1|3|1|soilQuality|2.86
STATE|5|1|3|1|grassCount|2.45
STATE|5|1|3|1|canolaCount|8.74
STATE|5|1|3|1|flowerCount|6.68
STATE|5|1|3|1|predatorCount|8.86
STATE|5|1|3|1|pollinatorCount|7.78
STATE|5|1|3|1|pestCount|4.82
STATE|5|1|3|1|predatorK|8.19
STATE|5|1|3|1|pollinatorK|9.88
STATE|5|1|3|1|pestK|9.62
STATE|5|1|3|1|yield|0.22
STATE|5|1|3|1|canolaPoints|7.42
STATE|5|1|3|1|paymentPoints|4.27
STATE|5|1|3|1|ownedBy|1
STATE|5|1|3|1|village|0
STATE|5|1|3|1|shared?|false
STATE|5|1|3|2|length 0|3.23
STATE|5|1|3|2|hasGrass|false
STATE|5|1|3|2|hasCanola|false
STATE|5|1|3|2|hasFlower|false
STATE|5|1|3|2|soilQuality|5.02
STATE|5|1|3|2|grassCount|6.81
STATE|5|1|3|2|canolaCount|4.51
STATE|5|1|3|2|flowerCount|1.54
STATE|5|1|3|2|predatorCount|9.2
STATE|5|1|3|2|pollinatorCount|9.59
STATE|5|1|3|2|pestCount|4.5
STATE|5|1|3|2|predatorK|4.58
STATE|5|1|3|2|pollinatorK|7.39
STATE|5|1|3|2|pestK|8.48
STATE|5|1|3|2|yield|8.89
STATE|5|1|3|2|canolaPoints|9.86
STATE|5|1|3|2|paymentPoints|5.57
STATE|5|1|3|2|ownedBy|3
STATE|5|1|3|2|village|1
STATE|5|1|3|2|shared?|false
STATE|5|1|3|3|length 0|0.67
STATE|5|1|3|3|hasGrass|true
STATE|5|1|3|3|hasCanola|true
STATE|5|1|3|3|hasFlower|true
STATE|5|1|3|3|soilQuality|9.18
STATE|5|1|3|3|grassCount|4.45
STATE|5|1|3|3|canolaCount|4.61
STATE|5|1|3|3|flowerCount|3.2
STATE|5|1|3|3|predatorCount|2.59
STATE|5|1|3|3|pollinatorCount|5.99
STATE|5|1|3|3|pestCount|5.84
STATE|5|1|3|3|predatorK|7.08
STATE|5|1|3|3|pollinatorK|5.54
STATE|5|1|3|3|pestK|3.49
STATE|5|1|3|3|yield|1.28
STATE|5|1|3|3|canolaPoints|1.37
STATE|5|1|3|3|paymentPoints|9.86
STATE|5|1|3|3|ownedBy|0
STATE|5|1|3|3|village|3
STATE|5|1|3|3|shared?|true
CHOICE|5|1|1|1|2|3|01:04:32.000 PM 28-Sep-2026
CHOICE|5|1|1|1|2|1|01:04:44.000 PM 28-Sep-2026
CHOICE|5|1|1|1|2|2|01:04:47.000 PM 28-Sep-2026
CONFIRM|5|1|1|01:04:51.000 PM 28-Sep-2026
CHOICE|5|1|2|3|2|1|01:04:59.000 PM 28-Sep-2026
CHOICE|5|1|2|1|3|4|01:05:07.000 PM 28-Sep-2026
CHOICE|5|1|2|3|2|-99|01:05:20.000 PM 28-Sep-2026
CONFIRM|5|1|2|01:05:31.000 PM 28-Sep-2026
CHOICE|5|1|3|2|0|-99|01:05:42.000 PM 28-Sep-2026
CHOICE|5|1|3|3|3|2|01:05:56.000 PM 28-Sep-2026
CONFIRM|5|1|3|01:06:05.000 PM 28-Sep-2026
CHOICE|5|1|4|1|1|2|01:06:17.000 PM 28-Sep-2026
CHOICE|5|1|4|1|1|3|01:06:25.000 PM 28-Sep-2026
CHOICE|5|1|4|3|3|3|01:06:37.000 PM 28-Sep-2026
CONFIRM|5|1|4|01:06:45.000 PM 28-Sep-2026
CHOICE|5|1|5|3|3|-99|01:06:54.000 PM 28-Sep-2026
CONFIRM|5|1|5|01:06:59.000 PM 28-Sep-2026
CHOICE|5|1|6|0|2|4|01:07:14.000 PM 28-Sep-2026
CONFIRM|5|1|6|01:07:15.000 PM 28-Sep-2026
CHOICE|5|1|7|3|0|1|01:07:19.000 PM 28-Sep-2026
CONFIRM|5|1|7|01:07:30.000 PM 28-Sep-2026
CHOICE|5|1|8|3|2|3|01:07:34.000 PM 28-Sep-2026
CHOICE|5|1|8|0|0|4|01:07:43.000 PM 28-Sep-2026
CONFIRM|5|1|8|01:07:57.000 PM 28-Sep-2026
CHOICE|5|1|9|2|2|2|01:08:01.000 PM 28-Sep-2026
CHOICE|5|1|9|2|2|3|01:08:03.000 PM 28-Sep-2026
CONFIRM|5|1|9|01:08:10.000 PM 28-Sep-2026
CHOICE|5|1|10|3|1|1|01:08:21.000 PM 28-Sep-2026
CHOICE|5|1|10|3|1|1|01:08:29.000 PM 28-Sep-2026
CHOICE|5|1|10|2|0|1|01:08:37.000 PM 28-Sep-2026
CONFIRM|5|1|10|01:08:50.000 PM 28-Sep-2026
CHOICE|5|1|11|2|2|4|01:09:04.000 PM 28-Sep-2026
CONFIRM|5|1|11|01:09:06.000 PM 28-Sep-2026
CHOICE|5|1|12|2|3|3|01:09:07.000 PM 28-Sep-2026
CHOICE|5|1|12|2|3|-99|01:09:18.000 PM 28-Sep-2026
CONFIRM|5|1|12|01:09:21.000 PM 28-Sep-2026
CHOICE|5|1|13|1|3|4|01:09:31.000 PM 28-Sep-2026
CONFIRM|5|1|13|01:09:41.000 PM 28-Sep-2026
CHOICE|5|1|14|0|2|4|01:09:46.000 PM 28-Sep-2026
CONFIRM|5|1|14|01:09:49.000 PM 28-Sep-2026
CHOICE|5|1|15|3|2|4|01:10:01.000 PM 28-Sep-2026
CHOICE|5|1|15|1|0|1|01:10:02.000 PM 28-Sep-2026
CONFIRM|5|1|15|01:10:14.000 PM 28-Sep-2026
CHOICE|5|1|16|3|1|2|01:10:20.000 PM 28-Sep-2026
CHOICE|5|1|16|3|2|2|01:10:28.000 PM 28-Sep-2026
CHOICE|5|1|16|3|0|4|01:10:40.000 PM 28-Sep-2026
CONFIRM|5|1|16|01:10:46.000 PM 28-Sep-2026
CHOICE|5|1|17|3|0|4|01:10:58.000 PM 28-Sep-2026
CHOICE|5|1|17|2|2|3|01:11:11.000 PM 28-Sep-2026
CHOICE|5|1|17|0|1|4|01:11:22.000 PM 28-Sep-2026
CONFIRM|5|1|17|01:11:26.000 PM 28-Sep-2026
CHOICE|5|1|18|3|1|-99|01:11:40.000 PM 28-Sep-2026
CHOICE|5|1|18|3|1|2|01:11:48.000 PM 28-Sep-2026
CONFIRM|5|1|18|01:11:57.000 PM 28-Sep-2026
CHOICE|5|1|19|3|1|3|01:12:11.000 PM 28-Sep-2026
CHOICE|5|1|19|1|3|1|01:12:15.000 PM 28-Sep-2026
CHOICE|5|1|19|0|3|2|01:12:27.000 PM 28-Sep-2026
CONFIRM|5|1|19|01:12:39.000 PM 28-Sep-2026
CHOICE|5|1|20|1|1|2|01:12:46.000 PM 28-Sep-2026
CONFIRM|5|1|20|01:12:52.000 PM 28-Sep-2026
SCORE|5|1|1|19|54|3
SCORE|5|1|2|10|42|15
SCORE|5|1|3|3|13|9
SCORE|5|1|4|9|29|3
SCORE|5|1|5|5|37|7
SCORE|5|1|6|10|35|19
SCORE|5|1|7|6|53|15
SCORE|5|1|8|12|29|20
SCORE|5|1|9|7|55|6
SCORE|5|1|10|12|31|3
SCORE|5|1|11|3|45|1
SCORE|5|1|12|10|48|11
SCORE|5|1|13|18|18|6
SCORE|5|1|14|0|12|17
SCORE|5|1|15|14|57|19
SCORE|5|1|16|20|44|4
SCORE|5|1|17|3|31|8
SCORE|5|1|18|14|59|13
SCORE|5|1|19|16|39|0
SCORE|5|1|20|19|22|9
PHASE|phase-5-2|01:13:04.000 PM 28-Sep-2026
STATE|5|2|0|0|length 0|8.53
STATE|5|2|0|0|hasGrass|true
STATE|5|2|0|0|hasCanola|false
STATE|5|2|0|0|hasFlower|true
STATE|5|2|0|0|soilQuality|0.65
STATE|5|2|0|0|grassCount|1.16
STATE|5|2|0|0|canolaCount|4.54
STATE|5|2|0|0|flowerCount|2.93
STATE|5|2|0|0|predatorCount|3.67
STATE|5|2|0|0|pollinatorCount|0.65
STATE|5|2|0|0|pestCount|7.59
STATE|5|2|0|0|predatorK|8.58
STATE|5|2|0|0|pollinatorK|0.32
STATE|5|2|0|0|pestK|0.41
STATE|5|2|0|0|yield|1.47
STATE|5|2|0|0|canolaPoints|5.78
STATE|5|2|0|0|paymentPoints|9.3
STATE|5|2|0|0|ownedBy|0
STATE|5|2|0|0|village|3
STATE|5|2|0|0|shared?|true
STATE|5|2|0|1|length 0|4.73
STATE|5|2|0|1|hasGrass|true
STATE|5|2|0|1|hasCanola|true
STATE|5|2|0|1|hasFlower|false
STATE|5|2|0|1|soilQuality|5.86
STATE|5|2|0|1|grassCount|6.92
STATE|5|2|0|1|canolaCount|7.31
STATE|5|2|0|1|flowerCount|5.71
STATE|5|2|0|1|predatorCount|9.87
STATE|5|2|0|1|pollinatorCount|9.29
STATE|5|2|0|1|pestCount|5.83
STATE|5|2|0|1|predatorK|8.59
STATE|5|2|0|1|pollinatorK|3.98
STATE|5|2|0|1|pestK|1.22
STATE|5|2|0|1|yield|1.01
STATE|5|2|0|1|canolaPoints|2.4
STATE|5|2|0|1|paymentPoints|4.63
STATE|5|2|0|1|ownedBy|1
STATE|5|2|0|1|village|3
STATE|5|2|0|1|shared?|false
STATE|5|2|0|2|length 0|9.74
STATE|5|2|0|2|hasGrass|true
STATE|5|2|0|2|hasCanola|true
STATE|5|2|0|2|hasFlower|true
STATE|5|2|0|2|soilQuality|9.08
STATE|5|2|0|2|grassCount|9.18
STATE|5|2|0|2|canolaCount|1.35
STATE|5|2|0|2|flowerCount|4.78
STATE|5|2|0|2|predatorCount|5.27
STATE|5|2|0|2|pollinatorCount|7.8
STATE|5|2|0|2|pestCount|3.51
STATE|5|2|0|2|predatorK|1.51
STATE|5|2|0|2|pollinatorK|5.38
STATE|5|2|0|2|pestK|1.38
STATE|5|2|0|2|yield|3.72
STATE|5|2|0|2|canolaPoints|9.87
STATE|5|2|0|2|paymentPoints|3.25
STATE|5|2|0|2|ownedBy|3
STATE|5|2|0|2|village|3
STATE|5|2|0|2|shared?|false
STATE|5|2|0|3|length 0|7.44
STATE|5|2|0|3|hasGrass|true
STATE|5|2|0|3|hasCanola|true
STATE|5|2|0|3|hasFlower|true
STATE|5|2|0|3|soilQuality|0.24
STATE|5|2|0|3|grassCount|6.17
STATE|5|2|0|3|canolaCount|4.25
STATE|5|2|0|3|flowerCount|4.7
STATE|5|2|0|3|predatorCount|0.12
STATE|5|2|0|3|pollinatorCount|2.41
STATE|5|2|0|3|pestCount|4.34
STATE|5|2|0|3|predatorK|2.53
STATE|5|2|0|3|pollinatorK|0.93
STATE|5|2|0|3|pestK|8.3
STATE|5|2|0|3|yield|5.98
STATE|5|2|0|3|canolaPoints|6.96
STATE|5|2|0|3|paymentPoints|8.35
STATE|5|2|0|3|ownedBy|0
STATE|5|2|0|3|village|3
STATE|5|2|0|3|shared?|true
STATE|5|2|1|0|length 0|8.75
STATE|5|2|1|0|hasGrass|true
STATE|5|2|1|0|hasCanola|true
STATE|5|2|1|0|hasFlower|true
STATE|5|2|1|0|soilQuality|9.4
STATE|5|2|1|0|grassCount|1.25
STATE|5|2|1|0|canolaCount|3.42
STATE|5|2|1|0|flowerCount|2.07
STATE|5|2|1|0|predatorCount|4.55
STATE|5|2|1|0|pollinatorCount|6.03
STATE|5|2|1|0|pestCount|1.19
STATE|5|2|1|0|predatorK|5.59
STATE|5|2|1|0|pollinatorK|1.82
STATE|5|2|1|0|pestK|8.67
STATE|5|2|1|0|yield|2.92
STATE|5|2|1|0|canolaPoints|9.9
STATE|5|2|1|0|paymentPoints|5.81
STATE|5|2|1|0|ownedBy|0
STATE|5|2|1|0|village|3
STATE|5|2|1|0|shared?|false
STATE|5|2|1|1|length 0|6.46
STATE|5|2|1|1|hasGrass|true
STATE|5|2|1|1|hasCanola|false
STATE|5|2|1|1|hasFlower|false
STATE|5|2|1|1|soilQuality|1.64
STATE|5|2|1|1|grassCount|5.58
STATE|5|2|1|1|canolaCount|0.2
STATE|5|2|1|1|flowerCount|3.04
STATE|5|2|1|1|predatorCount|9.5
STATE|5|2|1|1|pollinatorCount|5.7
STATE|5|2|1|1|pestCount|3.17
STATE|5|2|1|1|predatorK|0.67
STATE|5|2|1|1|pollinatorK|1.06
STATE|5|2|1|1|pestK|0.13
STATE|5|2|1|1|yield|4.13
STATE|5|2|1|1|canolaPoints|2.29
STATE|5|2|1|1|paymentPoints|4.11
STATE|5|2|1|1|ownedBy|0
STATE|5|2|1|1|village|2
STATE|5|2|1|1|shared?|false
STATE|5|2|1|2|length 0|5.36
STATE|5|2|1|2|hasGrass|true
STATE|5|2|1|2|hasCanola|false
STATE|5|2|1|2|hasFlower|false
STATE|5|2|1|2|soilQuality|8.33
STATE|5|2|1|2|grassCount|9.73
STATE|5|2|1|2|canolaCount|8.03
STATE|5|2|1|2|flowerCount|2.77
STATE|5|2|1|2|predatorCount|8.22
STATE|5|2|1|2|pollinatorCount|0.17
STATE|5|2|1|2|pestCount|0.04
STATE|5|2|1|2|predatorK|2.35
STATE|5|2|1|2|pollinatorK|6.05
STATE|5|2|1|2|pestK|1.75
STATE|5|2|1|2|yield|5.69
STATE|5|2|1|2|canolaPoints|6.79
STATE|5|2|1|2|paymentPoints|1.83
STATE|5|2|1|2|ownedBy|1
STATE|5|2|1|2|village|3
STATE|5|2|1|2|shared?|true
STATE|5|2|1|3|length 0|6.68
STATE|5|2|1|3|hasGrass|false
STATE|5|2|1|3|hasCanola|false
STATE|5|2|1|3|hasFlower|false
STATE|5|2|1|3|soilQuality|6.64
STATE|5|2|1|3|grassCount|4.65
STATE|5|2|1|3|canolaCount|4.37
STATE|5|2|1|3|flowerCount|6.26
STATE|5|2|1|3|predatorCount|2.87
STATE|5|2|1|3|pollinatorCount|4.51
STATE|5|2|1|3|pestCount|6.37
STATE|5|2|1|3|predatorK|8.46
STATE|5|2|1|3|pollinatorK|0.5
STATE|5|2|1|3|pestK|8.34
STATE|5|2|1|3|yield|9.92
STATE|5|2|1|3|canolaPoints|7.23
STATE|5|2|1|3|paymentPoints|3.36
STATE|5|2|1|3|ownedBy|1
STATE|5|2|1|3|village|0
STATE|5|2|1|3|shared?|true
STATE|5|2|2|0|length 0|8.19
STATE|5|2|2|0|hasGrass|false
STATE|5|2|2|0|hasCanola|false
STATE|5|2|2|0|hasFlower|true
STATE|5|2|2|0|soilQuality|4.91
STATE|5|2|2|0|grassCount|8.8
STATE|5|2|2|0|canolaCount|3.13
STATE|5|2|2|0|flowerCount|2.47
STATE|5|2|2|0|predatorCount|0.9
STATE|5|2|2|0|pollinatorCount|3.78
STATE|5|2|2|0|pestCount|9.35
STATE|5|2|2|0|predatorK|5.87
STATE|5|2|2|0|pollinatorK|4.68
STATE|5|2|2|0|pestK|0.19
STATE|5|2|2|0|yield|2.61
STATE|5|2|2|0|canolaPoints|1.19
STATE|5|2|2|0|paymentPoints|3.81
STATE|5|2|2|0|ownedBy|0
STATE|5|2|2|0|village|3
STATE|5|2|2|0|shared?|true
STATE|5|2|2|1|length 0|4.57
STATE|5|2|2|1|hasGrass|false
STATE|5|2|2|1|hasCanola|true
STATE|5|2|2|1|hasFlower|true
STATE|5|2|2|1|soilQuality|1.44
STATE|5|2|2|1|grassCount|0.17
STATE|5|2|2|1|canolaCount|7.34
STATE|5|2|2|1|flowerCount|1.07
STATE|5|2|2|1|predatorCount|3.04
STATE|5|2|2|1|pollinatorCount|7.75
STATE|5|2|2|1|pestCount|3.4
STATE|5|2|2|1|predatorK|1.16
STATE|5|2|2|1|pollinatorK|3.05
STATE|5|2|2|1|pestK|9.67
STATE|5|2|2|1|yield|7.11
STATE|5|2|2|1|canolaPoints|3.42
STATE|5|2|2|1|paymentPoints|1.48
STATE|5|2|2|1|ownedBy|0
STATE|5|2|2|1|village|1
STATE|5|2|2|1|shared?|true
STATE|5|2|2|2|length 0|0.38
STATE|5|2|2|2|hasGrass|true
STATE|5|2|2|2|hasCanola|false
STATE|5|2|2|2|hasFlower|true
STATE|5|2|2|2|soilQuality|3.92
STATE|5|2|2|2|grassCount|9.65
STATE|5|2|2|2|canolaCount|6.32
STATE|5|2|2|2|flowerCount|1.84
STATE|5|2|2|2|predatorCount|8.86
STATE|5|2|2|2|pollinatorCount|9.62
STATE|5|2|2|2|pestCount|3.74
STATE|5|2|2|2|predatorK|6.46
STATE|5|2|2|2|pollinatorK|3.02
STATE|5|2|2|2|pestK|0.76
STATE|5|2|2|2|yield|6.71
STATE|5|2|2|2|canolaPoints|8.4
STATE|5|2|2|2|paymentPoints|3.7
STATE|5|2|2|2|ownedBy|2
STATE|5|2|2|2|village|0
STATE|5|2|2|2|shared?|false
STATE|5|2|2|3|length 0|8.79
STATE|5|2|2|3|hasGrass|true
STATE|5|2|2|3|hasCanola|false
STATE|5|2|2|3|hasFlower|true
STATE|5|2|2|3|soilQuality|0.76
STATE|5|2|2|3|grassCount|6.18
STATE|5|2|2|3|canolaCount|2.63
STATE|5|2|2|3|flowerCount|2.33
STATE|5|2|2|3|predatorCount|0.73
STATE|5|2|2|3|pollinatorCount|4.97
STATE|5|2|2|3|pestCount|5.49
STATE|5|2|2|3|predatorK|4.82
STATE|5|2|2|3|pollinatorK|0.28
STATE|5|2|2|3|pestK|5.35
STATE|5|2|2|3|yield|3.52
STATE|5|2|2|3|canolaPoints|5.69
STATE|5|2|2|3|paymentPoints|2.28
STATE|5|2|2|3|ownedBy|1
STATE|5|2|2|3|village|1
STATE|5|2|2|3|shared?|true
STATE|5|2|3|0|length 0|2.47
STATE|5|2|3|0|hasGrass|false
STATE|5|2|3|0|hasCanola|true
STATE|5|2|3|0|hasFlower|true
STATE|5|2|3|0|soilQuality|1.78
STATE|5|2|3|0|grassCount|8.26
STATE|5|2|3|0|canolaCount|9.77
STATE|5|2|3|0|flowerCount|2.44
STATE|5|2|3|0|predatorCount|7.39
STATE|5|2|3|0|pollinatorCount|5.01
STATE|5|2|3|0|pestCount|3.85
STATE|5|2|3|0|predatorK|0.74
STATE|5|2|3|0|pollinatorK|9.82
STATE|5|2|3|0|pestK|6.49
STATE|5|2|3|0|yield|9.38
STATE|5|2|3|0|canolaPoints|2.82
STATE|5|2|3|0|paymentPoints|1.68
STATE|5|2|3|0|ownedBy|0
STATE|5|2|3|0|village|3
STATE|5|2|3|0|shared?|false
STATE|5|2|3|1|length 0|8.53
STATE|5|2|3|1|hasGrass|true
STATE|5|2|3|1|hasCanola|true
STATE|5|2|3|1|hasFlower|false
STATE|5|2|3|1|soilQuality|1.4
STATE|5|2|3|1|grassCount|3.13
STATE|5|2|3|1|canolaCount|5.74
STATE|5|2|3|1|flowerCount|7.18
STATE|5|2|3|1|predatorCount|3.25
STATE|5|2|3|1|pollinatorCount|0.31
STATE|5|2|3|1|pestCount|1.11
STATE|5|2|3|1|predatorK|2.38
STATE|5|2|3|1|pollinatorK|9.79
STATE|5|2|3|1|pestK|2.7
STATE|5|2|3|1|yield|0.07
STATE|5|2|3|1|canolaPoints|4.23
STATE|5|2|3|1|paymentPoints|6.29
STATE|5|2|3|1|ownedBy|0
STATE|5|2|3|1|village|3
STATE|5|2|3|1|shared?|false
STATE|5|2|3|2|length 0|4.52
STATE|5|2|3|2|hasGrass|false
STATE|5|2|3|2|hasCanola|false
STATE|5|2|3|2|hasFlower|true
STATE|5|2|3|2|soilQuality|6.92
STATE|5|2|3|2|grassCount|7.07
STATE|5|2|3|2|canolaCount|7.68
STATE|5|2|3|2|flowerCount|5.33
STATE|5|2|3|2|predatorCount|1.49
STATE|5|2|3|2|pollinatorCount|4.28
STATE|5|2|3|2|pestCount|7.93
STATE|5|2|3|2|predatorK|7.82
STATE|5|2|3|2|pollinatorK|5.33
STATE|5|2|3|2|pestK|1.36
STATE|5|2|3|2|yield|1.57
STATE|5|2|3|2|canolaPoints|3.21
STATE|5|2|3|2|paymentPoints|7.47
STATE|5|2|3|2|ownedBy|0
STATE|5|2|3|2|village|0
STATE|5|2|3|2|shared?|false
STATE|5|2|3|3|length 0|6.45
STATE|5|2|3|3|hasGrass|true
STATE|5|2|3|3|hasCanola|false
STATE|5|2|3|3|hasFlower|false
STATE|5|2|3|3|soilQuality|7.89
STATE|5|2|3|3|grassCount|7.0
STATE|5|2|3|3|canolaCount|5.95
STATE|5|2|3|3|flowerCount|5.2
STATE|5|2|3|3|predatorCount|2.78
STATE|5|2|3|3|pollinatorCount|1.48
STATE|5|2|3|3|pestCount|8.21
STATE|5|2|3|3|predatorK|9.43
STATE|5|2|3|3|pollinatorK|4.33
STATE|5|2|3|3|pestK|3.89
STATE|5|2|3|3|yield|9.18
STATE|5|2|3|3|canolaPoints|4.14
STATE|5|2|3|3|paymentPoints|2.47
STATE|5|2|3|3|ownedBy|0
STATE|5|2|3|3|village|3
STATE|5|2|3|3|shared?|true
CHOICE|5|2|1|1|2|2|01:13:14.000 PM 28-Sep-2026
CHOICE|5|2|1|3|3|2|01:13:21.000 PM 28-Sep-2026
CHOICE|5|2|1|2|3|1|01:13:23.000 PM 28-Sep-2026
CONFIRM|5|2|1|01:13:31.000 PM 28-Sep-2026
CHOICE|5|2|2|0|0|1|01:13:39.000 PM 28-Sep-2026
CONFIRM|5|2|2|01:13:50.000 PM 28-Sep-2026
CHOICE|5|2|3|0|0|1|01:14:02.000 PM 28-Sep-2026
CHOICE|5|2|3|0|3|1|01:14:12.000 PM 28-Sep-2026
CHOICE|5|2|3|3|0|1|01:14:21.000 PM 28-Sep-2026
CONFIRM|5|2|3|01:14:24.000 PM 28-Sep-2026
CHOICE|5|2|4|3|1|1|01:14:32.000 PM 28-Sep-2026
CHOICE|5|2|4|2|2|2|01:14:40.000 PM 28-Sep-2026
CONFIRM|5|2|4|01:14:54.000 PM 28-Sep-2026
CHOICE|5|2|5|3|3|2|01:15:02.000 PM 28-Sep-2026
CONFIRM|5|2|5|01:15:17.000 PM 28-Sep-2026
CHOICE|5|2|6|1|0|4|01:15:19.000 PM 28-Sep-2026
CHOICE|5|2|6|1|2|2|01:15:20.000 PM 28-Sep-2026
CONFIRM|5|2|6|01:15:23.000 PM 28-Sep-2026
CHOICE|5|2|7|2|1|1|01:15:37.000 PM 28-Sep-2026
CHOICE|5|2|7|2|2|3|01:15:43.000 PM 28-Sep-2026
CONFIRM|5|2|7|01:15:57.000 PM 28-Sep-2026
CHOICE|5|2|8|2|0|1|01:16:04.000 PM 28-Sep-2026
CHOICE|5|2|8|2|0|1|01:16:16.000 PM 28-Sep-2026
CHOICE|5|2|8|0|3|3|01:16:19.000 PM 28-Sep-2026
CONFIRM|5|2|8|01:16:28.000 PM 28-Sep-2026
CHOICE|5|2|9|3|3|1|01:16:34.000 PM 28-Sep-2026
CHOICE|5|2|9|0|2|-99|01:16:41.000 PM 28-Sep-2026
CONFIRM|5|2|9|01:16:45.000 PM 28-Sep-2026
CHOICE|5|2|10|0|0|3|01:16:50.000 PM 28-Sep-2026
CHOICE|5|2|10|0|0|3|01:17:00.000 PM 28-Sep-2026
CHOICE|5|2|10|1|0|3|01:17:07.000 PM 28-Sep-2026
CONFIRM|5|2|10|01:17:18.000 PM 28-Sep-2026
CHOICE|5|2|11|1|1|2|01:17:19.000 PM 28-Sep-2026
CONFIRM|5|2|11|01:17:33.000 PM 28-Sep-2026
CHOICE|5|2|12|3|3|2|01:17:38.000 PM 28-Sep-2026
CONFIRM|5|2|12|01:17:49.000 PM 28-Sep-2026
CHOICE|5|2|13|3|3|1|01:18:02.000 PM 28-Sep-2026
CHOICE|5|2|13|1|2|1|01:18:09.000 PM 28-Sep-2026
CONFIRM|5|2|13|01:18:14.000 PM 28-Sep-2026
CHOICE|5|2|14|0|1|4|01:18:23.000 PM 28-Sep-2026
CONFIRM|5|2|14|01:18:32.000 PM 28-Sep-2026
CHOICE|5|2|15|0|2|4|01:18:37.000 PM 28-Sep-2026
CHOICE|5|2|15|2|3|3|01:18:44.000 PM 28-Sep-2026
CONFIRM|5|2|15|01:18:58.000 PM 28-Sep-2026
CHOICE|5|2|16|2|1|4|01:19:13.000 PM 28-Sep-2026
CONFIRM|5|2|16|01:19:24.000 PM 28-Sep-2026
CHOICE|5|2|17|2|0|-99|01:19:37.000 PM 28-Sep-2026
CHOICE|5|2|17|2|3|3|01:19:40.000 PM 28-Sep-2026
CHOICE|5|2|17|3|3|3|01:19:50.000 PM 28-Sep-2026
CONFIRM|5|2|17|01:19:59.000 PM 28-Sep-2026
CHOICE|5|2|18|0|1|1|01:20:10.000 PM 28-Sep-2026
CONFIRM|5|2|18|01:20:24.000 PM 28-Sep-2026
CHOICE|5|2|19|1|3|2|01:20:34.000 PM 28-Sep-2026
CONFIRM|5|2|19|01:20:46.000 PM 28-Sep-2026
CHOICE|5|2|20|2|3|1|01:20:55.000 PM 28-Sep-2026
CONFIRM|5|2|20|01:21:07.000 PM 28-Sep-2026
SCORE|5|2|1|0|40|15
SCORE|5|2|2|3|47|18
SCORE|5|2|3|4|42|2
SCORE|5|2|4|0|31|3
SCORE|5|2|5|18|29|7
SCORE|5|2|6|3|5|20
SCORE|5|2|7|12|31|19
SCORE|5|2|8|0|49|7
SCORE|5|2|9|15|17|13
SCORE|5|2|10|8|12|19
SCORE|5|2|11|6|18|5
SCORE|5|2|12|13|58|12
SCORE|5|2|13|5|38|15
SCORE|5|2|14|16|23|11
SCORE|5|2|15|17|26|9
SCORE|5|2|16|12|24|20
SCORE|5|2|17|4|52|20
SCORE|5|2|18|4|21|8
SCORE|5|2|19|16|47|3
SCORE|5|2|20|5|41|12
PHASE|phase-6-1|01:21:08.000 PM 28-Sep-2026
STATE|6|1|0|0|length 0|5.77
STATE|6|1|0|0|hasGrass|false
STATE|6|1|0|0|hasCanola|false
STATE|6|1|0|0|hasFlower|true
STATE|6|1|0|0|soilQuality|3.44
STATE|6|1|0|0|grassCount|9.64
STATE|6|1|0|0|canolaCount|7.33
STATE|6|1|0|0|flowerCount|5.07
STATE|6|1|0|0|predatorCount|5.67
STATE|6|1|0|0|pollinatorCount|1.7
STATE|6|1|0|0|pestCount|1.31
STATE|6|1|0|0|predatorK|5.83
STATE|6|1|0|0|pollinatorK|8.17
STATE|6|1|0|0|pestK|4.68
STATE|6|1|0|0|yield|4.3
STATE|6|1|0|0|canolaPoints|3.94
STATE|6|1|0|0|paymentPoints|0.59
STATE|6|1|0|0|ownedBy|2
STATE|6|1|0|0|village|3
STATE|6|1|0|0|shared?|true
STATE|6|1|0|1|length 0|6.01
STATE|6|1|0|1|hasGrass|true
STATE|6|1|0|1|hasCanola|false
STATE|6|1|0|1|hasFlower|false
STATE|6|1|0|1|soilQuality|0.13
STATE|6|1|0|1|grassCount|1.16
STATE|6|1|0|1|canolaCount|4.82
STATE|6|1|0|1|flowerCount|7.83
STATE|6|1|0|1|predatorCount|9.81
STATE|6|1|0|1|pollinatorCount|5.89
STATE|6|1|0|1|pestCount|3.81
STATE|6|1|0|1|predatorK|2.22
STATE|6|1|0|1|pollinatorK|5.98
STATE|6|1|0|1|pestK|4.74
STATE|6|1|0|1|yield|5.75
STATE|6|1|0|1|canolaPoints|4.55
STATE|6|1|0|1|paymentPoints|8.87
STATE|6|1|0|1|ownedBy|3
STATE|6|1|0|1|village|3
STATE|6|1|0|1|shared?|true
STATE|6|1|0|2|length 0|6.96
STATE|6|1|0|2|hasGrass|false
STATE|6|1|0|2|hasCanola|true
STATE|6|1|0|2|hasFlower|false
STATE|6|1|0|2|soilQuality|0.59
STATE|6|1|0|2|grassCount|2.1
STATE|6|1|0|2|canolaCount|0.93
STATE|6|1|0|2|flowerCount|3.26
STATE|6|1|0|2|predatorCount|7.68
STATE|6|1|0|2|pollinatorCount|6.49
STATE|6|1|0|2|pestCount|5.16
STATE|6|1|0|2|predatorK|9.67
STATE|6|1|0|2|pollinatorK|6.55
STATE|6|1|0|2|pestK|5.53
STATE|6|1|0|2|yield|3.29
STATE|6|1|0|2|canolaPoints|8.26
STATE|6|1|0|2|paymentPoints|9.67
STATE|6|1|0|2|ownedBy|3
STATE|6|1|0|2|village|0
STATE|6|1|0|2|shared?|false
STATE|6|1|0|3|length 0|7.19
STATE|6|1|0|3|hasGrass|true
STATE|6|1|0|3|hasCanola|true
STATE|6|1|0|3|hasFlower|false
STATE|6|1|0|3|soilQuality|6.16
STATE|6|1|0|3|grassCount|0.52
STATE|6|1|0|3|canolaCount|6.88
STATE|6|1|0|3|flowerCount|6.3
STATE|6|1|0|3|predatorCount|1.39
STATE|6|1|0|3|pollinatorCount|7.09
STATE|6|1|0|3|pestCount|1.05
STATE|6|1|0|3|predatorK|7.21
STATE|6|1|0|3|pollinatorK|3.55
STATE|6|1|0|3|pestK|4.68
STATE|6|1|0|3|yield|4.97
STATE|6|1|0|3|canolaPoints|0.61
STATE|6|1|0|3|paymentPoints|3.5
STATE|6|1|0|3|ownedBy|2
STATE|6|1|0|3|village|1
STATE|6|1|0|3|shared?|true
STATE|6|1|1|0|length 0|8.81
STATE|6|1|1|0|hasGrass|true
STATE|6|1|1|0|hasCanola|false
STATE|6|1|1|0|hasFlower|false
STATE|6|1|1|0|soilQuality|8.07
STATE|6|1|1|0|grassCount|7.45
STATE|6|1|1|0|canolaCount|3.26
STATE|6|1|1|0|flowerCount|6.45
STATE|6|1|1|0|predatorCount|7.91
STATE|6|1|1|0|pollinatorCount|2.25
STATE|6|1|1|0|pestCount|4.17
STATE|6|1|1|0|predatorK|0.37
STATE|6|1|1|0|pollinatorK|5.21
STATE|6|1|1|0|pestK|4.06
STATE|6|1|1|0|yield|8.25
STATE|6|1|1|0|canolaPoints|1.26
STATE|6|1|1|0|paymentPoints|4.92
STATE|6|1|1|0|ownedBy|0
STATE|6|1|1|0|village|0
STATE|6|1|1|0|shared?|false
STATE|6|1|1|1|length 0|7.77
STATE|6|1|1|1|hasGrass|false
STATE|6|1|1|1|hasCanola|true
STATE|6|1|1|1|hasFlower|true
STATE|6|1|1|1|soilQuality|1.96
STATE|6|1|1|1|grassCount|8.85
STATE|6|1|1|1|canolaCount|6.23
STATE|6|1|1|1|flowerCount|9.92
STATE|6|1|1|1|predatorCount|8.54
STATE|6|1|1|1|pollinatorCount|5.17
STATE|6|1|1|1|pestCount|9.69
STATE|6|1|1|1|predatorK|0.27
STATE|6|1|1|1|pollinatorK|4.26
STATE|6|1|1|1|pestK|1.47
STATE|6|1|1|1|yield|4.88
STATE|6|1|1|1|canolaPoints|8.61
STATE|6|1|1|1|paymentPoints|3.41
STATE|6|1|1|1|ownedBy|2
STATE|6|1|1|1|village|3
STATE|6|1|1|1|shared?|true
STATE|6|1|1|2|length 0|3.84
STATE|6|1|1|2|hasGrass|true
STATE|6|1|1|2|hasCanola|false
STATE|6|1|1|2|hasFlower|true
STATE|6|1|1|2|soilQuality|5.86
STATE|6|1|1|2|grassCount|8.53
STATE|6|1|1|2|canolaCount|2.87
STATE|6|1|1|2|flowerCount|5.58
STATE|6|1|1|2|predatorCount|8.46
STATE|6|1|1|2|pollinatorCount|0.77
STATE|6|1|1|2|pestCount|8.64
STATE|6|1|1|2|predatorK|0.13
STATE|6|1|1|2|pollinatorK|5.14
STATE|6|1|1|2|pestK|6.78
STATE|6|1|1|2|yield|4.75
STATE|6|1|1|2|canolaPoints|5.18
STATE|6|1|1|2|paymentPoints|3.64
STATE|6|1|1|2|ownedBy|2
STATE|6|1|1|2|village|1
STATE|6|1|1|2|shared?|false
STATE|6|1|1|3|length 0|0.05
STATE|6|1|1|3|hasGrass|true
STATE|6|1|1|3|hasCanola|true
STATE|6|1|1|3|hasFlower|true
STATE|6|1|1|3|soilQuality|0.45
STATE|6|1|1|3|grassCount|3.33
STATE|6|1|1|3|canolaCount|2.02
STATE|6|1|1|3|flowerCount|0.73
STATE|6|1|1|3|predatorCount|4.32
STATE|6|1|1|3|pollinatorCount|5.19
STATE|6|1|1|3|pestCount|3.94
STATE|6|1|1|3|predatorK|6.09
STATE|6|1|1|3|pollinatorK|2.37
STATE|6|1|1|3|pestK|2.99
STATE|6|1|1|3|yield|5.18
STATE|6|1|1|3|canolaPoints|0.99
STATE|6|1|1|3|paymentPoints|4.08
STATE|6|1|1|3|ownedBy|0
STATE|6|1|1|3|village|3
STATE|6|1|1|3|shared?|true
STATE|6|1|2|0|length 0|4.25
STATE|6|1|2|0|hasGrass|false
STATE|6|1|2|0|hasCanola|true
STATE|6|1|2|0|hasFlower|true
STATE|6|1|2|0|soilQuality|5.22
STATE|6|1|2|0|grassCount|7.97
STATE|6|1|2|0|canolaCount|8.23
STATE|6|1|2|0|flowerCount|6.36
STATE|6|1|2|0|predatorCount|1.38
STATE|6|1|2|0|pollinatorCount|6.38
STATE|6|1|2|0|pestCount|6.22
STATE|6|1|2|0|predatorK|3.27
STATE|6|1|2|0|pollinatorK|8.11
STATE|6|1|2|0|pestK|7.38
STATE|6|1|2|0|yield|2.07
STATE|6|1|2|0|canolaPoints|6.81
STATE|6|1|2|0|paymentPoints|0.61
STATE|6|1|2|0|ownedBy|1
STATE|6|1|2|0|village|3
STATE|6|1|2|0|shared?|true
STATE|6|1|2|1|length 0|1.74
STATE|6|1|2|1|hasGrass|false
STATE|6|1|2|1|hasCanola|true
STATE|6|1|2|1|hasFlower|false
STATE|6|1|2|1|soilQuality|0.67
STATE|6|1|2|1|grassCount|1.53
STATE|6|1|2|1|canolaCount|3.59
STATE|6|1|2|1|flowerCount|6.09
STATE|6|1|2|1|predatorCount|5.7
STATE|6|1|2|1|pollinatorCount|5.19
STATE|6|1|2|1|pestCount|9.33
STATE|6|1|2|1|predatorK|9.62
STATE|6|1|2|1|pollinatorK|5.2
STATE|6|1|2|1|pestK|6.94
STATE|6|1|2|1|yield|0.7
STATE|6|1|2|1|canolaPoints|0.31
STATE|6|1|2|1|paymentPoints|2.99
STATE|6|1|2|1|ownedBy|0
STATE|6|1|2|1|village|1
STATE|6|1|2|1|shared?|true
STATE|6|1|2|2|length 0|7.86
STATE|6|1|2|2|hasGrass|false
STATE|6|1|2|2|hasCanola|true
STATE|6|1|2|2|hasFlower|true
STATE|6|1|2|2|soilQuality|8.04
STATE|6|1|2|2|grassCount|7.34
STATE|6|1|2|2|canolaCount|1.18
STATE|6|1|2|2|flowerCount|0.39
STATE|6|1|2|2|predatorCount|2.82
STATE|6|1|2|2|pollinatorCount|4.85
STATE|6|1|2|2|pestCount|1.53
STATE|6|1|2|2|predatorK|4.82
STATE|6|1|2|2|pollinatorK|6.16
STATE|6|1|2|2|pestK|5.31
STATE|6|1|2|2|yield|7.81
STATE|6|1|2|2|canolaPoints|1.79
STATE|6|1|2|2|paymentPoints|2.76
STATE|6|1|2|2|ownedBy|2
STATE|6|1|2|2|village|2
STATE|6|1|2|2|shared?|true
STATE|6|1|2|3|length 0|1.2
STATE|6|1|2|3|hasGrass|false
STATE|6|1|2|3|hasCanola|true
STATE|6|1|2|3|hasFlower|false
STATE|6|1|2|3|soilQuality|8.2
STATE|6|1|2|3|grassCount|8.5
STATE|6|1|2|3|canolaCount|8.75
STATE|6|1|2|3|flowerCount|8.98
STATE|6|1|2|3|predatorCount|6.34
STATE|6|1|2|3|pollinatorCount|6.28
STATE|6|1|2|3|pestCount|0.5
STATE|6|1|2|3|predatorK|1.51
STATE|6|1|2|3|pollinatorK|6.11
STATE|6|1|2|3|pestK|5.5
STATE|6|1|2|3|yield|7.77
STATE|6|1|2|3|canolaPoints|5.96
STATE|6|1|2|3|paymentPoints|3.44
STATE|6|1|2|3|ownedBy|2
STATE|6|1|2|3|village|1
STATE|6|1|2|3|shared?|false
STATE|6|1|3|0|length 0|4.68
STATE|6|1|3|0|hasGrass|true
STATE|6|1|3|0|hasCanola|false
STATE|6|1|3|0|hasFlower|false
STATE|6|1|3|0|soilQuality|0.62
STATE|6|1|3|0|grassCount|9.24
STATE|6|1|3|0|canolaCount|5.08
STATE|6|1|3|0|flowerCount|3.92
STATE|6|1|3|0|predatorCount|2.86
STATE|6|1|3|0|pollinatorCount|7.67
STATE|6|1|3|0|pestCount|8.63
STATE|6|1|3|0|predatorK|9.0
STATE|6|1|3|0|pollinatorK|9.57
STATE|6|1|3|0|pestK|4.07
STATE|6|1|3|0|yield|3.18
STATE|6|1|3|0|canolaPoints|9.68
STATE|6|1|3|0|paymentPoints|6.57
STATE|6|1|3|0|ownedBy|1
STATE|6|1|3|0|village|3
STATE|6|1|3|0|shared?|true
STATE|6|1|3|1|length 0|4.55
STATE|6|1|3|1|hasGrass|false
STATE|6|1|3|1|hasCanola|false
STATE|6|1|3|1|hasFlower|true
STATE|6|1|3|1|soilQuality|5.31
STATE|6|1|3|1|grassCount|6.6
STATE|6|1|3|1|canolaCount|7.1
STATE|6|1|3|1|flowerCount|1.05
STATE|6|1|3|1|predatorCount|4.44
STATE|6|1|3|1|pollinatorCount|1.3
STATE|6|1|3|1|pestCount|1.29
STATE|6|1|3|1|predatorK|1.72
STATE|6|1|3|1|pollinatorK|1.73
STATE|6|1|3|1|pestK|4.99
STATE|6|1|3|1|yield|9.08
STATE|6|1|3|1|canolaPoints|5.04
STATE|6|1|3|1|paymentPoints|3.52
STATE|6|1|3|1|ownedBy|0
STATE|6|1|3|1|village|3
STATE|6|1|3|1|shared?|false
STATE|6|1|3|2|length 0|7.52
STATE|6|1|3|2|hasGrass|true
STATE|6|1|3|2|hasCanola|false
STATE|6|1|3|2|hasFlower|false
STATE|6|1|3|2|soilQuality|2.85
STATE|6|1|3|2|grassCount|9.38
STATE|6|1|3|2|canolaCount|6.29
STATE|6|1|3|2|flowerCount|3.11
STATE|6|1|3|2|predatorCount|7.53
STATE|6|1|3|2|pollinatorCount|7.11
STATE|6|1|3|2|pestCount|8.02
STATE|6|1|3|2|predatorK|0.99
STATE|6|1|3|2|pollinatorK|9.85
STATE|6|1|3|2|pestK|4.09
STATE|6|1|3|2|yield|6.52
STATE|6|1|3|2|canolaPoints|1.82
STATE|6|1|3|2|paymentPoints|5.46
STATE|6|1|3|2|ownedBy|0
STATE|6|1|3|2|village|2
STATE|6|1|3|2|shared?|true
STATE|6|1|3|3|length 0|2.24
STATE|6|1|3|3|hasGrass|false
STATE|6|1|3|3|hasCanola|true
STATE|6|1|3|3|hasFlower|false
STATE|6|1|3|3|soilQuality|4.55
STATE|6|1|3|3|grassCount|9.36
STATE|6|1|3|3|canolaCount|0.03
STATE|6|1|3|3|flowerCount|4.66
STATE|6|1|3|3|predatorCount|4.99
STATE|6|1|3|3|pollinatorCount|6.64
STATE|6|1|3|3|pestCount|9.71
STATE|6|1|3|3|predatorK|4.81
STATE|6|1|3|3|pollinatorK|1.63
STATE|6|1|3|3|pestK|8.61
STATE|6|1|3|3|yield|4.62
STATE|6|1|3|3|canolaPoints|6.3
STATE|6|1|3|3|paymentPoints|5.79
STATE|6|1|3|3|ownedBy|2
STATE|6|1|3|3|village|2
STATE|6|1|3|3|shared?|false
CHOICE|6|1|1|2|3|-99|01:21:18.000 PM 28-Sep-2026
CHOICE|6|1|1|2|3|-99|01:21:28.000 PM 28-Sep-2026
CHOICE|6|1|1|2|3|4|01:21:31.000 PM 28-Sep-2026
CONFIRM|6|1|1|01:21:39.000 PM 28-Sep-2026
CHOICE|6|1|2|0|2|4|01:21:42.000 PM 28-Sep-2026
CONFIRM|6|1|2|01:21:51.000 PM 28-Sep-2026
CHOICE|6|1|3|2|3|2|01:22:03.000 PM 28-Sep-2026
CHOICE|6|1|3|2|1|3|01:22:14.000 PM 28-Sep-2026
CHOICE|6|1|3|3|0|1|01:22:16.000 PM 28-Sep-2026
CONFIRM|6|1|3|01:22:18.000 PM 28-Sep-2026
CHOICE|6|1|4|1|1|-99|01:22:20.000 PM 28-Sep-2026
CHOICE|6|1|4|1|1|3|01:22:34.000 PM 28-Sep-2026
CONFIRM|6|1|4|01:22:36.000 PM 28-Sep-2026
CHOICE|6|1|5|3|1|3|01:22:41.000 PM 28-Sep-2026
CONFIRM|6|1|5|01:22:56.000 PM 28-Sep-2026
CHOICE|6|1|6|1|3|1|01:23:00.000 PM 28-Sep-2026
CHOICE|6|1|6|2|2|1|01:23:14.000 PM 28-Sep-2026
CONFIRM|6|1|6|01:23:18.000 PM 28-Sep-2026
CHOICE|6|1|7|1|0|3|01:23:19.000 PM 28-Sep-2026
CHOICE|6|1|7|2|1|3|01:23:26.000 PM 28-Sep-2026
CHOICE|6|1|7|2|1|3|01:23:27.000 PM 28-Sep-2026
CONFIRM|6|1|7|01:23:37.000 PM 28-Sep-2026
CHOICE|6|1|8|1|0|2|01:23:43.000 PM 28-Sep-2026
CONFIRM|6|1|8|01:23:45.000 PM 28-Sep-2026
CHOICE|6|1|9|3|3|4|01:23:56.000 PM 28-Sep-2026
CHOICE|6|1|9|0|0|-99|01:24:03.000 PM 28-Sep-2026
CHOICE|6|1|9|0|2|-99|01:24:05.000 PM 28-Sep-2026
CONFIRM|6|1|9|01:24:20.000 PM 28-Sep-2026
CHOICE|6|1|10|3|3|-99|01:24:30.000 PM 28-Sep-2026
CONFIRM|6|1|10|01:24:37.000 PM 28-Sep-2026
CHOICE|6|1|11|3|0|3|01:24:50.000 PM 28-Sep-2026
CHOICE|6|1|11|2|2|3|01:25:01.000 PM 28-Sep-2026
CONFIRM|6|1|11|01:25:15.000 PM 28-Sep-2026
CHOICE|6|1|12|0|0|2|01:25:24.000 PM 28-Sep-2026
CHOICE|6|1|12|1|3|3|01:25:35.000 PM 28-Sep-2026
CHOICE|6|1|12|0|2|1|01:25:43.000 PM 28-Sep-2026
CONFIRM|6|1|12|01:25:47.000 PM 28-Sep-2026
CHOICE|6|1|13|1|0|2|01:26:01.000 PM 28-Sep-2026
CHOICE|6|1|13|3|0|2|01:26:14.000 PM 28-Sep-2026
CHOICE|6|1|13|0|1|2|01:26:29.000 PM 28-Sep-2026
CONFIRM|6|1|13|01:26:42.000 PM 28-Sep-2026
CHOICE|6|1|14|3|3|1|01:26:44.000 PM 28-Sep-2026
CONFIRM|6|1|14|01:26:56.000 PM 28-Sep-2026
CHOICE|6|1|15|2|2|3|01:27:01.000 PM 28-Sep-2026
CHOICE|6|1|15|3|3|4|01:27:16.000 PM 28-Sep-2026
CONFIRM|6|1|15|01:27:29.000 PM 28-Sep-2026
CHOICE|6|1|16|0|2|2|01:27:34.000 PM 28-Sep-2026
CHOICE|6|1|16|0|2|3|01:27:43.000 PM 28-Sep-2026
CHOICE|6|1|16|0|1|-99|01:27:47.000 PM 28-Sep-2026
CONFIRM|6|1|16|01:28:00.000 PM 28-Sep-2026
CHOICE|6|1|17|0|0|4|01:28:07.000 PM 28-Sep-2026
CONFIRM|6|1|17|01:28:13.000 PM 28-Sep-2026
CHOICE|6|1|18|0|1|1|01:28:25.000 PM 28-Sep-2026
CHOICE|6|1|18|3|1|4|01:28:34.000 PM 28-Sep-2026
CONFIRM|6|1|18|01:28:45.000 PM 28-Sep-2026
CHOICE|6|1|19|1|1|2|01:28:46.000 PM 28-Sep-2026
CONFIRM|6|1|19|01:28:53.000 PM 28-Sep-2026
CHOICE|6|1|20|3|2|4|01:29:01.000 PM 28-Sep-2026
CONFIRM|6|1|20|01:29:15.000 PM 28-Sep-2026
SCORE|6|1|1|9|46|13
SCORE|6|1|2|9|53|20
SCORE|6|1|3|0|44|4
SCORE|6|1|4|19|68|0
SCORE|6|1|5|4|28|8
SCORE|6|1|6|13|13|18
SCORE|6|1|7|20|35|18
SCORE|6|1|8|10|15|5
SCORE|6|1|9|6|8|2
SCORE|6|1|10|14|21|19
SCORE|6|1|11|10|50|14
SCORE|6|1|12|5|54|7
SCORE|6|1|13|9|27|1
SCORE|6|1|14|8|24|8
SCORE|6|1|15|2|41|0
SCORE|6|1|16|16|18|15
SCORE|6|1|17|14|20|13
SCORE|6|1|18|18|57|9
SCORE|6|1|19|16|58|4
SCORE|6|1|20|0|31|19
PHASE|phase-6-2|01:29:26.000 PM 28-Sep-2026
STATE|6|2|0|0|length 0|9.72
STATE|6|2|0|0|hasGrass|false
STATE|6|2|0|0|hasCanola|true
STATE|6|2|0|0|hasFlower|true
STATE|6|2|0|0|soilQuality|3.55
STATE|6|2|0|0|grassCount|5.22
STATE|6|2|0|0|canolaCount|8.94
STATE|6|2|0|0|flowerCount|2.47
STATE|6|2|0|0|predatorCount|9.96
STATE|6|2|0|0|pollinatorCount|5.38
STATE|6|2|0|0|pestCount|8.29
STATE|6|2|0|0|predatorK|6.23
STATE|6|2|0|0|pollinatorK|9.8
STATE|6|2|0|0|pestK|3.72
STATE|6|2|0|0|yield|6.8
STATE|6|2|0|0|canolaPoints|9.92
STATE|6|2|0|0|paymentPoints|5.05
STATE|6|2|0|0|ownedBy|0
STATE|6|2|0|0|village|0
STATE|6|2|0|0|shared?|true
STATE|6|2|0|1|length 0|2.21
STATE|6|2|0|1|hasGrass|true
STATE|6|2|0|1|hasCanola|false
STATE|6|2|0|1|hasFlower|false
STATE|6|2|0|1|soilQuality|5.41
STATE|6|2|0|1|grassCount|7.1
STATE|6|2|0|1|canolaCount|6.93
STATE|6|2|0|1|flowerCount|1.42
STATE|6|2|0|1|predatorCount|6.43
STATE|6|2|0|1|pollinatorCount|1.73
STATE|6|2|0|1|pestCount|8.44
STATE|6|2|0|1|predatorK|5.64
STATE|6|2|0|1|pollinatorK|9.0
STATE|6|2|0|1|pestK|4.13
STATE|6|2|0|1|yield|2.86
STATE|6|2|0|1|canolaPoints|8.84
STATE|6|2|0|1|paymentPoints|4.69
STATE|6|2|0|1|ownedBy|0
STATE|6|2|0|1|village|0
STATE|6|2|0|1|shared?|false
STATE|6|2|0|2|length 0|6.61
STATE|6|2|0|2|hasGrass|false
STATE|6|2|0|2|hasCanola|false
STATE|6|2|0|2|hasFlower|true
STATE|6|2|0|2|soilQuality|4.05
STATE|6|2|0|2|grassCount|8.56
STATE|6|2|0|2|canolaCount|0.87
STATE|6|2|0|2|flowerCount|1.94
STATE|6|2|0|2|predatorCount|0.7
STATE|6|2|0|2|pollinatorCount|7.57
STATE|6|2|0|2|pestCount|5.53
STATE|6|2|0|2|predatorK|8.86
STATE|6|2|0|2|pollinatorK|9.8
STATE|6|2|0|2|pestK|7.51
STATE|6|2|0|2|yield|0.36
STATE|6|2|0|2|canolaPoints|0.76
STATE|6|2|0|2|paymentPoints|6.35
STATE|6|2|0|2|ownedBy|0
STATE|6|2|0|2|village|0
STATE|6|2|0|2|shared?|false
STATE|6|2|0|3|length 0|7.2
STATE|6|2|0|3|hasGrass|false
STATE|6|2|0|3|hasCanola|true
STATE|6|2|0|3|hasFlower|false
STATE|6|2|0|3|soilQuality|4.86
STATE|6|2|0|3|grassCount|2.01
STATE|6|2|0|3|canolaCount|6.66
STATE|6|2|0|3|flowerCount|0.21
STATE|6|2|0|3|predatorCount|8.57
STATE|6|2|0|3|pollinatorCount|8.94
STATE|6|2|0|3|pestCount|1.37
STATE|6|2|0|3|predatorK|5.15
STATE|6|2|0|3|pollinatorK|4.23
STATE|6|2|0|3|pestK|8.52
STATE|6|2|0|3|yield|3.37
STATE|6|2|0|3|canolaPoints|6.58
STATE|6|2|0|3|paymentPoints|8.83
STATE|6|2|0|3|ownedBy|0
STATE|6|2|0|3|village|0
STATE|6|2|0|3|shared?|true
STATE|6|2|1|0|length 0|3.21
STATE|6|2|1|0|hasGrass|false
STATE|6|2|1|0|hasCanola|false
STATE|6|2|1|0|hasFlower|false
STATE|6|2|1|0|soilQuality|8.55
STATE|6|2|1|0|grassCount|5.44
STATE|6|2|1|0|canolaCount|6.37
STATE|6|2|1|0|flowerCount|9.72
STATE|6|2|1|0|predatorCount|5.53
STATE|6|2|1|0|pollinatorCount|1.43
STATE|6|2|1|0|pestCount|5.36
STATE|6|2|1|0|predatorK|4.84
STATE|6|2|1|0|pollinatorK|2.96
STATE|6|2|1|0|pestK|4.5
STATE|6|2|1|0|yield|1.12
STATE|6|2|1|0|canolaPoints|3.12
STATE|6|2|1|0|paymentPoints|4.59
STATE|6|2|1|0|ownedBy|3
STATE|6|2|1|0|village|3
STATE|6|2|1|0|shared?|false
STATE|6|2|1|1|length 0|8.47
STATE|6|2|1|1|hasGrass|false
STATE|6|2|1|1|hasCanola|false
STATE|6|2|1|1|hasFlower|true
STATE|6|2|1|1|soilQuality|2.81
STATE|6|2|1|1|grassCount|0.29
STATE|6|2|1|1|canolaCount|0.63
STATE|6|2|1|1|flowerCount|4.56
STATE|6|2|1|1|predatorCount|9.55
STATE|6|2|1|1|pollinatorCount|6.52
STATE|6|2|1|1|pestCount|6.99
STATE|6|2|1|1|predatorK|0.12
STATE|6|2|1|1|pollinatorK|3.18
STATE|6|2|1|1|pestK|7.75
STATE|6|2|1|1|yield|2.76
STATE|6|2|1|1|canolaPoints|4.7
STATE|6|2|1|1|paymentPoints|9.98
STATE|6|2|1|1|ownedBy|3
STATE|6|2|1|1|village|3
STATE|6|2|1|1|shared?|true
STATE|6|2|1|2|length 0|6.76
STATE|6|2|1|2|hasGrass|true
STATE|6|2|1|2|hasCanola|true
STATE|6|2|1|2|hasFlower|true
STATE|6|2|1|2|soilQuality|7.41
STATE|6|2|1|2|grassCount|7.66
STATE|6|2|1|2|canolaCount|7.11
STATE|6|2|1|2|flowerCount|5.77
STATE|6|2|1|2|predatorCount|8.94
STATE|6|2|1|2|pollinatorCount|7.64
STATE|6|2|1|2|pestCount|1.62
STATE|6|2|1|2|predatorK|8.1
STATE|6|2|1|2|pollinatorK|5.38
STATE|6|2|1|2|pestK|5.44
STATE|6|2|1|2|yield|6.62
STATE|6|2|1|2|canolaPoints|1.41
STATE|6|2|1|2|paymentPoints|2.09
STATE|6|2|1|2|ownedBy|0
STATE|6|2|1|2|village|2
STATE|6|2|1|2|shared?|true
STATE|6|2|1|3|length 0|3.96
STATE|6|2|1|3|hasGrass|true
STATE|6|2|1|3|hasCanola|false
STATE|6|2|1|3|hasFlower|false
STATE|6|2|1|3|soilQuality|0.07
STATE|6|2|1|3|grassCount|2.21
STATE|6|2|1|3|canolaCount|8.04
STATE|6|2|1|3|flowerCount|9.12
STATE|6|2|1|3|predatorCount|9.43
STATE|6|2|1|3|pollinatorCount|5.92
STATE|6|2|1|3|pestCount|0.63
STATE|6|2|1|3|predatorK|1.58
STATE|6|2|1|3|pollinatorK|9.67
STATE|6|2|1|3|pestK|4.03
STATE|6|2|1|3|yield|6.52
STATE|6|2|1|3|canolaPoints|0.81
STATE|6|2|1|3|paymentPoints|8.24
STATE|6|2|1|3|ownedBy|0
STATE|6|2|1|3|village|0
STATE|6|2|1|3|shared?|false
STATE|6|2|2|0|length 0|7.51
STATE|6|2|2|0|hasGrass|true
STATE|6|2|2|0|hasCanola|false
STATE|6|2|2|0|hasFlower|true
STATE|6|2|2|0|soilQuality|0.6
STATE|6|2|2|0|grassCount|9.05
STATE|6|2|2|0|canolaCount|2.53
STATE|6|2|2|0|flowerCount|1.97
STATE|6|2|2|0|predatorCount|2.95
STATE|6|2|2|0|pollinatorCount|6.93
STATE|6|2|2|0|pestCount|7.03
STATE|6|2|2|0|predatorK|1.77
STATE|6|2|2|0|pollinatorK|4.64
STATE|6|2|2|0|pestK|6.78
STATE|6|2|2|0|yield|7.57
STATE|6|2|2|0|canolaPoints|7.69
STATE|6|2|2|0|paymentPoints|7.91
STATE|6|2|2|0|ownedBy|0
STATE|6|2|2|0|village|3
STATE|6|2|2|0|shared?|false
STATE|6|2|2|1|length 0|3.48
STATE|6|2|2|1|hasGrass|false
STATE|6|2|2|1|hasCanola|false
STATE|6|2|2|1|hasFlower|true
STATE|6|2|2|1|soilQuality|8.94
STATE|6|2|2|1|grassCount|3.22
STATE|6|2|2|1|canolaCount|8.5
STATE|6|2|2|1|flowerCount|0.24
STATE|6|2|2|1|predatorCount|4.69
STATE|6|2|2|1|pollinatorCount|7.55
STATE|6|2|2|1|pestCount|0.0
STATE|6|2|2|1|predatorK|1.66
STATE|6|2|2|1|pollinatorK|8.62
STATE|6|2|2|1|pestK|7.29
STATE|6|2|2|1|yield|7.26
STATE|6|2|2|1|canolaPoints|3.04
STATE|6|2|2|1|paymentPoints|3.87
STATE|6|2|2|1|ownedBy|0
STATE|6|2|2|1|village|2
STATE|6|2|2|1|shared?|true
STATE|6|2|2|2|length 0|1.68
STATE|6|2|2|2|hasGrass|true
STATE|6|2|2|2|hasCanola|false
STATE|6|2|2|2|hasFlower|false
STATE|6|2|2|2|soilQuality|1.5
STATE|6|2|2|2|grassCount|3.96
STATE|6|2|2|2|canolaCount|0.29
STATE|6|2|2|2|flowerCount|8.79
STATE|6|2|2|2|predatorCount|2.23
STATE|6|2|2|2|pollinatorCount|1.82
STATE|6|2|2|2|pestCount|9.38
STATE|6|2|2|2|predatorK|9.58
STATE|6|2|2|2|pollinatorK|2.82
STATE|6|2|2|2|pestK|8.54
STATE|6|2|2|2|yield|7.93
STATE|6|2|2|2|canolaPoints|7.64
STATE|6|2|2|2|paymentPoints|7.68
STATE|6|2|2|2|ownedBy|0
STATE|6|2|2|2|village|2
STATE|6|2|2|2|shared?|false
STATE|6|2|2|3|length 0|6.52
STATE|6|2|2|3|hasGrass|false
STATE|6|2|2|3|hasCanola|true
STATE|6|2|2|3|hasFlower|true
STATE|6|2|2|3|soilQuality|4.66
STATE|6|2|2|3|grassCount|3.66
STATE|6|2|2|3|canolaCount|9.91
STATE|6|2|2|3|flowerCount|1.23
STATE|6|2|2|3|predatorCount|3.37
STATE|6|2|2|3|pollinatorCount|0.46
STATE|6|2|2|3|pestCount|0.11
STATE|6|2|2|3|predatorK|0.14
STATE|6|2|2|3|pollinatorK|6.46
STATE|6|2|2|3|pestK|1.1
STATE|6|2|2|3|yield|2.95
STATE|6|2|2|3|canolaPoints|1.96
STATE|6|2|2|3|paymentPoints|5.54
STATE|6|2|2|3|ownedBy|0
STATE|6|2|2|3|village|2
STATE|6|2|2|3|shared?|true
STATE|6|2|3|0|length 0|5.89
STATE|6|2|3|0|hasGrass|true
STATE|6|2|3|0|hasCanola|true
STATE|6|2|3|0|hasFlower|true
STATE|6|2|3|0|soilQuality|1.47
STATE|6|2|3|0|grassCount|8.35
STATE|6|2|3|0|canolaCount|0.24
STATE|6|2|3|0|flowerCount|9.22
STATE|6|2|3|0|predatorCount|8.56
STATE|6|2|3|0|pollinatorCount|1.56
STATE|6|2|3|0|pestCount|4.0
STATE|6|2|3|0|predatorK|4.77
STATE|6|2|3|0|pollinatorK|5.71
STATE|6|2|3|0|pestK|4.48
STATE|6|2|3|0|yield|9.83
STATE|6|2|3|0|canolaPoints|7.48
STATE|6|2|3|0|paymentPoints|4.75
STATE|6|2|3|0|ownedBy|2
STATE|6|2|3|0|village|2
STATE|6|2|3|0|shared?|false
STATE|6|2|3|1|length 0|3.49
STATE|6|2|3|1|hasGrass|true
STATE|6|2|3|1|hasCanola|false
STATE|6|2|3|1|hasFlower|false
STATE|6|2|3|1|soilQuality|4.44
STATE|6|2|3|1|grassCount|9.8
STATE|6|2|3|1|canolaCount|5.98
STATE|6|2|3|1|flowerCount|2.62
STATE|6|2|3|1|predatorCount|7.06
STATE|6|2|3|1|pollinatorCount|8.46
STATE|6|2|3|1|pestCount|1.54
STATE|6|2|3|1|predatorK|5.82
STATE|6|2|3|1|pollinatorK|0.21
STATE|6|2|3|1|pestK|0.31
STATE|6|2|3|1|yield|5.55
STATE|6|2|3|1|canolaPoints|3.13
STATE|6|2|3|1|paymentPoints|2.1
STATE|6|2|3|1|ownedBy|2
STATE|6|2|3|1|village|1
STATE|6|2|3|1|shared?|true
STATE|6|2|3|2|length 0|6.23
STATE|6|2|3|2|hasGrass|false
STATE|6|2|3|2|hasCanola|true
STATE|6|2|3|2|hasFlower|false
STATE|6|2|3|2|soilQuality|7.39
STATE|6|2|3|2|grassCount|1.86
STATE|6|2|3|2|canolaCount|2.74
STATE|6|2|3|2|flowerCount|8.38
STATE|6|2|3|2|predatorCount|1.54
STATE|6|2|3|2|pollinatorCount|6.84
STATE|6|2|3|2|pestCount|5.29
STATE|6|2|3|2|predatorK|4.31
STATE|6|2|3|2|pollinatorK|7.56
STATE|6|2|3|2|pestK|4.97
STATE|6|2|3|2|yield|3.06
STATE|6|2|3|2|canolaPoints|2.46
STATE|6|2|3|2|paymentPoints|1.97
STATE|6|2|3|2|ownedBy|0
STATE|6|2|3|2|village|3
STATE|6|2|3|2|shared?|true
STATE|6|2|3|3|length 0|3.15
STATE|6|2|3|3|hasGrass|false
STATE|6|2|3|3|hasCanola|false
STATE|6|2|3|3|hasFlower|false
STATE|6|2|3|3|soilQuality|6.52
STATE|6|2|3|3|grassCount|6.08
STATE|6|2|3|3|canolaCount|8.36
STATE|6|2|3|3|flowerCount|8.14
STATE|6|2|3|3|predatorCount|1.6
STATE|6|2|3|3|pollinatorCount|2.17
STATE|6|2|3|3|pestCount|0.36
STATE|6|2|3|3|predatorK|0.03
STATE|6|2|3|3|pollinatorK|1.25
STATE|6|2|3|3|pestK|3.38
STATE|6|2|3|3|yield|2.54
STATE|6|2|3|3|canolaPoints|6.42
STATE|6|2|3|3|paymentPoints|1.56
STATE|6|2|3|3|ownedBy|0
STATE|6|2|3|3|village|1
STATE|6|2|3|3|shared?|true
CHOICE|6|2|1|2|0|4|01:29:27.000 PM 28-Sep-2026
CHOICE|6|2|1|3|0|2|01:29:30.000 PM 28-Sep-2026
CHOICE|6|2|1|3|1|2|01:29:44.000 PM 28-Sep-2026
CONFIRM|6|2|1|01:29:59.000 PM 28-Sep-2026
CHOICE|6|2|2|3|0|3|01:30:00.000 PM 28-Sep-2026
CHOICE|6|2|2|3|2|2|01:30:04.000 PM 28-Sep-2026
CHOICE|6|2|2|2|1|4|01:30:14.000 PM 28-Sep-2026
CONFIRM|6|2|2|01:30:29.000 PM 28-Sep-2026
CHOICE|6|2|3|0|0|1|01:30:44.000 PM 28-Sep-2026
CONFIRM|6|2|3|01:30:45.000 PM 28-Sep-2026
CHOICE|6|2|4|0|0|2|01:30:48.000 PM 28-Sep-2026
CHOICE|6|2|4|2|1|3|01:31:03.000 PM 28-Sep-2026
CHOICE|6|2|4|0|1|4|01:31:07.000 PM 28-Sep-2026
CONFIRM|6|2|4|01:31:09.000 PM 28-Sep-2026
CHOICE|6|2|5|0|1|-99|01:31:13.000 PM 28-Sep-2026
CONFIRM|6|2|5|01:31:27.000 PM 28-Sep-2026
CHOICE|6|2|6|0|1|4|01:31:31.000 PM 28-Sep-2026
CONFIRM|6|2|6|01:31:44.000 PM 28-Sep-2026
CHOICE|6|2|7|0|0|4|01:31:59.000 PM 28-Sep-2026
CONFIRM|6|2|7|01:32:04.000 PM 28-Sep-2026
CHOICE|6|2|8|2|2|2|01:32:10.000 PM 28-Sep-2026
CHOICE|6|2|8|1|2|4|01:32:14.000 PM 28-Sep-2026
CHOICE|6|2|8|1|1|-99|01:32:25.000 PM 28-Sep-2026
CONFIRM|6|2|8|01:32:33.000 PM 28-Sep-2026
CHOICE|6|2|9|1|2|4|01:32:41.000 PM 28-Sep-2026
CONFIRM|6|2|9|01:32:53.000 PM 28-Sep-2026
CHOICE|6|2|10|3|0|3|01:32:56.000 PM 28-Sep-2026
CONFIRM|6|2|10|01:33:07.000 PM 28-Sep-2026
CHOICE|6|2|11|2|1|1|01:33:21.000 PM 28-Sep-2026
CONFIRM|6|2|11|01:33:35.000 PM 28-Sep-2026
CHOICE|6|2|12|3|0|2|01:33:39.000 PM 28-Sep-2026
CONFIRM|6|2|12|01:33:40.000 PM 28-Sep-2026
CHOICE|6|2|13|1|1|3|01:33:50.000 PM 28-Sep-2026
CHOICE|6|2|13|3|1|4|01:33:52.000 PM 28-Sep-2026
CHOICE|6|2|13|0|0|4|01:34:03.000 PM 28-Sep-2026
CONFIRM|6|2|13|01:34:18.000 PM 28-Sep-2026
CHOICE|6|2|14|0|0|1|01:34:22.000 PM 28-Sep-2026
CHOICE|6|2|14|1|0|1|01:34:23.000 PM 28-Sep-2026
CONFIRM|6|2|14|01:34:30.000 PM 28-Sep-2026
CHOICE|6|2|15|1|2|2|01:34:40.000 PM 28-Sep-2026
CHOICE|6|2|15|0|3|2|01:34:47.000 PM 28-Sep-2026
CHOICE|6|2|15|0|3|2|01:34:52.000 PM 28-Sep-2026
CONFIRM|6|2|15|01:35:00.000 PM 28-Sep-2026
CHOICE|6|2|16|3|2|2|01:35:07.000 PM 28-Sep-2026
CHOICE|6|2|16|1|0|1|01:35:16.000 PM 28-Sep-2026
CONFIRM|6|2|16|01:35:27.000 PM 28-Sep-2026
CHOICE|6|2|17|1|1|4|01:35:38.000 PM 28-Sep-2026
CHOICE|6|2|17|1|1|2|01:35:50.000 PM 28-Sep-2026
CHOICE|6|2|17|1|3|3|01:36:04.000 PM 28-Sep-2026
CONFIRM|6|2|17|01:36:08.000 PM 28-Sep-2026
CHOICE|6|2|18|0|2|1|01:36:22.000 PM 28-Sep-2026
CHOICE|6|2|18|2|2|4|01:36:34.000 PM 28-Sep-2026
CHOICE|6|2|18|2|2|3|01:36:41.000 PM 28-Sep-2026
CONFIRM|6|2|18|01:36:49.000 PM 28-Sep-2026
CHOICE|6|2|19|3|2|-99|01:37:02.000 PM 28-Sep-2026
CHOICE|6|2|19|2|1|-99|01:37:05.000 PM 28-Sep-2026
CONFIRM|6|2|19|01:37:08.000 PM 28-Sep-2026
CHOICE|6|2|20|3|0|2|01:37:10.000 PM 28-Sep-2026
CHOICE|6|2|20|1|1|2|01:37:23.000 PM 28-Sep-2026
CONFIRM|6|2|20|01:37:33.000 PM 28-Sep-2026
SCORE|6|2|1|11|37|7
SCORE|6|2|2|1|35|10
SCORE|6|2|3|7|40|20
SCORE|6|2|4|6|42|11
SCORE|6|2|5|16|26|19
SCORE|6|2|6|9|21|15
SCORE|6|2|7|4|47|15
SCORE|6|2|8|1|28|18
SCORE|6|2|9|18|25|9
SCORE|6|2|10|11|34|1
SCORE|6|2|11|7|39|15
SCORE|6|2|12|14|48|5
SCORE|6|2|13|10|36|2
SCORE|6|2|14|8|54|5
SCORE|6|2|15|16|37|7
SCORE|6|2|16|17|41|1
SCORE|6|2|17|6|45|3
SCORE|6|2|18|14|47|14
SCORE|6|2|19|1|11|7
SCORE|6|2|20|10|45|9
PHASE|phase-7-1|01:37:37.000 PM 28-Sep-2026
STATE|7|1|0|0|length 0|5.88
STATE|7|1|0|0|hasGrass|false
STATE|7|1|0|0|hasCanola|true
STATE|7|1|0|0|hasFlower|false
STATE|7|1|0|0|soilQuality|9.61
STATE|7|1|0|0|grassCount|2.11
STATE|7|1|0|0|canolaCount|5.29
STATE|7|1|0|0|flowerCount|5.45
STATE|7|1|0|0|predatorCount|5.27
STATE|7|1|0|0|pollinatorCount|2.23
STATE|7|1|0|0|pestCount|2.21
STATE|7|1|0|0|predatorK|7.26
STATE|7|1|0|0|pollinatorK|3.93
STATE|7|1|0|0|pestK|8.73
STATE|7|1|0|0|yield|7.35
STATE|7|1|0|0|canolaPoints|7.2
STATE|7|1|0|0|paymentPoints|9.86
STATE|7|1|0|0|ownedBy|3
STATE|7|1|0|0|village|1
STATE|7|1|0|0|shared?|true
STATE|7|1|0|1|length 0|1.45
STATE|7|1|0|1|hasGrass|false
STATE|7|1|0|1|hasCanola|false
STATE|7|1|0|1|hasFlower|false
STATE|7|1|0|1|soilQuality|3.59
STATE|7|1|0|1|grassCount|7.35
STATE|7|1|0|1|canolaCount|8.66
STATE|7|1|0|1|flowerCount|4.25
STATE|7|1|0|1|predatorCount|9.68
STATE|7|1|0|1|pollinatorCount|6.33
STATE|7|1|0|1|pestCount|8.09
STATE|7|1|0|1|predatorK|2.39
STATE|7|1|0|1|pollinatorK|3.75
STATE|7|1|0|1|pestK|4.9
STATE|7|1|0|1|yield|0.18
STATE|7|1|0|1|canolaPoints|4.72
STATE|7|1|0|1|paymentPoints|9.77
STATE|7|1|0|1|ownedBy|3
STATE|7|1|0|1|village|3
STATE|7|1|0|1|shared?|false
STATE|7|1|0|2|length 0|6.72
STATE|7|1|0|2|hasGrass|false
STATE|7|1|0|2|hasCanola|true
STATE|7|1|0|2|hasFlower|false
STATE|7|1|0|2|soilQuality|2.34
STATE|7|1|0|2|grassCount|4.82
STATE|7|1|0|2|canolaCount|4.55
STATE|7|1|0|2|flowerCount|1.4
STATE|7|1|0|2|predatorCount|7.58
STATE|7|1|0|2|pollinatorCount|9.75
STATE|7|1|0|2|pestCount|6.65
STATE|7|1|0|2|predatorK|5.45
STATE|7|1|0|2|pollinatorK|9.59
STATE|7|1|0|2|pestK|2.84
STATE|7|1|0|2|yield|1.52
STATE|7|1|0|2|canolaPoints|5.73
STATE|7|1|0|2|paymentPoints|0.77
STATE|7|1|0|2|ownedBy|2
STATE|7|1|0|2|village|0
STATE|7|1|0|2|shared?|true
STATE|7|1|0|3|length 0|7.23
STATE|7|1|0|3|hasGrass|false
STATE|7|1|0|3|hasCanola|true
STATE|7|1|0|3|hasFlower|true
STATE|7|1|0|3|soilQuality|0.69
STATE|7|1|0|3|grassCount|6.22
STATE|7|1|0|3|canolaCount|8.4
STATE|7|1|0|3|flowerCount|0.44
STATE|7|1|0|3|predatorCount|1.77
STATE|7|1|0|3|pollinatorCount|1.99
STATE|7|1|0|3|pestCount|6.98
STATE|7|1|0|3|predatorK|1.72
STATE|7|1|0|3|pollinatorK|1.5
STATE|7|1|0|3|pestK|9.76
STATE|7|1|0|3|yield|6.34
STATE|7|1|0|3|canolaPoints|9.56
STATE|7|1|0|3|paymentPoints|6.7
STATE|7|1|0|3|ownedBy|3
STATE|7|1|0|3|village|0
STATE|7|1|0|3|shared?|true
STATE|7|1|1|0|length 0|8.2
STATE|7|1|1|0|hasGrass|false
STATE|7|1|1|0|hasCanola|true
STATE|7|1|1|0|hasFlower|false
STATE|7|1|1|0|soilQuality|9.42
STATE|7|1|1|0|grassCount|9.89
STATE|7|1|1|0|canolaCount|6.54
STATE|7|1|1|0|flowerCount|4.1
STATE|7|1|1|0|predatorCount|3.52
STATE|7|1|1|0|pollinatorCount|3.54
STATE|7|1|1|0|pestCount|9.68
STATE|7|1|1|0|predatorK|6.0
STATE|7|1|1|0|pollinatorK|4.11
STATE|7|1|1|0|pestK|1.34
STATE|7|1|1|0|yield|0.65
STATE|7|1|1|0|canolaPoints|0.46
STATE|7|1|1|0|paymentPoints|8.47
STATE|7|1|1|0|ownedBy|1
STATE|7|1|1|0|village|3
STATE|7|1|1|0|shared?|false
STATE|7|1|1|1|length 0|1.7
STATE|7|1|1|1|hasGrass|true
STATE|7|1|1|1|hasCanola|false
STATE|7|1|1|1|hasFlower|false
STATE|7|1|1|1|soilQuality|6.65
STATE|7|1|1|1|grassCount|2.08
STATE|7|1|1|1|canolaCount|5.12
STATE|7|1|1|1|flowerCount|9.3
STATE|7|1|1|1|predatorCount|7.14
STATE|7|1|1|1|pollinatorCount|4.52
STATE|7|1|1|1|pestCount|8.92
STATE|7|1|1|1|predatorK|8.75
STATE|7|1|1|1|pollinatorK|7.06
STATE|7|1|1|1|pestK|0.38
STATE|7|1|1|1|yield|6.17
STATE|7|1|1|1|canolaPoints|7.88
STATE|7|1|1|1|paymentPoints|9.14
STATE|7|1|1|1|ownedBy|0
STATE|7|1|1|1|village|2
STATE|7|1|1|1|shared?|false
STATE|7|1|1|2|length 0|6.74
STATE|7|1|1|2|hasGrass|false
STATE|7|1|1|2|hasCanola|false
STATE|7|1|1|2|hasFlower|true
STATE|7|1|1|2|soilQuality|0.75
STATE|7|1|1|2|grassCount|6.33
STATE|7|1|1|2|canolaCount|4.52
STATE|7|1|1|2|flowerCount|5.64
STATE|7|1|1|2|predatorCount|1.57
STATE|7|1|1|2|pollinatorCount|1.91
STATE|7|1|1|2|pestCount|9.05
STATE|7|1|1|2|predatorK|7.28
STATE|7|1|1|2|pollinatorK|7.98
STATE|7|1|1|2|pestK|7.56
STATE|7|1|1|2|yield|7.13
STATE|7|1|1|2|canolaPoints|8.79
STATE|7|1|1|2|paymentPoints|0.31
STATE|7|1|1|2|ownedBy|1
STATE|7|1|1|2|village|3
STATE|7|1|1|2|shared?|true
STATE|7|1|1|3|length 0|7.54
STATE|7|1|1|3|hasGrass|false
STATE|7|1|1|3|hasCanola|false
STATE|7|1|1|3|hasFlower|true
STATE|7|1|1|3|soilQuality|6.31
STATE|7|1|1|3|grassCount|7.95
STATE|7|1|1|3|canolaCount|6.19
STATE|7|1|1|3|flowerCount|4.78
STATE|7|1|1|3|predatorCount|3.9
STATE|7|1|1|3|pollinatorCount|8.35
STATE|7|1|1|3|pestCount|4.0
STATE|7|1|1|3|predatorK|7.01
STATE|7|1|1|3|pollinatorK|3.74
STATE|7|1|1|3|pestK|7.61
STATE|7|1|1|3|yield|2.94
STATE|7|1|1|3|canolaPoints|3.46
STATE|7|1|1|3|paymentPoints|6.41
STATE|7|1|1|3|ownedBy|3
STATE|7|1|1|3|village|2
STATE|7|1|1|3|shared?|true
STATE|7|1|2|0|length 0|6.73
STATE|7|1|2|0|hasGrass|false
STATE|7|1|2|0|hasCanola|false
STATE|7|1|2|0|hasFlower|true
STATE|7|1|2|0|soilQuality|0.21
STATE|7|1|2|0|grassCount|1.16
STATE|7|1|2|0|canolaCount|8.81
STATE|7|1|2|0|flowerCount|6.44
STATE|7|1|2|0|predatorCount|5.43
STATE|7|1|2|0|pollinatorCount|2.14
STATE|7|1|2|0|pestCount|9.81
STATE|7|1|2|0|predatorK|6.64
STATE|7|1|2|0|pollinatorK|8.9
STATE|7|1|2|0|pestK|9.44
STATE|7|1|2|0|yield|5.76
STATE|7|1|2|0|canolaPoints|8.89
STATE|7|1|2|0|paymentPoints|5.77
STATE|7|1|2|0|ownedBy|2
STATE|7|1|2|0|village|0
STATE|7|1|2|0|shared?|false
STATE|7|1|2|1|length 0|8.16
STATE|7|1|2|1|hasGrass|false
STATE|7|1|2|1|hasCanola|false
STATE|7|1|2|1|hasFlower|false
STATE|7|1|2|1|soilQuality|5.46
STATE|7|1|2|1|grassCount|2.28
STATE|7|1|2|1|canolaCount|6.07
STATE|7|1|2|1|flowerCount|1.06
STATE|7|1|2|1|predatorCount|8.83
STATE|7|1|2|1|pollinatorCount|9.26
STATE|7|1|2|1|pestCount|2.97
STATE|7|1|2|1|predatorK|3.62
STATE|7|1|2|1|pollinatorK|3.28
STATE|7|1|2|1|pestK|5.02
STATE|7|1|2|1|yield|3.7
STATE|7|1|2|1|canolaPoints|2.57
STATE|7|1|2|1|paymentPoints|0.38
STATE|7|1|2|1|ownedBy|0
STATE|7|1|2|1|village|3
STATE|7|1|2|1|shared?|true
STATE|7|1|2|2|length 0|6.92
STATE|7|1|2|2|hasGrass|false
STATE|7|1|2|2|hasCanola|true
STATE|7|1|2|2|hasFlower|false
STATE|7|1|2|2|soilQuality|7.97
STATE|7|1|2|2|grassCount|5.64
STATE|7|1|2|2|canolaCount|4.58
STATE|7|1|2|2|flowerCount|1.98
STATE|7|1|2|2|predatorCount|7.2
STATE|7|1|2|2|pollinatorCount|3.85
STATE|7|1|2|2|pestCount|5.38
STATE|7|1|2|2|predatorK|5.74
STATE|7|1|2|2|pollinatorK|5.27
STATE|7|1|2|2|pestK|1.78
STATE|7|1|2|2|yield|5.89
STATE|7|1|2|2|canolaPoints|4.28
STATE|7|1|2|2|paymentPoints|3.42
STATE|7|1|2|2|ownedBy|0
STATE|7|1|2|2|village|2
STATE|7|1|2|2|shared?|false
STATE|7|1|2|3|length 0|4.07
STATE|7|1|2|3|hasGrass|true
STATE|7|1|2|3|hasCanola|false
STATE|7|1|2|3|hasFlower|false
STATE|7|1|2|3|soilQuality|2.98
STATE|7|1|2|3|grassCount|6.25
STATE|7|1|2|3|canolaCount|4.06
STATE|7|1|2|3|flowerCount|7.82
STATE|7|1|2|3|predatorCount|2.89
STATE|7|1|2|3|pollinatorCount|5.53
STATE|7|1|2|3|pestCount|2.24
STATE|7|1|2|3|predatorK|5.79
STATE|7|1|2|3|pollinatorK|2.81
STATE|7|1|2|3|pestK|0.59
STATE|7|1|2|3|yield|6.63
STATE|7|1|2|3|canolaPoints|3.04
STATE|7|1|2|3|paymentPoints|7.23
STATE|7|1|2|3|ownedBy|0
STATE|7|1|2|3|village|3
STATE|7|1|2|3|shared?|true
STATE|7|1|3|0|length 0|8.87
STATE|7|1|3|0|hasGrass|true
STATE|7|1|3|0|hasCanola|false
STATE|7|1|3|0|hasFlower|true
STATE|7|1|3|0|soilQuality|0.65
STATE|7|1|3|0|grassCount|5.5
STATE|7|1|3|0|canolaCount|9.65
STATE|7|1|3|0|flowerCount|2.93
STATE|7|1|3|0|predatorCount|8.93
STATE|7|1|3|0|pollinatorCount|9.77
STATE|7|1|3|0|pestCount|3.8
STATE|7|1|3|0|predatorK|0.68
STATE|7|1|3|0|pollinatorK|4.6
STATE|7|1|3|0|pestK|8.43
STATE|7|1|3|0|yield|3.76
STATE|7|1|3|0|canolaPoints|9.92
STATE|7|1|3|0|paymentPoints|2.74
STATE|7|1|3|0|ownedBy|0
STATE|7|1|3|0|village|1
STATE|7|1|3|0|shared?|true
STATE|7|1|3|1|length 0|2.14
STATE|7|1|3|1|hasGrass|true
STATE|7|1|3|1|hasCanola|false
STATE|7|1|3|1|hasFlower|false
STATE|7|1|3|1|soilQuality|8.92
STATE|7|1|3|1|grassCount|2.38
STATE|7|1|3|1|canolaCount|8.4
STATE|7|1|3|1|flowerCount|0.11
STATE|7|1|3|1|predatorCount|3.9
STATE|7|1|3|1|pollinatorCount|3.19
STATE|7|1|3|1|pestCount|4.97
STATE|7|1|3|1|predatorK|3.37
STATE|7|1|3|1|pollinatorK|3.57
STATE|7|1|3|1|pestK|4.28
STATE|7|1|3|1|yield|1.68
STATE|7|1|3|1|canolaPoints|2.12
STATE|7|1|3|1|paymentPoints|6.64
STATE|7|1|3|1|ownedBy|3
STATE|7|1|3|1|village|0
STATE|7|1|3|1|shared?|false
STATE|7|1|3|2|length 0|7.32
STATE|7|1|3|2|hasGrass|true
STATE|7|1|3|2|hasCanola|true
STATE|7|1|3|2|hasFlower|false
STATE|7|1|3|2|soilQuality|6.47
STATE|7|1|3|2|grassCount|9.69
STATE|7|1|3|2|canolaCount|8.61
STATE|7|1|3|2|flowerCount|8.52
STATE|7|1|3|2|predatorCount|7.4
STATE|7|1|3|2|pollinatorCount|1.72
STATE|7|1|3|2|pestCount|5.02
STATE|7|1|3|2|predatorK|7.74
STATE|7|1|3|2|pollinatorK|3.09
STATE|7|1|3|2|pestK|2.29
STATE|7|1|3|2|yield|8.15
STATE|7|1|3|2|canolaPoints|7.77
STATE|7|1|3|2|paymentPoints|5.53
STATE|7|1|3|2|ownedBy|1
STATE|7|1|3|2|village|3
STATE|7|1|3|2|shared?|true
STATE|7|1|3|3|length 0|4.03
STATE|7|1|3|3|hasGrass|false
STATE|7|1|3|3|hasCanola|true
STATE|7|1|3|3|hasFlower|true
STATE|7|1|3|3|soilQuality|9.46
STATE|7|1|3|3|grassCount|5.93
STATE|7|1|3|3|canolaCount|7.08
STATE|7|1|3|3|flowerCount|7.2
STATE|7|1|3|3|predatorCount|7.12
STATE|7|1|3|3|pollinatorCount|6.63
STATE|7|1|3|3|pestCount|4.72
STATE|7|1|3|3|predatorK|4.73
STATE|7|1|3|3|pollinatorK|8.4
STATE|7|1|3|3|pestK|0.93
STATE|7|1|3|3|yield|0.37
STATE|7|1|3|3|canolaPoints|6.98
STATE|7|1|3|3|paymentPoints|2.22
STATE|7|1|3|3|ownedBy|3
STATE|7|1|3|3|village|0
STATE|7|1|3|3|shared?|true
CHOICE|7|1|1|1|1|4|01:37:42.000 PM 28-Sep-2026
CHOICE|7|1|1|1|1|4|01:37:52.000 PM 28-Sep-2026
CHOICE|7|1|1|2|0|-99|01:38:07.000 PM 28-Sep-2026
CONFIRM|7|1|1|01:38:14.000 PM 28-Sep-2026
CHOICE|7|1|2|2|1|2|01:38:29.000 PM 28-Sep-2026
CONFIRM|7|1|2|01:38:31.000 PM 28-Sep-2026
CHOICE|7|1|3|3|0|-99|01:38:32.000 PM 28-Sep-2026
CHOICE|7|1|3|0|3|1|01:38:45.000 PM 28-Sep-2026
CHOICE|7|1|3|0|3|1|01:38:54.000 PM 28-Sep-2026
CONFIRM|7|1|3|01:39:08.000 PM 28-Sep-2026
CHOICE|7|1|4|3|2|1|01:39:19.000 PM 28-Sep-2026
CHOICE|7|1|4|3|2|2|01:39:29.000 PM 28-Sep-2026
CONFIRM|7|1|4|01:39:37.000 PM 28-Sep-2026
CHOICE|7|1|5|1|0|1|01:39:38.000 PM 28-Sep-2026
CHOICE|7|1|5|1|3|2|01:39:41.000 PM 28-Sep-2026
CHOICE|7|1|5|3|0|2|01:39:43.000 PM 28-Sep-2026
CONFIRM|7|1|5|01:39:54.000 PM 28-Sep-2026
CHOICE|7|1|6|0|3|1|01:40:06.000 PM 28-Sep-2026
CHOICE|7|1|6|2|0|3|01:40:15.000 PM 28-Sep-2026
CONFIRM|7|1|6|01:40:23.000 PM 28-Sep-2026
CHOICE|7|1|7|3|3|4|01:40:26.000 PM 28-Sep-2026
CHOICE|7|1|7|2|1|4|01:40:37.000 PM 28-Sep-2026
CHOICE|7|1|7|3|1|4|01:40:51.000 PM 28-Sep-2026
CONFIRM|7|1|7|01:41:00.000 PM 28-Sep-2026
CHOICE|7|1|8|2|0|4|01:41:02.000 PM 28-Sep-2026
CONFIRM|7|1|8|01:41:12.000 PM 28-Sep-2026
CHOICE|7|1|9|0|1|1|01:41:19.000 PM 28-Sep-2026
CONFIRM|7|1|9|01:41:23.000 PM 28-Sep-2026
CHOICE|7|1|10|1|2|2|01:41:36.000 PM 28-Sep-2026
CONFIRM|7|1|10|01:41:48.000 PM 28-Sep-2026
CHOICE|7|1|11|0|3|1|01:42:03.000 PM 28-Sep-2026
CHOICE|7|1|11|2|3|4|01:42:17.000 PM 28-Sep-2026
CONFIRM|7|1|11|01:42:28.000 PM 28-Sep-2026
CHOICE|7|1|12|0|2|2|01:42:42.000 PM 28-Sep-2026
CONFIRM|7|1|12|01:42:44.000 PM 28-Sep-2026
CHOICE|7|1|13|2|2|3|01:42:58.000 PM 28-Sep-2026
CONFIRM|7|1|13|01:43:05.000 PM 28-Sep-2026
CHOICE|7|1|14|0|2|3|01:43:12.000 PM 28-Sep-2026
CHOICE|7|1|14|2|1|1|01:43:24.000 PM 28-Sep-2026
CONFIRM|7|1|14|01:43:30.000 PM 28-Sep-2026
CHOICE|7|1|15|3|3|4|01:43:45.000 PM 28-Sep-2026
CONFIRM|7|1|15|01:43:51.000 PM 28-Sep-2026
CHOICE|7|1|16|2|1|1|01:44:03.000 PM 28-Sep-2026
CHOICE|7|1|16|3|0|3|01:44:11.000 PM 28-Sep-2026
CHOICE|7|1|16|3|1|2|01:44:16.000 PM 28-Sep-2026
CONFIRM|7|1|16|01:44:25.000 PM 28-Sep-2026
CHOICE|7|1|17|0|2|2|01:44:32.000 PM 28-Sep-2026
CHOICE|7|1|17|1|2|2|01:44:34.000 PM 28-Sep-2026
CHOICE|7|1|17|2|2|4|01:44:49.000 PM 28-Sep-2026
CONFIRM|7|1|17|01:44:51.000 PM 28-Sep-2026
CHOICE|7|1|18|1|1|2|01:45:02.000 PM 28-Sep-2026
CHOICE|7|1|18|2|2|1|01:45:05.000 PM 28-Sep-2026
CHOICE|7|1|18|2|2|4|01:45:16.000 PM 28-Sep-2026
CONFIRM|7|1|18|01:45:18.000 PM 28-Sep-2026
CHOICE|7|1|19|1|3|3|01:45:26.000 PM 28-Sep-2026
CONFIRM|7|1|19|01:45:27.000 PM 28-Sep-2026
CHOICE|7|1|20|3|0|4|01:45:33.000 PM 28-Sep-2026
CHOICE|7|1|20|1|3|2|01:45:36.000 PM 28-Sep-2026
CONFIRM|7|1|20|01:45:48.000 PM 28-Sep-2026
SCORE|7|1|1|19|30|11
SCORE|7|1|2|8|12|1
SCORE|7|1|3|15|46|18
SCORE|7|1|4|13|60|4
SCORE|7|1|5|0|44|11
SCORE|7|1|6|7|10|2
SCORE|7|1|7|1|42|18
SCORE|7|1|8|12|49|2
SCORE|7|1|9|3|6|2
SCORE|7|1|10|9|21|12
SCORE|7|1|11|7|34|3
SCORE|7|1|12|15|56|5
SCORE|7|1|13|18|21|2
SCORE|7|1|14|11|22|7
SCORE|7|1|15|12|50|5
SCORE|7|1|16|0|21|8
SCORE|7|1|17|14|18|15
SCORE|7|1|18|18|30|11
SCORE|7|1|19|6|51|14
SCORE|7|1|20|5|25|19
PHASE|phase-7-2|01:45:49.000 PM 28-Sep-2026
STATE|7|2|0|0|length 0|8.76
STATE|7|2|0|0|hasGrass|true
STATE|7|2|0|0|hasCanola|true
STATE|7|2|0|0|hasFlower|false
STATE|7|2|0|0|soilQuality|8.96
STATE|7|2|0|0|grassCount|4.16
STATE|7|2|0|0|canolaCount|0.97
STATE|7|2|0|0|flowerCount|6.1
STATE|7|2|0|0|predatorCount|5.82
STATE|7|2|0|0|pollinatorCount|5.12
STATE|7|2|0|0|pestCount|7.44
STATE|7|2|0|0|predatorK|0.8
STATE|7|2|0|0|pollinatorK|9.04
STATE|7|2|0|0|pestK|9.39
STATE|7|2|0|0|yield|3.39
STATE|7|2|0|0|canolaPoints|5.28
STATE|7|2|0|0|paymentPoints|7.19
STATE|7|2|0|0|ownedBy|3
STATE|7|2|0|0|village|2
STATE|7|2|0|0|shared?|true
STATE|7|2|0|1|length 0|7.83
STATE|7|2|0|1|hasGrass|false
STATE|7|2|0|1|hasCanola|false
STATE|7|2|0|1|hasFlower|true
STATE|7|2|0|1|soilQuality|4.47
STATE|7|2|0|1|grassCount|9.53
STATE|7|2|0|1|canolaCount|3.26
STATE|7|2|0|1|flowerCount|1.04
STATE|7|2|0|1|predatorCount|9.87
STATE|7|2|0|1|pollinatorCount|9.98
STATE|7|2|0|1|pestCount|9.66
STATE|7|2|0|1|predatorK|8.28
STATE|7|2|0|1|pollinatorK|3.4
STATE|7|2|0|1|pestK|0.56
STATE|7|2|0|1|yield|7.37
STATE|7|2|0|1|canolaPoints|9.15
STATE|7|2|0|1|paymentPoints|1.75
STATE|7|2|0|1|ownedBy|2
STATE|7|2|0|1|village|1
STATE|7|2|0|1|shared?|false
STATE|7|2|0|2|length 0|4.78
STATE|7|2|0|2|hasGrass|false
STATE|7|2|0|2|hasCanola|false
STATE|7|2|0|2|hasFlower|false
STATE|7|2|0|2|soilQuality|6.44
STATE|7|2|0|2|grassCount|2.5
STATE|7|2|0|2|canolaCount|3.23
STATE|7|2|0|2|flowerCount|6.09
STATE|7|2|0|2|predatorCount|4.33
STATE|7|2|0|2|pollinatorCount|7.01
STATE|7|2|0|2|pestCount|8.34
STATE|7|2|0|2|predatorK|7.04
STATE|7|2|0|2|pollinatorK|7.98
STATE|7|2|0|2|pestK|7.19
STATE|7|2|0|2|yield|6.58
STATE|7|2|0|2|canolaPoints|1.34
STATE|7|2|0|2|paymentPoints|6.91
STATE|7|2|0|2|ownedBy|2
STATE|7|2|0|2|village|0
STATE|7|2|0|2|shared?|false
STATE|7|2|0|3|length 0|8.22
STATE|7|2|0|3|hasGrass|true
STATE|7|2|0|3|hasCanola|true
STATE|7|2|0|3|hasFlower|true
STATE|7|2|0|3|soilQuality|6.17
STATE|7|2|0|3|grassCount|4.23
STATE|7|2|0|3|canolaCount|5.27
STATE|7|2|0|3|flowerCount|2.72
STATE|7|2|0|3|predatorCount|1.13
STATE|7|2|0|3|pollinatorCount|3.0
STATE|7|2|0|3|pestCount|0.33
STATE|7|2|0|3|predatorK|1.86
STATE|7|2|0|3|pollinatorK|9.67
STATE|7|2|0|3|pestK|1.76
STATE|7|2|0|3|yield|1.29
STATE|7|2|0|3|canolaPoints|7.69
STATE|7|2|0|3|paymentPoints|1.89
STATE|7|2|0|3|ownedBy|2
STATE|7|2|0|3|village|2
STATE|7|2|0|3|shared?|false
STATE|7|2|1|0|length 0|8.29
STATE|7|2|1|0|hasGrass|true
STATE|7|2|1|0|hasCanola|true
STATE|7|2|1|0|hasFlower|true
STATE|7|2|1|0|soilQuality|4.78
STATE|7|2|1|0|grassCount|2.19
STATE|7|2|1|0|canolaCount|3.89
STATE|7|2|1|0|flowerCount|7.36
STATE|7|2|1|0|predatorCount|1.88
STATE|7|2|1|0|pollinatorCount|6.87
STATE|7|2|1|0|pestCount|4.81
STATE|7|2|1|0|predatorK|2.06
STATE|7|2|1|0|pollinatorK|7.86
STATE|7|2|1|0|pestK|4.17
STATE|7|2|1|0|yield|2.75
STATE|7|2|1|0|canolaPoints|1.13
STATE|7|2|1|0|paymentPoints|7.85
STATE|7|2|1|0|ownedBy|1
STATE|7|2|1|0|village|2
STATE|7|2|1|0|shared?|false
STATE|7|2|1|1|length 0|6.55
STATE|7|2|1|1|hasGrass|false
STATE|7|2|1|1|hasCanola|true
STATE|7|2|1|1|hasFlower|true
STATE|7|2|1|1|soilQuality|6.69
STATE|7|2|1|1|grassCount|4.83
STATE|7|2|1|1|canolaCount|4.78
STATE|7|2|1|1|flowerCount|8.16
STATE|7|2|1|1|predatorCount|0.71
STATE|7|2|1|1|pollinatorCount|9.12
STATE|7|2|1|1|pestCount|9.16
STATE|7|2|1|1|predatorK|3.61
STATE|7|2|1|1|pollinatorK|7.87
STATE|7|2|1|1|pestK|2.94
STATE|7|2|1|1|yield|3.71
STATE|7|2|1|1|canolaPoints|5.27
STATE|7|2|1|1|paymentPoints|0.66
STATE|7|2|1|1|ownedBy|3
STATE|7|2|1|1|village|1
STATE|7|2|1|1|shared?|true
STATE|7|2|1|2|length 0|7.79
STATE|7|2|1|2|hasGrass|false
STATE|7|2|1|2|hasCanola|true
STATE|7|2|1|2|hasFlower|false
STATE|7|2|1|2|soilQuality|9.32
STATE|7|2|1|2|grassCount|8.51
STATE|7|2|1|2|canolaCount|0.95
STATE|7|2|1|2|flowerCount|3.77
STATE|7|2|1|2|predatorCount|3.42
STATE|7|2|1|2|pollinatorCount|2.49
STATE|7|2|1|2|pestCount|9.05
STATE|7|2|1|2|predatorK|9.53
STATE|7|2|1|2|pollinatorK|9.34
STATE|7|2|1|2|pestK|3.67
STATE|7|2|1|2|yield|0.83
STATE|7|2|1|2|canolaPoints|4.28
STATE|7|2|1|2|paymentPoints|8.06
STATE|7|2|1|2|ownedBy|2
STATE|7|2|1|2|village|3
STATE|7|2|1|2|shared?|true
STATE|7|2|1|3|length 0|3.68
STATE|7|2|1|3|hasGrass|true
STATE|7|2|1|3|hasCanola|true
STATE|7|2|1|3|hasFlower|true
STATE|7|2|1|3|soilQuality|6.74
STATE|7|2|1|3|grassCount|3.38
STATE|7|2|1|3|canolaCount|6.93
STATE|7|2|1|3|flowerCount|0.27
STATE|7|2|1|3|predatorCount|3.13
STATE|7|2|1|3|pollinatorCount|4.3
STATE|7|2|1|3|pestCount|5.54
STATE|7|2|1|3|predatorK|0.26
STATE|7|2|1|3|pollinatorK|1.46
STATE|7|2|1|3|pestK|5.18
STATE|7|2|1|3|yield|7.4
STATE|7|2|1|3|canolaPoints|2.55
STATE|7|2|1|3|paymentPoints|9.24
STATE|7|2|1|3|ownedBy|2
STATE|7|2|1|3|village|1
STATE|7|2|1|3|shared?|true
STATE|7|2|2|0|length 0|9.53
STATE|7|2|2|0|hasGrass|true
STATE|7|2|2|0|hasCanola|false
STATE|7|2|2|0|hasFlower|false
STATE|7|2|2|0|soilQuality|9.38
STATE|7|2|2|0|grassCount|5.51
STATE|7|2|2|0|canolaCount|4.77
STATE|7|2|2|0|flowerCount|3.54
STATE|7|2|2|0|predatorCount|6.67
STATE|7|2|2|0|pollinatorCount|4.45
STATE|7|2|2|0|pestCount|3.09
STATE|7|2|2|0|predatorK|4.35
STATE|7|2|2|0|pollinatorK|7.33
STATE|7|2|2|0|pestK|8.64
STATE|7|2|2|0|yield|3.06
STATE|7|2|2|0|canolaPoints|0.53
STATE|7|2|2|0|paymentPoints|8.18
STATE|7|2|2|0|ownedBy|3
STATE|7|2|2|0|village|2
STATE|7|2|2|0|shared?|false
STATE|7|2|2|1|length 0|2.65
STATE|7|2|2|1|hasGrass|false
STATE|7|2|2|1|hasCanola|true
STATE|7|2|2|1|hasFlower|false
STATE|7|2|2|1|soilQuality|0.73
STATE|7|2|2|1|grassCount|6.32
STATE|7|2|2|1|canolaCount|7.08
STATE|7|2|2|1|flowerCount|4.02
STATE|7|2|2|1|predatorCount|4.13
STATE|7|2|2|1|pollinatorCount|5.78
STATE|7|2|2|1|pestCount|1.49
STATE|7|2|2|1|predatorK|3.31
STATE|7|2|2|1|pollinatorK|8.13
STATE|7|2|2|1|pestK|5.07
STATE|7|2|2|1|yield|0.43
STATE|7|2|2|1|canolaPoints|0.23
STATE|7|2|2|1|paymentPoints|2.94
STATE|7|2|2|1|ownedBy|3
STATE|7|2|2|1|village|0
STATE|7|2|2|1|shared?|false
STATE|7|2|2|2|length 0|4.23
STATE|7|2|2|2|hasGrass|false
STATE|7|2|2|2|hasCanola|false
STATE|7|2|2|2|hasFlower|false
STATE|7|2|2|2|soilQuality|4.61
STATE|7|2|2|2|grassCount|5.08
STATE|7|2|2|2|canolaCount|7.28
STATE|7|2|2|2|flowerCount|5.52
STATE|7|2|2|2|predatorCount|9.2
STATE|7|2|2|2|pollinatorCount|2.8
STATE|7|2|2|2|pestCount|7.22
STATE|7|2|2|2|predatorK|8.1
STATE|7|2|2|2|pollinatorK|2.32
STATE|7|2|2|2|pestK|0.28
STATE|7|2|2|2|yield|1.95
STATE|7|2|2|2|canolaPoints|9.87
STATE|7|2|2|2|paymentPoints|2.06
STATE|7|2|2|2|ownedBy|1
STATE|7|2|2|2|village|0
STATE|7|2|2|2|shared?|true
STATE|7|2|2|3|length 0|3.98
STATE|7|2|2|3|hasGrass|false
STATE|7|2|2|3|hasCanola|false
STATE|7|2|2|3|hasFlower|false
STATE|7|2|2|3|soilQuality|7.95
STATE|7|2|2|3|grassCount|7.49
STATE|7|2|2|3|canolaCount|9.75
STATE|7|2|2|3|flowerCount|4.06
STATE|7|2|2|3|predatorCount|6.88
STATE|7|2|2|3|pollinatorCount|7.28
STATE|7|2|2|3|pestCount|3.38
STATE|7|2|2|3|predatorK|2.98
STATE|7|2|2|3|pollinatorK|9.45
STATE|7|2|2|3|pestK|8.29
STATE|7|2|2|3|yield|4.15
STATE|7|2|2|3|canolaPoints|6.0
STATE|7|2|2|3|paymentPoints|7.6
STATE|7|2|2|3|ownedBy|0
STATE|7|2|2|3|village|2
STATE|7|2|2|3|shared?|false
STATE|7|2|3|0|length 0|9.35
STATE|7|2|3|0|hasGrass|true
STATE|7|2|3|0|hasCanola|false
STATE|7|2|3|0|hasFlower|true
STATE|7|2|3|0|soilQuality|5.25
STATE|7|2|3|0|grassCount|0.05
STATE|7|2|3|0|canolaCount|6.93
STATE|7|2|3|0|flowerCount|0.48
STATE|7|2|3|0|predatorCount|8.0
STATE|7|2|3|0|pollinatorCount|7.87
STATE|7|2|3|0|pestCount|5.69
STATE|7|2|3|0|predatorK|0.75
STATE|7|2|3|0|pollinatorK|1.69
STATE|7|2|3|0|pestK|9.63
STATE|7|2|3|0|yield|1.21
STATE|7|2|3|0|canolaPoints|1.88
STATE|7|2|3|0|paymentPoints|8.95
STATE|7|2|3|0|ownedBy|0
STATE|7|2|3|0|village|3
STATE|7|2|3|0|shared?|true
STATE|7|2|3|1|length 0|5.35
STATE|7|2|3|1|hasGrass|true
STATE|7|2|3|1|hasCanola|false
STATE|7|2|3|1|hasFlower|false
STATE|7|2|3|1|soilQuality|1.1
STATE|7|2|3|1|grassCount|8.15
STATE|7|2|3|1|canolaCount|5.54
STATE|7|2|3|1|flowerCount|3.43
STATE|7|2|3|1|predatorCount|5.92
STATE|7|2|3|1|pollinatorCount|9.81
STATE|7|2|3|1|pestCount|9.57
STATE|7|2|3|1|predatorK|1.8
STATE|7|2|3|1|pollinatorK|7.03
STATE|7|2|3|1|pestK|1.3
STATE|7|2|3|1|yield|3.89
STATE|7|2|3|1|canolaPoints|9.88
STATE|7|2|3|1|paymentPoints|7.9
STATE|7|2|3|1|ownedBy|2
STATE|7|2|3|1|village|0
STATE|7|2|3|1|shared?|true
STATE|7|2|3|2|length 0|1.7
STATE|7|2|3|2|hasGrass|true
STATE|7|2|3|2|hasCanola|true
STATE|7|2|3|2|hasFlower|true
STATE|7|2|3|2|soilQuality|0.37
STATE|7|2|3|2|grassCount|6.64
STATE|7|2|3|2|canolaCount|6.11
STATE|7|2|3|2|flowerCount|10.0
STATE|7|2|3|2|predatorCount|0.54
STATE|7|2|3|2|pollinatorCount|8.6
STATE|7|2|3|2|pestCount|3.45
STATE|7|2|3|2|predatorK|9.92
STATE|7|2|3|2|pollinatorK|4.66
STATE|7|2|3|2|pestK|1.08
STATE|7|2|3|2|yield|4.3
STATE|7|2|3|2|canolaPoints|6.62
STATE|7|2|3|2|paymentPoints|0.17
STATE|7|2|3|2|ownedBy|3
STATE|7|2|3|2|village|1
STATE|7|2|3|2|shared?|false
STATE|7|2|3|3|length 0|4.14
STATE|7|2|3|3|hasGrass|true
STATE|7|2|3|3|hasCanola|true
STATE|7|2|3|3|hasFlower|false
STATE|7|2|3|3|soilQuality|0.74
STATE|7|2|3|3|grassCount|9.78
STATE|7|2|3|3|canolaCount|3.32
STATE|7|2|3|3|flowerCount|4.43
STATE|7|2|3|3|predatorCount|0.36
STATE|7|2|3|3|pollinatorCount|1.05
STATE|7|2|3|3|pestCount|4.62
STATE|7|2|3|3|predatorK|3.83
STATE|7|2|3|3|pollinatorK|4.18
STATE|7|2|3|3|pestK|0.18
STATE|7|2|3|3|yield|6.78
STATE|7|2|3|3|canolaPoints|1.59
STATE|7|2|3|3|paymentPoints|8.65
STATE|7|2|3|3|ownedBy|3
STATE|7|2|3|3|village|1
STATE|7|2|3|3|shared?|false
CHOICE|7|2|1|3|0|2|01:46:03.000 PM 28-Sep-2026
CONFIRM|7|2|1|01:46:17.000 PM 28-Sep-2026
CHOICE|7|2|2|2|1|4|01:46:18.000 PM 28-Sep-2026
CONFIRM|7|2|2|01:46:24.000 PM 28-Sep-2026
CHOICE|7|2|3|2|1|4|01:46:25.000 PM 28-Sep-2026
CONFIRM|7|2|3|01:46:30.000 PM 28-Sep-2026
CHOICE|7|2|4|3|0|2|01:46:35.000 PM 28-Sep-2026
CONFIRM|7|2|4|01:46:45.000 PM 28-Sep-2026
CHOICE|7|2|5|1|2|2|01:46:51.000 PM 28-Sep-2026
CHOICE|7|2|5|1|2|1|01:46:57.000 PM 28-Sep-2026
CHOICE|7|2|5|1|1|4|01:47:08.000 PM 28-Sep-2026
CONFIRM|7|2|5|01:47:17.000 PM 28-Sep-2026
CHOICE|7|2|6|3|3|1|01:47:25.000 PM 28-Sep-2026
CHOICE|7|2|6|0|0|3|01:47:34.000 PM 28-Sep-2026
CHOICE|7|2|6|0|0|-99|01:47:49.000 PM 28-Sep-2026
CONFIRM|7|2|6|01:47:57.000 PM 28-Sep-2026
CHOICE|7|2|7|2|0|3|01:48:06.000 PM 28-Sep-2026
CHOICE|7|2|7|2|0|3|01:48:14.000 PM 28-Sep-2026
CONFIRM|7|2|7|01:48:21.000 PM 28-Sep-2026
CHOICE|7|2|8|0|3|4|01:48:32.000 PM 28-Sep-2026
CHOICE|7|2|8|0|3|1|01:48:44.000 PM 28-Sep-2026
CHOICE|7|2|8|0|1|3|01:48:53.000 PM 28-Sep-2026
CONFIRM|7|2|8|01:49:00.000 PM 28-Sep-2026
CHOICE|7|2|9|1|0|2|01:49:09.000 PM 28-Sep-2026
CONFIRM|7|2|9|01:49:10.000 PM 28-Sep-2026
CHOICE|7|2|10|2|0|4|01:49:24.000 PM 28-Sep-2026
CHOICE|7|2|10|2|3|1|01:49:39.000 PM 28-Sep-2026
CHOICE|7|2|10|2|3|1|01:49:47.000 PM 28-Sep-2026
CONFIRM|7|2|10|01:49:57.000 PM 28-Sep-2026
CHOICE|7|2|11|3|3|4|01:49:58.000 PM 28-Sep-2026
CHOICE|7|2|11|1|3|-99|01:50:01.000 PM 28-Sep-2026
CHOICE|7|2|11|1|3|2|01:50:16.000 PM 28-Sep-2026
CONFIRM|7|2|11|01:50:21.000 PM 28-Sep-2026
CHOICE|7|2|12|1|0|1|01:50:31.000 PM 28-Sep-2026
CHOICE|7|2|12|2|0|1|01:50:45.000 PM 28-Sep-2026
CHOICE|7|2|12|1|2|3|01:50:57.000 PM 28-Sep-2026
CONFIRM|7|2|12|01:50:58.000 PM 28-Sep-2026
CHOICE|7|2|13|1|0|4|01:51:03.000 PM 28-Sep-2026
CHOICE|7|2|13|2|1|2|01:51:07.000 PM 28-Sep-2026
CONFIRM|7|2|13|01:51:20.000 PM 28-Sep-2026
CHOICE|7|2|14|3|2|2|01:51:35.000 PM 28-Sep-2026
CONFIRM|7|2|14|01:51:38.000 PM 28-Sep-2026
CHOICE|7|2|15|2|0|3|01:51:48.000 PM 28-Sep-2026
CHOICE|7|2|15|2|0|1|01:52:03.000 PM 28-Sep-2026
CONFIRM|7|2|15|01:52:04.000 PM 28-Sep-2026
CHOICE|7|2|16|0|0|2|01:52:17.000 PM 28-Sep-2026
CHOICE|7|2|16|0|0|3|01:52:20.000 PM 28-Sep-2026
CHOICE|7|2|16|1|3|-99|01:52:21.000 PM 28-Sep-2026
CONFIRM|7|2|16|01:52:36.000 PM 28-Sep-2026
CHOICE|7|2|17|0|1|2|01:52:40.000 PM 28-Sep-2026
CHOICE|7|2|17|0|1|3|01:52:48.000 PM 28-Sep-2026
CONFIRM|7|2|17|01:52:56.000 PM 28-Sep-2026
CHOICE|7|2|18|3|2|1|01:53:07.000 PM 28-Sep-2026
CONFIRM|7|2|18|01:53:08.000 PM 28-Sep-2026
CHOICE|7|2|19|1|1|4|01:53:18.000 PM 28-Sep-2026
CHOICE|7|2|19|2|2|4|01:53:21.000 PM 28-Sep-2026
CONFIRM|7|2|19|01:53:25.000 PM 28-Sep-2026
CHOICE|7|2|20|0|3|-99|01:53:34.000 PM 28-Sep-2026
CHOICE|7|2|20|0|3|4|01:53:44.000 PM 28-Sep-2026
CONFIRM|7|2|20|01:53:51.000 PM 28-Sep-2026
SCORE|7|2|1|1|43|8
SCORE|7|2|2|13|40|11
SCORE|7|2|3|10|18|4
SCORE|7|2|4|6|14|14
SCORE|7|2|5|0|47|11
SCORE|7|2|6|15|16|19
SCORE|7|2|7|16|20|9
SCORE|7|2|8|9|45|14
SCORE|7|2|9|2|31|19
SCORE|7|2|10|2|19|1
SCORE|7|2|11|0|8|12
SCORE|7|2|12|6|44|11
SCORE|7|2|13|16|63|18
SCORE|7|2|14|18|44|18
SCORE|7|2|15|2|22|0
SCORE|7|2|16|7|7|20
SCORE|7|2|17|6|36|11
SCORE|7|2|18|4|42|1
SCORE|7|2|19|1|11|1
SCORE|7|2|20|19|46|9
PHASE|phase-8-1|01:53:55.000 PM 28-Sep-2026
STATE|8|1|0|0|length 0|0.94
STATE|8|1|0|0|hasGrass|true
STATE|8|1|0|0|hasCanola|false
STATE|8|1|0|0|hasFlower|false
STATE|8|1|0|0|soilQuality|2.33
STATE|8|1|0|0|grassCount|3.77
STATE|8|1|0|0|canolaCount|7.89
STATE|8|1|0|0|flowerCount|7.64
STATE|8|1|0|0|predatorCount|2.73
STATE|8|1|0|0|pollinatorCount|5.17
STATE|8|1|0|0|pestCount|0.17
STATE|8|1|0|0|predatorK|7.69
STATE|8|1|0|0|pollinatorK|0.09
STATE|8|1|0|0|pestK|1.93
STATE|8|1|0|0|yield|4.23
STATE|8|1|0|0|canolaPoints|1.47
STATE|8|1|0|0|paymentPoints|3.19
STATE|8|1|0|0|ownedBy|0
STATE|8|1|0|0|village|3
STATE|8|1|0|0|shared?|false
STATE|8|1|0|1|length 0|3.85
STATE|8|1|0|1|hasGrass|true
STATE|8|1|0|1|hasCanola|true
STATE|8|1|0|1|hasFlower|false
STATE|8|1|0|1|soilQuality|3.33
STATE|8|1|0|1|grassCount|2.75
STATE|8|1|0|1|canolaCount|8.11
STATE|8|1|0|1|flowerCount|5.74
STATE|8|1|0|1|predatorCount|4.49
STATE|8|1|0|1|pollinatorCount|5.1
STATE|8|1|0|1|pestCount|6.7
STATE|8|1|0|1|predatorK|7.1
STATE|8|1|0|1|pollinatorK|1.46
STATE|8|1|0|1|pestK|1.73
STATE|8|1|0|1|yield|2.82
STATE|8|1|0|1|canolaPoints|1.81
STATE|8|1|0|1|paymentPoints|8.78
STATE|8|1|0|1|ownedBy|0
STATE|8|1|0|1|village|2
STATE|8|1|0|1|shared?|true
STATE|8|1|0|2|length 0|0.05
STATE|8|1|0|2|hasGrass|true
STATE|8|1|0|2|hasCanola|false
STATE|8|1|0|2|hasFlower|false
STATE|8|1|0|2|soilQuality|9.61
STATE|8|1|0|2|grassCount|7.19
STATE|8|1|0|2|canolaCount|9.76
STATE|8|1|0|2|flowerCount|7.08
STATE|8|1|0|2|predatorCount|9.31
STATE|8|1|0|2|pollinatorCount|2.89
STATE|8|1|0|2|pestCount|9.34
STATE|8|1|0|2|predatorK|4.57
STATE|8|1|0|2|pollinatorK|0.04
STATE|8|1|0|2|pestK|0.67
STATE|8|1|0|2|yield|0.37
STATE|8|1|0|2|canolaPoints|2.33
STATE|8|1|0|2|paymentPoints|4.48
STATE|8|1|0|2|ownedBy|3
STATE|8|1|0|2|village|2
STATE|8|1|0|2|shared?|true
STATE|8|1|0|3|length 0|4.97
STATE|8|1|0|3|hasGrass|true
STATE|8|1|0|3|hasCanola|true
STATE|8|1|0|3|hasFlower|false
STATE|8|1|0|3|soilQuality|4.99
STATE|8|1|0|3|grassCount|3.25
STATE|8|1|0|3|canolaCount|6.14
STATE|8|1|0|3|flowerCount|7.42
STATE|8|1|0|3|predatorCount|7.56
STATE|8|1|0|3|pollinatorCount|2.67
STATE|8|1|0|3|pestCount|3.95
STATE|8|1|0|3|predatorK|6.82
STATE|8|1|0|3|pollinatorK|3.1
STATE|8|1|0|3|pestK|8.45
STATE|8|1|0|3|yield|9.46
STATE|8|1|0|3|canolaPoints|8.42
STATE|8|1|0|3|paymentPoints|0.44
STATE|8|1|0|3|ownedBy|3
STATE|8|1|0|3|village|3
STATE|8|1|0|3|shared?|true
STATE|8|1|1|0|length 0|7.81
STATE|8|1|1|0|hasGrass|false
STATE|8|1|1|0|hasCanola|false
STATE|8|1|1|0|hasFlower|false
STATE|8|1|1|0|soilQuality|7.7
STATE|8|1|1|0|grassCount|9.1
STATE|8|1|1|0|canolaCount|6.17
STATE|8|1|1|0|flowerCount|5.5
STATE|8|1|1|0|predatorCount|5.73
STATE|8|1|1|0|pollinatorCount|0.63
STATE|8|1|1|0|pestCount|2.81
STATE|8|1|1|0|predatorK|3.78
STATE|8|1|1|0|pollinatorK|6.11
STATE|8|1|1|0|pestK|9.95
STATE|8|1|1|0|yield|0.22
STATE|8|1|1|0|canolaPoints|6.59
STATE|8|1|1|0|paymentPoints|7.64
STATE|8|1|1|0|ownedBy|2
STATE|8|1|1|0|village|0
STATE|8|1|1|0|shared?|true
STATE|8|1|1|1|length 0|4.31
STATE|8|1|1|1|hasGrass|false
STATE|8|1|1|1|hasCanola|false
STATE|8|1|1|1|hasFlower|true
STATE|8|1|1|1|soilQuality|1.63
STATE|8|1|1|1|grassCount|5.59
STATE|8|1|1|1|canolaCount|9.74
STATE|8|1|1|1|flowerCount|8.84
STATE|8|1|1|1|predatorCount|2.7
STATE|8|1|1|1|pollinatorCount|2.43
STATE|8|1|1|1|pestCount|0.25
STATE|8|1|1|1|predatorK|2.33
STATE|8|1|1|1|pollinatorK|1.69
STATE|8|1|1|1|pestK|3.47
STATE|8|1|1|1|yield|7.69
STATE|8|1|1|1|canolaPoints|1.61
STATE|8|1|1|1|paymentPoints|4.39
STATE|8|1|1|1|ownedBy|3
STATE|8|1|1|1|village|1
STATE|8|1|1|1|shared?|true
STATE|8|1|1|2|length 0|9.04
STATE|8|1|1|2|hasGrass|false
STATE|8|1|1|2|hasCanola|true
STATE|8|1|1|2|hasFlower|true
STATE|8|1|1|2|soilQuality|4.5
STATE|8|1|1|2|grassCount|2.04
STATE|8|1|1|2|canolaCount|3.57
STATE|8|1|1|2|flowerCount|3.11
STATE|8|1|1|2|predatorCount|2.61
STATE|8|1|1|2|pollinatorCount|6.32
STATE|8|1|1|2|pestCount|1.78
STATE|8|1|1|2|predatorK|0.52
STATE|8|1|1|2|pollinatorK|4.79
STATE|8|1|1|2|pestK|5.76
STATE|8|1|1|2|yield|0.5
STATE|8|1|1|2|canolaPoints|6.78
STATE|8|1|1|2|paymentPoints|9.13
STATE|8|1|1|2|ownedBy|0
STATE|8|1|1|2|village|0
STATE|8|1|1|2|shared?|true
STATE|8|1|1|3|length 0|9.3
STATE|8|1|1|3|hasGrass|false
STATE|8|1|1|3|hasCanola|true
STATE|8|1|1|3|hasFlower|true
STATE|8|1|1|3|soilQuality|7.03
STATE|8|1|1|3|grassCount|3.59
STATE|8|1|1|3|canolaCount|3.27
STATE|8|1|1|3|flowerCount|8.28
STATE|8|1|1|3|predatorCount|8.18
STATE|8|1|1|3|pollinatorCount|1.52
STATE|8|1|1|3|pestCount|5.82
STATE|8|1|1|3|predatorK|8.65
STATE|8|1|1|3|pollinatorK|6.72
STATE|8|1|1|3|pestK|2.91
STATE|8|1|1|3|yield|3.83
STATE|8|1|1|3|canolaPoints|9.04
STATE|8|1|1|3|paymentPoints|5.6
STATE|8|1|1|3|ownedBy|0
STATE|8|1|1|3|village|1
STATE|8|1|1|3|shared?|true
STATE|8|1|2|0|length 0|5.51
STATE|8|1|2|0|hasGrass|true
STATE|8|1|2|0|hasCanola|true
STATE|8|1|2|0|hasFlower|true
STATE|8|1|2|0|soilQuality|8.14
STATE|8|1|2|0|grassCount|8.76
STATE|8|1|2|0|canolaCount|6.21
STATE|8|1|2|0|flowerCount|0.93
STATE|8|1|2|0|predatorCount|0.12
STATE|8|1|2|0|pollinatorCount|6.37
STATE|8|1|2|0|pestCount|7.29
STATE|8|1|2|0|predatorK|9.29
STATE|8|1|2|0|pollinatorK|1.04
STATE|8|1|2|0|pestK|1.48
STATE|8|1|2|0|yield|3.93
STATE|8|1|2|0|canolaPoints|2.96
STATE|8|1|2|0|paymentPoints|9.67
STATE|8|1|2|0|ownedBy|3
STATE|8|1|2|0|village|3
STATE|8|1|2|0|shared?|true
STATE|8|1|2|1|length 0|7.69
STATE|8|1|2|1|hasGrass|true
STATE|8|1|2|1|hasCanola|true
STATE|8|1|2|1|hasFlower|false
STATE|8|1|2|1|soilQuality|1.2
STATE|8|1|2|1|grassCount|5.44
STATE|8|1|2|1|canolaCount|3.69
STATE|8|1|2|1|flowerCount|3.02
STATE|8|1|2|1|predatorCount|6.64
STATE|8|1|2|1|pollinatorCount|6.92
STATE|8|1|2|1|pestCount|9.76
STATE|8|1|2|1|predatorK|8.98
STATE|8|1|2|1|pollinatorK|8.15
STATE|8|1|2|1|pestK|8.24
STATE|8|1|2|1|yield|2.81
STATE|8|1|2|1|canolaPoints|2.38
STATE|8|1|2|1|paymentPoints|1.65
STATE|8|1|2|1|ownedBy|0
STATE|8|1|2|1|village|1
STATE|8|1|2|1|shared?|true
STATE|8|1|2|2|length 0|3.12
STATE|8|1|2|2|hasGrass|false
STATE|8|1|2|2|hasCanola|true
STATE|8|1|2|2|hasFlower|false
STATE|8|1|2|2|soilQuality|3.48
STATE|8|1|2|2|grassCount|8.28
STATE|8|1|2|2|canolaCount|5.93
STATE|8|1|2|2|flowerCount|2.48
STATE|8|1|2|2|predatorCount|0.85
STATE|8|1|2|2|pollinatorCount|5.78
STATE|8|1|2|2|pestCount|6.41
STATE|8|1|2|2|predatorK|5.89
STATE|8|1|2|2|pollinatorK|2.21
STATE|8|1|2|2|pestK|2.37
STATE|8|1|2|2|yield|5.3
STATE|8|1|2|2|canolaPoints|4.18
STATE|8|1|2|2|paymentPoints|2.17
STATE|8|1|2|2|ownedBy|2
STATE|8|1|2|2|village|0
STATE|8|1|2|2|shared?|true
STATE|8|1|2|3|length 0|9.44
STATE|8|1|2|3|hasGrass|false
STATE|8|1|2|3|hasCanola|true
STATE|8|1|2|3|hasFlower|false
STATE|8|1|2|3|soilQuality|9.8
STATE|8|1|2|3|grassCount|4.03
STATE|8|1|2|3|canolaCount|4.82
STATE|8|1|2|3|flowerCount|1.6
STATE|8|1|2|3|predatorCount|9.04
STATE|8|1|2|3|pollinatorCount|1.56
STATE|8|1|2|3|pestCount|8.95
STATE|8|1|2|3|predatorK|1.89
STATE|8|1|2|3|pollinatorK|2.44
STATE|8|1|2|3|pestK|5.76
STATE|8|1|2|3|yield|2.87
STATE|8|1|2|3|canolaPoints|0.93
STATE|8|1|2|3|paymentPoints|3.43
STATE|8|1|2|3|ownedBy|0
STATE|8|1|2|3|village|0
STATE|8|1|2|3|shared?|false
STATE|8|1|3|0|length 0|4.09
STATE|8|1|3|0|hasGrass|true
STATE|8|1|3|0|hasCanola|false
STATE|8|1|3|0|hasFlower|false
STATE|8|1|3|0|soilQuality|7.88
STATE|8|1|3|0|grassCount|4.26
STATE|8|1|3|0|canolaCount|4.35
STATE|8|1|3|0|flowerCount|3.81
STATE|8|1|3|0|predatorCount|8.63
STATE|8|1|3|0|pollinatorCount|6.45
STATE|8|1|3|0|pestCount|2.23
STATE|8|1|3|0|predatorK|4.96
STATE|8|1|3|0|pollinatorK|2.16
STATE|8|1|3|0|pestK|5.24
STATE|8|1|3|0|yield|4.71
STATE|8|1|3|0|canolaPoints|0.95
STATE|8|1|3|0|paymentPoints|0.55
STATE|8|1|3|0|ownedBy|3
STATE|8|1|3|0|village|0
STATE|8|1|3|0|shared?|true
STATE|8|1|3|1|length 0|7.67
STATE|8|1|3|1|hasGrass|true
STATE|8|1|3|1|hasCanola|true
STATE|8|1|3|1|hasFlower|false
STATE|8|1|3|1|soilQuality|3.79
STATE|8|1|3|1|grassCount|1.33
STATE|8|1|3|1|canolaCount|2.9
STATE|8|1|3|1|flowerCount|0.07
STATE|8|1|3|1|predatorCount|3.9
STATE|8|1|3|1|pollinatorCount|9.59
STATE|8|1|3|1|pestCount|5.79
STATE|8|1|3|1|predatorK|2.75
STATE|8|1|3|1|pollinatorK|0.34
STATE|8|1|3|1|pestK|7.77
STATE|8|1|3|1|yield|3.89
STATE|8|1|3|1|canolaPoints|6.44
STATE|8|1|3|1|paymentPoints|6.59
STATE|8|1|3|1|ownedBy|2
STATE|8|1|3|1|village|1
STATE|8|1|3|1|shared?|false
STATE|8|1|3|2|length 0|3.3
STATE|8|1|3|2|hasGrass|true
STATE|8|1|3|2|hasCanola|true
STATE|8|1|3|2|hasFlower|false
STATE|8|1|3|2|soilQuality|5.05
STATE|8|1|3|2|grassCount|5.72
STATE|8|1|3|2|canolaCount|4.12
STATE|8|1|3|2|flowerCount|7.98
STATE|8|1|3|2|predatorCount|7.08
STATE|8|1|3|2|pollinatorCount|3.6
STATE|8|1|3|2|pestCount|2.28
STATE|8|1|3|2|predatorK|3.63
STATE|8|1|3|2|pollinatorK|8.18
STATE|8|1|3|2|pestK|3.01
STATE|8|1|3|2|yield|2.98
STATE|8|1|3|2|canolaPoints|4.86
STATE|8|1|3|2|paymentPoints|4.91
STATE|8|1|3|2|ownedBy|2
STATE|8|1|3|2|village|0
STATE|8|1|3|2|shared?|false
STATE|8|1|3|3|length 0|2.48
STATE|8|1|3|3|hasGrass|true
STATE|8|1|3|3|hasCanola|true
STATE|8|1|3|3|hasFlower|false
STATE|8|1|3|3|soilQuality|4.11
STATE|8|1|3|3|grassCount|2.57
STATE|8|1|3|3|canolaCount|3.53
STATE|8|1|3|3|flowerCount|8.17
STATE|8|1|3|3|predatorCount|5.77
STATE|8|1|3|3|pollinatorCount|3.32
STATE|8|1|3|3|pestCount|9.17
STATE|8|1|3|3|predatorK|7.1
STATE|8|1|3|3|pollinatorK|6.06
STATE|8|1|3|3|pestK|9.98
STATE|8|1|3|3|yield|7.59
STATE|8|1|3|3|canolaPoints|1.18
STATE|8|1|3|3|paymentPoints|3.08
STATE|8|1|3|3|ownedBy|1
STATE|8|1|3|3|village|3
STATE|8|1|3|3|shared?|true
CHOICE|8|1|1|3|2|1|01:54:04.000 PM 28-Sep-2026
CHOICE|8|1|1|1|2|1|01:54:15.000 PM 28-Sep-2026
CHOICE|8|1|1|1|0|1|01:54:23.000 PM 28-Sep-2026
CONFIRM|8|1|1|01:54:35.000 PM 28-Sep-2026
CHOICE|8|1|2|3|0|4|01:54:36.000 PM 28-Sep-2026
CONFIRM|8|1|2|01:54:41.000 PM 28-Sep-2026
CHOICE|8|1|3|3|0|4|01:54:54.000 PM 28-Sep-2026
CHOICE|8|1|3|3|3|-99|01:55:06.000 PM 28-Sep-2026
CONFIRM|8|1|3|01:55:12.000 PM 28-Sep-2026
CHOICE|8|1|4|3|3|2|01:55:17.000 PM 28-Sep-2026
CONFIRM|8|1|4|01:55:23.000 PM 28-Sep-2026
CHOICE|8|1|5|2|3|2|01:55:27.000 PM 28-Sep-2026
CHOICE|8|1|5|1|1|4|01:55:34.000 PM 28-Sep-2026
CONFIRM|8|1|5|01:55:41.000 PM 28-Sep-2026
CHOICE|8|1|6|0|0|3|01:55:54.000 PM 28-Sep-2026
CHOICE|8|1|6|3|3|4|01:56:01.000 PM 28-Sep-2026
CONFIRM|8|1|6|01:56:15.000 PM 28-Sep-2026
CHOICE|8|1|7|1|0|4|01:56:18.000 PM 28-Sep-2026
CHOICE|8|1|7|3|0|3|01:56:25.000 PM 28-Sep-2026
CHOICE|8|1|7|2|1|3|01:56:38.000 PM 28-Sep-2026
CONFIRM|8|1|7|01:56:42.000 PM 28-Sep-2026
CHOICE|8|1|8|0|1|2|01:56:54.000 PM 28-Sep-2026
CHOICE|8|1|8|0|1|2|01:56:58.000 PM 28-Sep-2026
CONFIRM|8|1|8|01:57:04.000 PM 28-Sep-2026
CHOICE|8|1|9|0|3|2|01:57:19.000 PM 28-Sep-2026
CONFIRM|8|1|9|01:57:31.000 PM 28-Sep-2026
CHOICE|8|1|10|3|3|2|01:57:39.000 PM 28-Sep-2026
CONFIRM|8|1|10|01:57:44.000 PM 28-Sep-2026
CHOICE|8|1|11|0|3|3|01:57:52.000 PM 28-Sep-2026
CHOICE|8|1|11|0|0|2|01:58:04.000 PM 28-Sep-2026
CHOICE|8|1|11|3|2|3|01:58:16.000 PM 28-Sep-2026
CONFIRM|8|1|11|01:58:28.000 PM 28-Sep-2026
CHOICE|8|1|12|3|2|4|01:58:38.000 PM 28-Sep-2026
CHOICE|8|1|12|3|2|1|01:58:46.000 PM 28-Sep-2026
CONFIRM|8|1|12|01:59:01.000 PM 28-Sep-2026
CHOICE|8|1|13|0|3|4|01:59:02.000 PM 28-Sep-2026
CONFIRM|8|1|13|01:59:04.000 PM 28-Sep-2026
CHOICE|8|1|14|0|2|4|01:59:17.000 PM 28-Sep-2026
CONFIRM|8|1|14|01:59:31.000 PM 28-Sep-2026
CHOICE|8|1|15|0|0|2|01:59:45.000 PM 28-Sep-2026
CHOICE|8|1|15|1|3|1|01:59:57.000 PM 28-Sep-2026
CHOICE|8|1|15|1|3|3|01:59:59.000 PM 28-Sep-2026
CONFIRM|8|1|15|02:00:01.000 PM 28-Sep-2026
CHOICE|8|1|16|0|0|1|02:00:03.000 PM 28-Sep-2026
CHOICE|8|1|16|1|1|4|02:00:11.000 PM 28-Sep-2026
CONFIRM|8|1|16|02:00:19.000 PM 28-Sep-2026
CHOICE|8|1|17|2|3|2|02:00:26.000 PM 28-Sep-2026
CONFIRM|8|1|17|02:00:31.000 PM 28-Sep-2026
CHOICE|8|1|18|0|3|4|02:00:36.000 PM 28-Sep-2026
CHOICE|8|1|18|0|3|-99|02:00:40.000 PM 28-Sep-2026
CONFIRM|8|1|18|02:00:48.000 PM 28-Sep-2026
CHOICE|8|1|19|1|1|3|02:00:52.000 PM 28-Sep-2026
CONFIRM|8|1|19|02:01:04.000 PM 28-Sep-2026
CHOICE|8|1|20|0|2|2|02:01:09.000 PM 28-Sep-2026
CONFIRM|8|1|20|02:01:21.000 PM 28-Sep-2026
SCORE|8|1|1|13|19|0
SCORE|8|1|2|2|22|9
SCORE|8|1|3|9|26|18
SCORE|8|1|4|6|51|13
SCORE|8|1|5|14|37|5
SCORE|8|1|6|2|3|16
SCORE|8|1|7|2|26|11
SCORE|8|1|8|16|62|16
SCORE|8|1|9|4|8|6
SCORE|8|1|10|20|47|1
SCORE|8|1|11|8|56|14
SCORE|8|1|12|12|18|16
SCORE|8|1|13|20|30|17
SCORE|8|1|14|20|31|18
SCORE|8|1|15|11|47|6
SCORE|8|1|16|18|65|17
SCORE|8|1|17|0|49|5
SCORE|8|1|18|14|28|7
SCORE|8|1|19|8|14|11
SCORE|8|1|20|15|52|1
PHASE|phase-8-2|02:01:31.000 PM 28-Sep-2026
STATE|8|2|0|0|length 0|7.43
STATE|8|2|0|0|hasGrass|true
STATE|8|2|0|0|hasCanola|false
STATE|8|2|0|0|hasFlower|true
STATE|8|2|0|0|soilQuality|4.71
STATE|8|2|0|0|grassCount|2.15
STATE|8|2|0|0|canolaCount|6.25
STATE|8|2|0|0|flowerCount|1.76
STATE|8|2|0|0|predatorCount|1.55
STATE|8|2|0|0|pollinatorCount|7.85
STATE|8|2|0|0|pestCount|8.06
STATE|8|2|0|0|predatorK|0.74
STATE|8|2|0|0|pollinatorK|5.26
STATE|8|2|0|0|pestK|0.85
STATE|8|2|0|0|yield|4.08
STATE|8|2|0|0|canolaPoints|8.54
STATE|8|2|0|0|paymentPoints|2.18
STATE|8|2|0|0|ownedBy|1
STATE|8|2|0|0|village|2
STATE|8|2|0|0|shared?|true
STATE|8|2|0|1|length 0|2.11
STATE|8|2|0|1|hasGrass|false
STATE|8|2|0|1|hasCanola|false
STATE|8|2|0|1|hasFlower|false
STATE|8|2|0|1|soilQuality|8.46
STATE|8|2|0|1|grassCount|7.03
STATE|8|2|0|1|canolaCount|7.47
STATE|8|2|0|1|flowerCount|9.2
STATE|8|2|0|1|predatorCount|4.84
STATE|8|2|0|1|pollinatorCount|1.71
STATE|8|2|0|1|pestCount|8.55
STATE|8|2|0|1|predatorK|3.5
STATE|8|2|0|1|pollinatorK|2.3
STATE|8|2|0|1|pestK|6.21
STATE|8|2|0|1|yield|9.06
STATE|8|2|0|1|canolaPoints|3.08
STATE|8|2|0|1|paymentPoints|5.3
STATE|8|2|0|1|ownedBy|0
STATE|8|2|0|1|village|0
STATE|8|2|0|1|shared?|true
STATE|8|2|0|2|length 0|5.67
STATE|8|2|0|2|hasGrass|false
STATE|8|2|0|2|hasCanola|false
STATE|8|2|0|2|hasFlower|false
STATE|8|2|0|2|soilQuality|9.79
STATE|8|2|0|2|grassCount|2.54
STATE|8|2|0|2|canolaCount|9.6
STATE|8|2|0|2|flowerCount|9.54
STATE|8|2|0|2|predatorCount|6.82
STATE|8|2|0|2|pollinatorCount|0.73
STATE|8|2|0|2|pestCount|6.34
STATE|8|2|0|2|predatorK|0.24
STATE|8|2|0|2|pollinatorK|2.48
STATE|8|2|0|2|pestK|3.47
STATE|8|2|0|2|yield|6.5
STATE|8|2|0|2|canolaPoints|3.54
STATE|8|2|0|2|paymentPoints|1.84
STATE|8|2|0|2|ownedBy|1
STATE|8|2|0|2|village|3
STATE|8|2|0|2|shared?|false
STATE|8|2|0|3|length 0|3.53
STATE|8|2|0|3|hasGrass|false
STATE|8|2|0|3|hasCanola|true
STATE|8|2|0|3|hasFlower|true
STATE|8|2|0|3|soilQuality|4.06
STATE|8|2|0|3|grassCount|2.12
STATE|8|2|0|3|canolaCount|5.84
STATE|8|2|0|3|flowerCount|7.28
STATE|8|2|0|3|predatorCount|8.28
STATE|8|2|0|3|pollinatorCount|3.2
STATE|8|2|0|3|pestCount|1.97
STATE|8|2|0|3|predatorK|7.57
STATE|8|2|0|3|pollinatorK|7.5
STATE|8|2|0|3|pestK|9.42
STATE|8|2|0|3|yield|0.04
STATE|8|2|0|3|canolaPoints|6.22
STATE|8|2|0|3|paymentPoints|5.11
STATE|8|2|0|3|ownedBy|1
STATE|8|2|0|3|village|0
STATE|8|2|0|3|shared?|true
STATE|8|2|1|0|length 0|6.79
STATE|8|2|1|0|hasGrass|false
STATE|8|2|1|0|hasCanola|true
STATE|8|2|1|0|hasFlower|false
STATE|8|2|1|0|soilQuality|9.23
STATE|8|2|1|0|grassCount|3.15
STATE|8|2|1|0|canolaCount|2.26
STATE|8|2|1|0|flowerCount|8.22
STATE|8|2|1|0|predatorCount|6.1
STATE|8|2|1|0|pollinatorCount|5.78
STATE|8|2|1|0|pestCount|8.77
STATE|8|2|1|0|predatorK|4.47
STATE|8|2|1|0|pollinatorK|7.68
STATE|8|2|1|0|pestK|6.96
STATE|8|2|1|0|yield|0.66
STATE|8|2|1|0|canolaPoints|2.43
STATE|8|2|1|0|paymentPoints|2.28
STATE|8|2|1|0|ownedBy|3
STATE|8|2|1|0|village|2
STATE|8|2|1|0|shared?|true
STATE|8|2|1|1|length 0|5.78
STATE|8|2|1|1|hasGrass|false
STATE|8|2|1|1|hasCanola|true
STATE|8|2|1|1|hasFlower|false
STATE|8|2|1|1|soilQuality|9.24
STATE|8|2|1|1|grassCount|3.18
STATE|8|2|1|1|canolaCount|5.74
STATE|8|2|1|1|flowerCount|0.79
STATE|8|2|1|1|predatorCount|9.57
STATE|8|2|1|1|pollinatorCount|0.3
STATE|8|2|1|1|pestCount|7.33
STATE|8|2|1|1|predatorK|1.49
STATE|8|2|1|1|pollinatorK|9.09
STATE|8|2|1|1|pestK|6.04
STATE|8|2|1|1|yield|9.17
STATE|8|2|1|1|canolaPoints|4.28
STATE|8|2|1|1|paymentPoints|9.2
STATE|8|2|1|1|ownedBy|3
STATE|8|2|1|1|village|0
STATE|8|2|1|1|shared?|true
STATE|8|2|1|2|length 0|6.64
STATE|8|2|1|2|hasGrass|true
STATE|8|2|1|2|hasCanola|true
STATE|8|2|1|2|hasFlower|true
STATE|8|2|1|2|soilQuality|3.26
STATE|8|2|1|2|grassCount|2.94
STATE|8|2|1|2|canolaCount|1.8
STATE|8|2|1|2|flowerCount|1.9
STATE|8|2|1|2|predatorCount|9.8
STATE|8|2|1|2|pollinatorCount|4.02
STATE|8|2|1|2|pestCount|1.49
STATE|8|2|1|2|predatorK|3.46
STATE|8|2|1|2|pollinatorK|3.98
STATE|8|2|1|2|pestK|5.51
STATE|8|2|1|2|yield|1.38
STATE|8|2|1|2|canolaPoints|4.68
STATE|8|2|1|2|paymentPoints|1.68
STATE|8|2|1|2|ownedBy|0
STATE|8|2|1|2|village|2
STATE|8|2|1|2|shared?|true
STATE|8|2|1|3|length 0|5.63
STATE|8|2|1|3|hasGrass|false
STATE|8|2|1|3|hasCanola|false
STATE|8|2|1|3|hasFlower|false
STATE|8|2|1|3|soilQuality|7.3
STATE|8|2|1|3|grassCount|1.61
STATE|8|2|1|3|canolaCount|7.18
STATE|8|2|1|3|flowerCount|8.25
STATE|8|2|1|3|predatorCount|9.73
STATE|8|2|1|3|pollinatorCount|6.59
STATE|8|2|1|3|pestCount|4.6
STATE|8|2|1|3|predatorK|0.58
STATE|8|2|1|3|pollinatorK|6.78
STATE|8|2|1|3|pestK|6.59
STATE|8|2|1|3|yield|0.77
STATE|8|2|1|3|canolaPoints|1.06
STATE|8|2|1|3|paymentPoints|9.08
STATE|8|2|1|3|ownedBy|1
STATE|8|2|1|3|village|0
STATE|8|2|1|3|shared?|false
STATE|8|2|2|0|length 0|1.72
STATE|8|2|2|0|hasGrass|true
STATE|8|2|2|0|hasCanola|true
STATE|8|2|2|0|hasFlower|true
STATE|8|2|2|0|soilQuality|8.02
STATE|8|2|2|0|grassCount|2.63
STATE|8|2|2|0|canolaCount|6.45
STATE|8|2|2|0|flowerCount|1.36
STATE|8|2|2|0|predatorCount|3.68
STATE|8|2|2|0|pollinatorCount|0.77
STATE|8|2|2|0|pestCount|2.37
STATE|8|2|2|0|predatorK|7.36
STATE|8|2|2|0|pollinatorK|1.96
STATE|8|2|2|0|pestK|2.07
STATE|8|2|2|0|yield|8.31
STATE|8|2|2|0|canolaPoints|7.78
STATE|8|2|2|0|paymentPoints|3.73
STATE|8|2|2|0|ownedBy|3
STATE|8|2|2|0|village|0
STATE|8|2|2|0|shared?|false
STATE|8|2|2|1|length 0|9.71
STATE|8|2|2|1|hasGrass|false
STATE|8|2|2|1|hasCanola|true
STATE|8|2|2|1|hasFlower|true
STATE|8|2|2|1|soilQuality|3.82
STATE|8|2|2|1|grassCount|4.9
STATE|8|2|2|1|canolaCount|5.56
STATE|8|2|2|1|flowerCount|1.76
STATE|8|2|2|1|predatorCount|0.99
STATE|8|2|2|1|pollinatorCount|1.6
STATE|8|2|2|1|pestCount|4.22
STATE|8|2|2|1|predatorK|2.94
STATE|8|2|2|1|pollinatorK|9.72
STATE|8|2|2|1|pestK|5.16
STATE|8|2|2|1|yield|8.68
STATE|8|2|2|1|canolaPoints|5.48
STATE|8|2|2|1|paymentPoints|8.79
STATE|8|2|2|1|ownedBy|3
STATE|8|2|2|1|village|2
STATE|8|2|2|1|shared?|true
STATE|8|2|2|2|length 0|5.45
STATE|8|2|2|2|hasGrass|true
STATE|8|2|2|2|hasCanola|true
STATE|8|2|2|2|hasFlower|true
STATE|8|2|2|2|soilQuality|2.48
STATE|8|2|2|2|grassCount|3.12
STATE|8|2|2|2|canolaCount|5.15
STATE|8|2|2|2|flowerCount|3.48
STATE|8|2|2|2|predatorCount|9.73
STATE|8|2|2|2|pollinatorCount|3.33
STATE|8|2|2|2|pestCount|8.6
STATE|8|2|2|2|predatorK|3.76
STATE|8|2|2|2|pollinatorK|4.39
STATE|8|2|2|2|pestK|7.75
STATE|8|2|2|2|yield|7.58
STATE|8|2|2|2|canolaPoints|4.17
STATE|8|2|2|2|paymentPoints|8.38
STATE|8|2|2|2|ownedBy|0
STATE|8|2|2|2|village|0
STATE|8|2|2|2|shared?|true
STATE|8|2|2|3|length 0|2.32
STATE|8|2|2|3|hasGrass|true
STATE|8|2|2|3|hasCanola|false
STATE|8|2|2|3|hasFlower|false
STATE|8|2|2|3|soilQuality|4.94
STATE|8|2|2|3|grassCount|4.34
STATE|8|2|2|3|canolaCount|5.32
STATE|8|2|2|3|flowerCount|7.88
STATE|8|2|2|3|predatorCount|0.62
STATE|8|2|2|3|pollinatorCount|2.75
STATE|8|2|2|3|pestCount|8.36
STATE|8|2|2|3|predatorK|3.21
STATE|8|2|2|3|pollinatorK|9.97
STATE|8|2|2|3|pestK|5.07
STATE|8|2|2|3|yield|6.97
STATE|8|2|2|3|canolaPoints|1.22
STATE|8|2|2|3|paymentPoints|1.16
STATE|8|2|2|3|ownedBy|3
STATE|8|2|2|3|village|1
STATE|8|2|2|3|shared?|false
STATE|8|2|3|0|length 0|4.7
STATE|8|2|3|0|hasGrass|false
STATE|8|2|3|0|hasCanola|false
STATE|8|2|3|0|hasFlower|false
STATE|8|2|3|0|soilQuality|5.32
STATE|8|2|3|0|grassCount|1.17
STATE|8|2|3|0|canolaCount|3.58
STATE|8|2|3|0|flowerCount|9.31
STATE|8|2|3|0|predatorCount|7.19
STATE|8|2|3|0|pollinatorCount|6.57
STATE|8|2|3|0|pestCount|4.4
STATE|8|2|3|0|predatorK|8.48
STATE|8|2|3|0|pollinatorK|9.51
STATE|8|2|3|0|pestK|4.81
STATE|8|2|3|0|yield|4.63
STATE|8|2|3|0|canolaPoints|2.63
STATE|8|2|3|0|paymentPoints|0.56
STATE|8|2|3|0|ownedBy|2
STATE|8|2|3|0|village|1
STATE|8|2|3|0|shared?|true
STATE|8|2|3|1|length 0|1.89
STATE|8|2|3|1|hasGrass|false
STATE|8|2|3|1|hasCanola|true
STATE|8|2|3|1|hasFlower|false
STATE|8|2|3|1|soilQuality|3.41
STATE|8|2|3|1|grassCount|2.86
STATE|8|2|3|1|canolaCount|0.84
STATE|8|2|3|1|flowerCount|1.79
STATE|8|2|3|1|predatorCount|3.31
STATE|8|2|3|1|pollinatorCount|6.19
STATE|8|2|3|1|pestCount|7.45
STATE|8|2|3|1|predatorK|9.75
STATE|8|2|3|1|pollinatorK|5.15
STATE|8|2|3|1|pestK|7.16
STATE|8|2|3|1|yield|5.25
STATE|8|2|3|1|canolaPoints|6.41
STATE|8|2|3|1|paymentPoints|9.98
STATE|8|2|3|1|ownedBy|0
STATE|8|2|3|1|village|2
STATE|8|2|3|1|shared?|true
STATE|8|2|3|2|length 0|9.98
STATE|8|2|3|2|hasGrass|false
STATE|8|2|3|2|hasCanola|false
STATE|8|2|3|2|hasFlower|true
STATE|8|2|3|2|soilQuality|2.19
STATE|8|2|3|2|grassCount|9.29
STATE|8|2|3|2|canolaCount|9.86
STATE|8|2|3|2|flowerCount|1.6
STATE|8|2|3|2|predatorCount|4.48
STATE|8|2|3|2|pollinatorCount|7.72
STATE|8|2|3|2|pestCount|0.5
STATE|8|2|3|2|predatorK|0.6
STATE|8|2|3|2|pollinatorK|8.49
STATE|8|2|3|2|pestK|4.47
STATE|8|2|3|2|yield|1.53
STATE|8|2|3|2|canolaPoints|0.5
STATE|8|2|3|2|paymentPoints|4.85
STATE|8|2|3|2|ownedBy|1
STATE|8|2|3|2|village|0
STATE|8|2|3|2|shared?|true
STATE|8|2|3|3|length 0|3.16
STATE|8|2|3|3|hasGrass|true
STATE|8|2|3|3|hasCanola|true
STATE|8|2|3|3|hasFlower|true
STATE|8|2|3|3|soilQuality|4.21
STATE|8|2|3|3|grassCount|3.27
STATE|8|2|3|3|canolaCount|3.27
STATE|8|2|3|3|flowerCount|5.81
STATE|8|2|3|3|predatorCount|6.55
STATE|8|2|3|3|pollinatorCount|9.87
STATE|8|2|3|3|pestCount|4.82
STATE|8|2|3|3|predatorK|3.03
STATE|8|2|3|3|pollinatorK|2.32
STATE|8|2|3|3|pestK|5.06
STATE|8|2|3|3|yield|6.04
STATE|8|2|3|3|canolaPoints|2.84
STATE|8|2|3|3|paymentPoints|8.59
STATE|8|2|3|3|ownedBy|1
STATE|8|2|3|3|village|0
STATE|8|2|3|3|shared?|true
CHOICE|8|2|1|2|1|1|02:01:42.000 PM 28-Sep-2026
CHOICE|8|2|1|3|2|3|02:01:57.000 PM 28-Sep-2026
CHOICE|8|2|1|3|2|3|02:02:03.000 PM 28-Sep-2026
CONFIRM|8|2|1|02:02:18.000 PM 28-Sep-2026
CHOICE|8|2|2|3|0|1|02:02:23.000 PM 28-Sep-2026
CHOICE|8|2|2|1|2|2|02:02:33.000 PM 28-Sep-2026
CONFIRM|8|2|2|02:02:46.000 PM 28-Sep-2026
CHOICE|8|2|3|1|1|3|02:02:57.000 PM 28-Sep-2026
CONFIRM|8|2|3|02:03:04.000 PM 28-Sep-2026
CHOICE|8|2|4|2|2|1|02:03:17.000 PM 28-Sep-2026
CHOICE|8|2|4|0|1|2|02:03:27.000 PM 28-Sep-2026
CONFIRM|8|2|4|02:03:41.000 PM 28-Sep-2026
CHOICE|8|2|5|1|1|4|02:03:46.000 PM 28-Sep-2026
CHOICE|8|2|5|1|1|1|02:03:53.000 PM 28-Sep-2026
CONFIRM|8|2|5|02:04:08.000 PM 28-Sep-2026
CHOICE|8|2|6|0|2|1|02:04:09.000 PM 28-Sep-2026
CONFIRM|8|2|6|02:04:10.000 PM 28-Sep-2026
CHOICE|8|2|7|0|2|3|02:04:16.000 PM 28-Sep-2026
CHOICE|8|2|7|0|2|3|02:04:18.000 PM 28-Sep-2026
CONFIRM|8|2|7|02:04:20.000 PM 28-Sep-2026
CHOICE|8|2|8|0|3|-99|02:04:29.000 PM 28-Sep-2026
CHOICE|8|2|8|2|2|4|02:04:34.000 PM 28-Sep-2026
CHOICE|8|2|8|0|3|2|02:04:49.000 PM 28-Sep-2026
CONFIRM|8|2|8|02:04:51.000 PM 28-Sep-2026
CHOICE|8|2|9|3|3|-99|02:04:57.000 PM 28-Sep-2026
CONFIRM|8|2|9|02:05:10.000 PM 28-Sep-2026
CHOICE|8|2|10|1|3|4|02:05:12.000 PM 28-Sep-2026
CONFIRM|8|2|10|02:05:22.000 PM 28-Sep-2026
CHOICE|8|2|11|0|2|4|02:05:30.000 PM 28-Sep-2026
CHOICE|8|2|11|1|2|1|02:05:33.000 PM 28-Sep-2026
CONFIRM|8|2|11|02:05:38.000 PM 28-Sep-2026
CHOICE|8|2|12|2|1|4|02:05:50.000 PM 28-Sep-2026
CHOICE|8|2|12|2|0|4|02:06:02.000 PM 28-Sep-2026
CHOICE|8|2|12|2|0|3|02:06:11.000 PM 28-Sep-2026
CONFIRM|8|2|12|02:06:21.000 PM 28-Sep-2026
CHOICE|8|2|13|3|0|1|02:06:34.000 PM 28-Sep-2026
CHOICE|8|2|13|3|1|4|02:06:43.000 PM 28-Sep-2026
CONFIRM|8|2|13|02:06:47.000 PM 28-Sep-2026
CHOICE|8|2|14|0|0|2|02:06:48.000 PM 28-Sep-2026
CHOICE|8|2|14|0|0|-99|02:06:52.000 PM 28-Sep-2026
CONFIRM|8|2|14|02:07:03.000 PM 28-Sep-2026
CHOICE|8|2|15|0|0|1|02:07:11.000 PM 28-Sep-2026
CHOICE|8|2|15|0|0|3|02:07:12.000 PM 28-Sep-2026
CONFIRM|8|2|15|02:07:14.000 PM 28-Sep-2026
CHOICE|8|2|16|3|3|1|02:07:22.000 PM 28-Sep-2026
CHOICE|8|2|16|3|2|2|02:07:35.000 PM 28-Sep-2026
CONFIRM|8|2|16|02:07:38.000 PM 28-Sep-2026
CHOICE|8|2|17|1|1|1|02:07:41.000 PM 28-Sep-2026
CHOICE|8|2|17|1|3|1|02:07:48.000 PM 28-Sep-2026
CHOICE|8|2|17|1|3|4|02:07:50.000 PM 28-Sep-2026
CONFIRM|8|2|17|02:07:57.000 PM 28-Sep-2026
CHOICE|8|2|18|1|0|-99|02:08:04.000 PM 28-Sep-2026
CONFIRM|8|2|18|02:08:19.000 PM 28-Sep-2026
CHOICE|8|2|19|3|2|4|02:08:34.000 PM 28-Sep-2026
CHOICE|8|2|19|2|3|4|02:08:38.000 PM 28-Sep-2026
CONFIRM|8|2|19|02:08:51.000 PM 28-Sep-2026
CHOICE|8|2|20|0|3|2|02:08:55.000 PM 28-Sep-2026
CHOICE|8|2|20|1|3|3|02:09:06.000 PM 28-Sep-2026
CHOICE|8|2|20|1|2|3|02:09:17.000 PM 28-Sep-2026
CONFIRM|8|2|20|02:09:23.000 PM 28-Sep-2026
SCORE|8|2|1|15|60|20
SCORE|8|2|2|20|46|19
SCORE|8|2|3|9|15|9
SCORE|8|2|4|15|15|3
SCORE|8|2|5|7|40|16
SCORE|8|2|6|16|54|19
SCORE|8|2|7|15|24|17
SCORE|8|2|8|20|22|18
SCORE|8|2|9|3|32|4
SCORE|8|2|10|16|25|16
SCORE|8|2|11|6|38|10
SCORE|8|2|12|11|40|11
SCORE|8|2|13|12|45|12
SCORE|8|2|14|12|39|20
SCORE|8|2|15|6|23|0
SCORE|8|2|16|0|50|13
SCORE|8|2|17|11|54|17
SCORE|8|2|18|7|20|19
SCORE|8|2|19|19|30|14
SCORE|8|2|20|5|32|8
PHASE|phase-9-1|02:09:31.000 PM 28-Sep-2026
STATE|9|1|0|0|length 0|0.36
STATE|9|1|0|0|hasGrass|true
STATE|9|1|0|0|hasCanola|false
STATE|9|1|0|0|hasFlower|false
STATE|9|1|0|0|soilQuality|0.87
STATE|9|1|0|0|grassCount|4.26
STATE|9|1|0|0|canolaCount|5.17
STATE|9|1|0|0|flowerCount|0.44
STATE|9|1|0|0|predatorCount|6.03
STATE|9|1|0|0|pollinatorCount|5.05
STATE|9|1|0|0|pestCount|5.48
STATE|9|1|0|0|predatorK|0.87
STATE|9|1|0|0|pollinatorK|6.48
STATE|9|1|0|0|pestK|3.88
STATE|9|1|0|0|yield|7.43
STATE|9|1|0|0|canolaPoints|0.0
STATE|9|1|0|0|paymentPoints|1.68
STATE|9|1|0|0|ownedBy|2
STATE|9|1|0|0|village|2
STATE|9|1|0|0|shared?|true
STATE|9|1|0|1|length 0|6.3
STATE|9|1|0|1|hasGrass|true
STATE|9|1|0|1|hasCanola|true
STATE|9|1|0|1|hasFlower|false
STATE|9|1|0|1|soilQuality|3.37
STATE|9|1|0|1|grassCount|7.86
STATE|9|1|0|1|canolaCount|1.87
STATE|9|1|0|1|flowerCount|8.51
STATE|9|1|0|1|predatorCount|2.58
STATE|9|1|0|1|pollinatorCount|6.1
STATE|9|1|0|1|pestCount|1.49
STATE|9|1|0|1|predatorK|5.41
STATE|9|1|0|1|pollinatorK|8.25
STATE|9|1|0|1|pestK|8.02
STATE|9|1|0|1|yield|2.34
STATE|9|1|0|1|canolaPoints|9.46
STATE|9|1|0|1|paymentPoints|1.5
STATE|9|1|0|1|ownedBy|2
STATE|9|1|0|1|village|2
STATE|9|1|0|1|shared?|true
STATE|9|1|0|2|length 0|6.27
STATE|9|1|0|2|hasGrass|true
STATE|9|1|0|2|hasCanola|false
STATE|9|1|0|2|hasFlower|false
STATE|9|1|0|2|soilQuality|3.81
STATE|9|1|0|2|grassCount|0.44
STATE|9|1|0|2|canolaCount|1.01
STATE|9|1|0|2|flowerCount|9.5
STATE|9|1|0|2|predatorCount|7.22
STATE|9|1|0|2|pollinatorCount|4.62
STATE|9|1|0|2|pestCount|0.82
STATE|9|1|0|2|predatorK|3.68
STATE|9|1|0|2|pollinatorK|4.26
STATE|9|1|0|2|pestK|0.54
STATE|9|1|0|2|yield|0.08
STATE|9|1|0|2|canolaPoints|2.51
STATE|9|1|0|2|paymentPoints|2.3
STATE|9|1|0|2|ownedBy|1
STATE|9|1|0|2|village|3
STATE|9|1|0|2|shared?|true
STATE|9|1|0|3|length 0|5.01
STATE|9|1|0|3|hasGrass|false
STATE|9|1|0|3|hasCanola|true
STATE|9|1|0|3|hasFlower|false
STATE|9|1|0|3|soilQuality|8.92
STATE|9|1|0|3|grassCount|4.62
STATE|9|1|0|3|canolaCount|0.41
STATE|9|1|0|3|flowerCount|6.82
STATE|9|1|0|3|predatorCount|7.44
STATE|9|1|0|3|pollinatorCount|4.92
STATE|9|1|0|3|pestCount|6.91
STATE|9|1|0|3|predatorK|2.42
STATE|9|1|0|3|pollinatorK|9.87
STATE|9|1|0|3|pestK|5.99
STATE|9|1|0|3|yield|0.81
STATE|9|1|0|3|canolaPoints|0.99
STATE|9|1|0|3|paymentPoints|1.02
STATE|9|1|0|3|ownedBy|0
STATE|9|1|0|3|village|2
STATE|9|1|0|3|shared?|true
STATE|9|1|1|0|length 0|9.66
STATE|9|1|1|0|hasGrass|false
STATE|9|1|1|0|hasCanola|false
STATE|9|1|1|0|hasFlower|false
STATE|9|1|1|0|soilQuality|4.11
STATE|9|1|1|0|grassCount|2.86
STATE|9|1|1|0|canolaCount|1.95
STATE|9|1|1|0|flowerCount|0.38
STATE|9|1|1|0|predatorCount|6.05
STATE|9|1|1|0|pollinatorCount|4.53
STATE|9|1|1|0|pestCount|0.56
STATE|9|1|1|0|predatorK|9.36
STATE|9|1|1|0|pollinatorK|9.45
STATE|9|1|1|0|pestK|7.13
STATE|9|1|1|0|yield|6.37
STATE|9|1|1|0|canolaPoints|4.93
STATE|9|1|1|0|paymentPoints|9.41
STATE|9|1|1|0|ownedBy|0
STATE|9|1|1|0|village|3
STATE|9|1|1|0|shared?|true
STATE|9|1|1|1|length 0|7.03
STATE|9|1|1|1|hasGrass|true
STATE|9|1|1|1|hasCanola|false
STATE|9|1|1|1|hasFlower|true
STATE|9|1|1|1|soilQuality|9.62
STATE|9|1|1|1|grassCount|0.34
STATE|9|1|1|1|canolaCount|1.57
STATE|9|1|1|1|flowerCount|3.76
STATE|9|1|1|1|predatorCount|6.35
STATE|9|1|1|1|pollinatorCount|5.6
STATE|9|1|1|1|pestCount|3.8
STATE|9|1|1|1|predatorK|1.97
STATE|9|1|1|1|pollinatorK|7.45
STATE|9|1|1|1|pestK|8.85
STATE|9|1|1|1|yield|1.16
STATE|9|1|1|1|canolaPoints|5.97
STATE|9|1|1|1|paymentPoints|8.19
STATE|9|1|1|1|ownedBy|0
STATE|9|1|1|1|village|0
STATE|9|1|1|1|shared?|true
STATE|9|1|1|2|length 0|5.97
STATE|9|1|1|2|hasGrass|false
STATE|9|1|1|2|hasCanola|false
STATE|9|1|1|2|hasFlower|true
STATE|9|1|1|2|soilQuality|2.99
STATE|9|1|1|2|grassCount|3.26
STATE|9|1|1|2|canolaCount|8.87
STATE|9|1|1|2|flowerCount|5.73
STATE|9|1|1|2|predatorCount|3.07
STATE|9|1|1|2|pollinatorCount|9.25
STATE|9|1|1|2|pestCount|1.93
STATE|9|1|1|2|predatorK|2.16
STATE|9|1|1|2|pollinatorK|8.86
STATE|9|1|1|2|pestK|5.17
STATE|9|1|1|2|yield|9.98
STATE|9|1|1|2|canolaPoints|0.4
STATE|9|1|1|2|paymentPoints|6.91
STATE|9|1|1|2|ownedBy|3
STATE|9|1|1|2|village|0
STATE|9|1|1|2|shared?|false
STATE|9|1|1|3|length 0|2.47
STATE|9|1|1|3|hasGrass|false
STATE|9|1|1|3|hasCanola|true
STATE|9|1|1|3|hasFlower|true
STATE|9|1|1|3|soilQuality|0.14
STATE|9|1|1|3|grassCount|8.91
STATE|9|1|1|3|canolaCount|0.85
STATE|9|1|1|3|flowerCount|6.68
STATE|9|1|1|3|predatorCount|5.62
STATE|9|1|1|3|pollinatorCount|3.76
STATE|9|1|1|3|pestCount|6.52
STATE|9|1|1|3|predatorK|6.08
STATE|9|1|1|3|pollinatorK|8.4
STATE|9|1|1|3|pestK|0.03
STATE|9|1|1|3|yield|1.71
STATE|9|1|1|3|canolaPoints|8.74
STATE|9|1|1|3|paymentPoints|0.39
STATE|9|1|1|3|ownedBy|2
STATE|9|1|1|3|village|3
STATE|9|1|1|3|shared?|true
STATE|9|1|2|0|length 0|2.26
STATE|9|1|2|0|hasGrass|false
STATE|9|1|2|0|hasCanola|false
STATE|9|1|2|0|hasFlower|false
STATE|9|1|2|0|soilQuality|4.08
STATE|9|1|2|0|grassCount|9.86
STATE|9|1|2|0|canolaCount|2.4
STATE|9|1|2|0|flowerCount|1.24
STATE|9|1|2|0|predatorCount|9.27
STATE|9|1|2|0|pollinatorCount|3.8
STATE|9|1|2|0|pestCount|2.62
STATE|9|1|2|0|predatorK|4.57
STATE|9|1|2|0|pollinatorK|2.61
STATE|9|1|2|0|pestK|1.54
STATE|9|1|2|0|yield|4.52
STATE|9|1|2|0|canolaPoints|5.22
STATE|9|1|2|0|paymentPoints|1.85
STATE|9|1|2|0|ownedBy|0
STATE|9|1|2|0|village|2
STATE|9|1|2|0|shared?|false
STATE|9|1|2|1|length 0|0.67
STATE|9|1|2|1|hasGrass|false
STATE|9|1|2|1|hasCanola|true
STATE|9|1|2|1|hasFlower|false
STATE|9|1|2|1|soilQuality|4.01
STATE|9|1|2|1|grassCount|7.85
STATE|9|1|2|1|canolaCount|0.58
STATE|9|1|2|1|flowerCount|3.42
STATE|9|1|2|1|predatorCount|2.83
STATE|9|1|2|1|pollinatorCount|1.04
STATE|9|1|2|1|pestCount|7.71
STATE|9|1|2|1|predatorK|1.39
STATE|9|1|2|1|pollinatorK|8.23
STATE|9|1|2|1|pestK|3.47
STATE|9|1|2|1|yield|3.76
STATE|9|1|2|1|canolaPoints|3.34
STATE|9|1|2|1|paymentPoints|0.53
STATE|9|1|2|1|ownedBy|0
STATE|9|1|2|1|village|0
STATE|9|1|2|1|shared?|true
STATE|9|1|2|2|length 0|7.58
STATE|9|1|2|2|hasGrass|false
STATE|9|1|2|2|hasCanola|true
STATE|9|1|2|2|hasFlower|false
STATE|9|1|2|2|soilQuality|9.08
STATE|9|1|2|2|grassCount|4.27
STATE|9|1|2|2|canolaCount|9.92
STATE|9|1|2|2|flowerCount|5.09
STATE|9|1|2|2|predatorCount|3.71
STATE|9|1|2|2|pollinatorCount|8.14
STATE|9|1|2|2|pestCount|5.45
STATE|9|1|2|2|predatorK|9.38
STATE|9|1|2|2|pollinatorK|9.41
STATE|9|1|2|2|pestK|1.6
STATE|9|1|2|2|yield|8.62
STATE|9|1|2|2|canolaPoints|1.93
STATE|9|1|2|2|paymentPoints|2.54
STATE|9|1|2|2|ownedBy|3
STATE|9|1|2|2|village|1
STATE|9|1|2|2|shared?|true
STATE|9|1|2|3|length 0|9.63
STATE|9|1|2|3|hasGrass|true
STATE|9|1|2|3|hasCanola|true
STATE|9|1|2|3|hasFlower|false
STATE|9|1|2|3|soilQuality|2.17
STATE|9|1|2|3|grassCount|1.4
STATE|9|1|2|3|canolaCount|8.34
STATE|9|1|2|3|flowerCount|4.03
STATE|9|1|2|3|predatorCount|6.49
STATE|9|1|2|3|pollinatorCount|9.15
STATE|9|1|2|3|pestCount|9.78
STATE|9|1|2|3|predatorK|7.04
STATE|9|1|2|3|pollinatorK|0.27
STATE|9|1|2|3|pestK|0.19
STATE|9|1|2|3|yield|5.47
STATE|9|1|2|3|canolaPoints|1.17
STATE|9|1|2|3|paymentPoints|7.38
STATE|9|1|2|3|ownedBy|2
STATE|9|1|2|3|village|0
STATE|9|1|2|3|shared?|true
STATE|9|1|3|0|length 0|4.76
STATE|9|1|3|0|hasGrass|true
STATE|9|1|3|0|hasCanola|true
STATE|9|1|3|0|hasFlower|true
STATE|9|1|3|0|soilQuality|7.01
STATE|9|1|3|0|grassCount|5.02
STATE|9|1|3|0|canolaCount|2.19
STATE|9|1|3|0|flowerCount|1.59
STATE|9|1|3|0|predatorCount|5.15
STATE|9|1|3|0|pollinatorCount|6.62
STATE|9|1|3|0|pestCount|1.62
STATE|9|1|3|0|predatorK|6.17
STATE|9|1|3|0|pollinatorK|2.52
STATE|9|1|3|0|pestK|2.44
STATE|9|1|3|0|yield|9.5
STATE|9|1|3|0|canolaPoints|9.71
STATE|9|1|3|0|paymentPoints|9.03
STATE|9|1|3|0|ownedBy|0
STATE|9|1|3|0|village|0
STATE|9|1|3|0|shared?|true
STATE|9|1|3|1|length 0|9.59
STATE|9|1|3|1|hasGrass|true
STATE|9|1|3|1|hasCanola|true
STATE|9|1|3|1|hasFlower|false
STATE|9|1|3|1|soilQuality|3.73
STATE|9|1|3|1|grassCount|2.18
STATE|9|1|3|1|canolaCount|8.62
STATE|9|1|3|1|flowerCount|5.62
STATE|9|1|3|1|predatorCount|6.94
STATE|9|1|3|1|pollinatorCount|1.36
STATE|9|1|3|1|pestCount|7.06
STATE|9|1|3|1|predatorK|7.53
STATE|9|1|3|1|pollinatorK|1.61
STATE|9|1|3|1|pestK|3.01
STATE|9|1|3|1|yield|7.28
STATE|9|1|3|1|canolaPoints|5.92
STATE|9|1|3|1|paymentPoints|7.22
STATE|9|1|3|1|ownedBy|2
STATE|9|1|3|1|village|3
STATE|9|1|3|1|shared?|false
STATE|9|1|3|2|length 0|0.16
STATE|9|1|3|2|hasGrass|false
STATE|9|1|3|2|hasCanola|true
STATE|9|1|3|2|hasFlower|true
STATE|9|1|3|2|soilQuality|3.59
STATE|9|1|3|2|grassCount|3.84
STATE|9|1|3|2|canolaCount|4.13
STATE|9|1|3|2|flowerCount|8.45
STATE|9|1|3|2|predatorCount|0.98
STATE|9|1|3|2|pollinatorCount|7.24
STATE|9|1|3|2|pestCount|1.63
STATE|9|1|3|2|predatorK|7.09
STATE|9|1|3|2|pollinatorK|8.7
STATE|9|1|3|2|pestK|9.39
STATE|9|1|3|2|yield|1.48
STATE|9|1|3|2|canolaPoints|9.23
STATE|9|1|3|2|paymentPoints|8.42
STATE|9|1|3|2|ownedBy|0
STATE|9|1|3|2|village|3
STATE|9|1|3|2|shared?|true
STATE|9|1|3|3|length 0|6.03
STATE|9|1|3|3|hasGrass|false
STATE|9|1|3|3|hasCanola|false
STATE|9|1|3|3|hasFlower|false
STATE|9|1|3|3|soilQuality|2.65
STATE|9|1|3|3|grassCount|2.99
STATE|9|1|3|3|canolaCount|2.98
STATE|9|1|3|3|flowerCount|3.67
STATE|9|1|3|3|predatorCount|5.73
STATE|9|1|3|3|pollinatorCount|6.19
STATE|9|1|3|3|pestCount|6.19
STATE|9|1|3|3|predatorK|0.56
STATE|9|1|3|3|pollinatorK|9.02
STATE|9|1|3|3|pestK|7.85
STATE|9|1|3|3|yield|2.26
STATE|9|1|3|3|canolaPoints|1.82
STATE|9|1|3|3|paymentPoints|7.75
STATE|9|1|3|3|ownedBy|0
STATE|9|1|3|3|village|2
STATE|9|1|3|3|shared?|false
CHOICE|9|1|1|3|3|1|02:09:42.000 PM 28-Sep-2026
CHOICE|9|1|1|0|2|-99|02:09:52.000 PM 28-Sep-2026
CHOICE|9|1|1|2|0|3|02:10:04.000 PM 28-Sep-2026
CONFIRM|9|1|1|02:10:07.000 PM 28-Sep-2026
CHOICE|9|1|2|1|1|2|02:10:14.000 PM 28-Sep-2026
CONFIRM|9|1|2|02:10:21.000 PM 28-Sep-2026
CHOICE|9|1|3|1|3|3|02:10:36.000 PM 28-Sep-2026
CONFIRM|9|1|3|02:10:46.000 PM 28-Sep-2026
CHOICE|9|1|4|1|2|1|02:10:52.000 PM 28-Sep-2026
CHOICE|9|1|4|1|0|2|02:11:05.000 PM 28-Sep-2026
CONFIRM|9|1|4|02:11:15.000 PM 28-Sep-2026
CHOICE|9|1|5|1|2|1|02:11:24.000 PM 28-Sep-2026
CONFIRM|9|1|5|02:11:36.000 PM 28-Sep-2026
CHOICE|9|1|6|0|0|2|02:11:51.000 PM 28-Sep-2026
CHOICE|9|1|6|0|0|3|02:11:54.000 PM 28-Sep-2026
CHOICE|9|1|6|0|0|4|02:12:05.000 PM 28-Sep-2026
CONFIRM|9|1|6|02:12:10.000 PM 28-Sep-2026
CHOICE|9|1|7|1|0|4|02:12:23.000 PM 28-Sep-2026
CONFIRM|9|1|7|02:12:32.000 PM 28-Sep-2026
CHOICE|9|1|8|0|0|-99|02:12:33.000 PM 28-Sep-2026
CHOICE|9|1|8|0|0|4|02:12:35.000 PM 28-Sep-2026
CONFIRM|9|1|8|02:12:37.000 PM 28-Sep-2026
CHOICE|9|1|9|0|1|2|02:12:38.000 PM 28-Sep-2026
CONFIRM|9|1|9|02:12:51.000 PM 28-Sep-2026
CHOICE|9|1|10|0|2|2|02:13:06.000 PM 28-Sep-2026
CHOICE|9|1|10|0|2|2|02:13:14.000 PM 28-Sep-2026
CONFIRM|9|1|10|02:13:27.000 PM 28-Sep-2026
CHOICE|9|1|11|0|2|3|02:13:34.000 PM 28-Sep-2026
CONFIRM|9|1|11|02:13:36.000 PM 28-Sep-2026
CHOICE|9|1|12|0|1|3|02:13:45.000 PM 28-Sep-2026
CONFIRM|9|1|12|02:14:00.000 PM 28-Sep-2026
CHOICE|9|1|13|2|1|4|02:14:14.000 PM 28-Sep-2026
CHOICE|9|1|13|2|1|2|02:14:25.000 PM 28-Sep-2026
CHOICE|9|1|13|0|0|3|02:14:37.000 PM 28-Sep-2026
CONFIRM|9|1|13|02:14:52.000 PM 28-Sep-2026
CHOICE|9|1|14|0|3|2|02:14:53.000 PM 28-Sep-2026
CHOICE|9|1|14|2|3|2|02:14:57.000 PM 28-Sep-2026
CONFIRM|9|1|14|02:15:09.000 PM 28-Sep-2026
CHOICE|9|1|15|1|3|3|02:15:16.000 PM 28-Sep-2026
CHOICE|9|1|15|1|1|-99|02:15:25.000 PM 28-Sep-2026
CHOICE|9|1|15|1|2|2|02:15:34.000 PM 28-Sep-2026
CONFIRM|9|1|15|02:15:40.000 PM 28-Sep-2026
CHOICE|9|1|16|2|2|2|02:15:41.000 PM 28-Sep-2026
CHOICE|9|1|16|2|2|2|02:15:51.000 PM 28-Sep-2026
CHOICE|9|1|16|2|2|3|02:15:58.000 PM 28-Sep-2026
CONFIRM|9|1|16|02:16:05.000 PM 28-Sep-2026
CHOICE|9|1|17|0|0|2|02:16:07.000 PM 28-Sep-2026
CHOICE|9|1|17|0|0|4|02:16:11.000 PM 28-Sep-2026
CHOICE|9|1|17|0|0|2|02:16:14.000 PM 28-Sep-2026
CONFIRM|9|1|17|02:16:26.000 PM 28-Sep-2026
CHOICE|9|1|18|3|2|4|02:16:34.000 PM 28-Sep-2026
CHOICE|9|1|18|0|0|3|02:16:42.000 PM 28-Sep-2026
CONFIRM|9|1|18|02:16:46.000 PM 28-Sep-2026
CHOICE|9|1|19|3|3|2|02:16:55.000 PM 28-Sep-2026
CHOICE|9|1|19|1|3|4|02:16:56.000 PM 28-Sep-2026
CONFIRM|9|1|19|02:17:09.000 PM 28-Sep-2026
CHOICE|9|1|20|1|2|4|02:17:19.000 PM 28-Sep-2026
CHOICE|9|1|20|1|1|1|02:17:27.000 PM 28-Sep-2026
CONFIRM|9|1|20|02:17:40.000 PM 28-Sep-2026
SCORE|9|1|1|17|34|9
SCORE|9|1|2|18|39|10
SCORE|9|1|3|17|64|17
SCORE|9|1|4|13|26|4
SCORE|9|1|5|20|59|6
SCORE|9|1|6|12|62|13
SCORE|9|1|7|9|31|0
SCORE|9|1|8|13|61|1
SCORE|9|1|9|19|22|9
SCORE|9|1|10|15|26|8
SCORE|9|1|11|11|54|16
SCORE|9|1|12|16|65|4
SCORE|9|1|13|2|46|5
SCORE|9|1|14|0|44|8
SCORE|9|1|15|3|14|15
SCORE|9|1|16|17|41|14
SCORE|9|1|17|0|46|13
SCORE|9|1|18|6|41|14
SCORE|9|1|19|8|55|4
SCORE|9|1|20|8|48|14
PHASE|phase-9-2|02:17:55.000 PM 28-Sep-2026
STATE|9|2|0|0|length 0|9.88
STATE|9|2|0|0|hasGrass|false
STATE|9|2|0|0|hasCanola|false
STATE|9|2|0|0|hasFlower|true
STATE|9|2|0|0|soilQuality|5.08
STATE|9|2|0|0|grassCount|0.36
STATE|9|2|0|0|canolaCount|5.64
STATE|9|2|0|0|flowerCount|3.59
STATE|9|2|0|0|predatorCount|6.62
STATE|9|2|0|0|pollinatorCount|5.99
STATE|9|2|0|0|pestCount|6.89
STATE|9|2|0|0|predatorK|4.77
STATE|9|2|0|0|pollinatorK|9.94
STATE|9|2|0|0|pestK|4.37
STATE|9|2|0|0|yield|5.71
STATE|9|2|0|0|canolaPoints|1.06
STATE|9|2|0|0|paymentPoints|2.87
STATE|9|2|0|0|ownedBy|0
STATE|9|2|0|0|village|3
STATE|9|2|0|0|shared?|false
STATE|9|2|0|1|length 0|4.57
STATE|9|2|0|1|hasGrass|false
STATE|9|2|0|1|hasCanola|true
STATE|9|2|0|1|hasFlower|true
STATE|9|2|0|1|soilQuality|7.05
STATE|9|2|0|1|grassCount|6.54
STATE|9|2|0|1|canolaCount|1.99
STATE|9|2|0|1|flowerCount|7.35
STATE|9|2|0|1|predatorCount|8.47
STATE|9|2|0|1|pollinatorCount|4.53
STATE|9|2|0|1|pestCount|7.44
STATE|9|2|0|1|predatorK|9.54
STATE|9|2|0|1|pollinatorK|9.44
STATE|9|2|0|1|pestK|2.78
STATE|9|2|0|1|yield|4.87
STATE|9|2|0|1|canolaPoints|8.99
STATE|9|2|0|1|paymentPoints|1.15
STATE|9|2|0|1|ownedBy|1
STATE|9|2|0|1|village|2
STATE|9|2|0|1|shared?|false
STATE|9|2|0|2|length 0|9.77
STATE|9|2|0|2|hasGrass|false
STATE|9|2|0|2|hasCanola|false
STATE|9|2|0|2|hasFlower|true
STATE|9|2|0|2|soilQuality|8.84
STATE|9|2|0|2|grassCount|5.61
STATE|9|2|0|2|canolaCount|1.2
STATE|9|2|0|2|flowerCount|2.3
STATE|9|2|0|2|predatorCount|8.16
STATE|9|2|0|2|pollinatorCount|2.08
STATE|9|2|0|2|pestCount|0.01
STATE|9|2|0|2|predatorK|4.85
STATE|9|2|0|2|pollinatorK|6.55
STATE|9|2|0|2|pestK|4.3
STATE|9|2|0|2|yield|0.6
STATE|9|2|0|2|canolaPoints|2.35
STATE|9|2|0|2|paymentPoints|9.03
STATE|9|2|0|2|ownedBy|3
STATE|9|2|0|2|village|3
STATE|9|2|0|2|shared?|false
STATE|9|2|0|3|length 0|7.32
STATE|9|2|0|3|hasGrass|true
STATE|9|2|0|3|hasCanola|true
STATE|9|2|0|3|hasFlower|false
STATE|9|2|0|3|soilQuality|4.92
STATE|9|2|0|3|grassCount|9.93
STATE|9|2|0|3|canolaCount|9.2
STATE|9|2|0|3|flowerCount|4.47
STATE|9|2|0|3|predatorCount|4.76
STATE|9|2|0|3|pollinatorCount|8.47
STATE|9|2|0|3|pestCount|5.43
STATE|9|2|0|3|predatorK|3.89
STATE|9|2|0|3|pollinatorK|5.52
STATE|9|2|0|3|pestK|5.6
STATE|9|2|0|3|yield|6.03
STATE|9|2|0|3|canolaPoints|3.82
STATE|9|2|0|3|paymentPoints|8.34
STATE|9|2|0|3|ownedBy|1
STATE|9|2|0|3|village|2
STATE|9|2|0|3|shared?|true
STATE|9|2|1|0|length 0|4.12
STATE|9|2|1|0|hasGrass|true
STATE|9|2|1|0|hasCanola|true
STATE|9|2|1|0|hasFlower|true
STATE|9|2|1|0|soilQuality|2.29
STATE|9|2|1|0|grassCount|6.11
STATE|9|2|1|0|canolaCount|7.97
STATE|9|2|1|0|flowerCount|2.64
STATE|9|2|1|0|predatorCount|3.34
STATE|9|2|1|0|pollinatorCount|0.98
STATE|9|2|1|0|pestCount|9.0
STATE|9|2|1|0|predatorK|4.15
STATE|9|2|1|0|pollinatorK|7.05
STATE|9|2|1|0|pestK|5.98
STATE|9|2|1|0|yield|5.95
STATE|9|2|1|0|canolaPoints|7.68
STATE|9|2|1|0|paymentPoints|7.76
STATE|9|2|1|0|ownedBy|1
STATE|9|2|1|0|village|0
STATE|9|2|1|0|shared?|false
STATE|9|2|1|1|length 0|2.26
STATE|9|2|1|1|hasGrass|true
STATE|9|2|1|1|hasCanola|true
STATE|9|2|1|1|hasFlower|true
STATE|9|2|1|1|soilQuality|7.3
STATE|9|2|1|1|grassCount|7.43
STATE|9|2|1|1|canolaCount|2.12
STATE|9|2|1|1|flowerCount|9.41
STATE|9|2|1|1|predatorCount|0.93
STATE|9|2|1|1|pollinatorCount|0.52
STATE|9|2|1|1|pestCount|4.63
STATE|9|2|1|1|predatorK|4.82
STATE|9|2|1|1|pollinatorK|4.69
STATE|9|2|1|1|pestK|6.69
STATE|9|2|1|1|yield|4.75
STATE|9|2|1|1|canolaPoints|1.37
STATE|9|2|1|1|paymentPoints|6.03
STATE|9|2|1|1|ownedBy|0
STATE|9|2|1|1|village|1
STATE|9|2|1|1|shared?|true
STATE|9|2|1|2|length 0|5.81
STATE|9|2|1|2|hasGrass|false
STATE|9|2|1|2|hasCanola|true
STATE|9|2|1|2|hasFlower|false
STATE|9|2|1|2|soilQuality|3.02
STATE|9|2|1|2|grassCount|7.55
STATE|9|2|1|2|canolaCount|6.84
STATE|9|2|1|2|flowerCount|8.73
STATE|9|2|1|2|predatorCount|8.35
STATE|9|2|1|2|pollinatorCount|6.08
STATE|9|2|1|2|pestCount|8.49
STATE|9|2|1|2|predatorK|4.07
STATE|9|2|1|2|pollinatorK|5.75
STATE|9|2|1|2|pestK|3.7
STATE|9|2|1|2|yield|5.88
STATE|9|2|1|2|canolaPoints|2.94
STATE|9|2|1|2|paymentPoints|2.22
STATE|9|2|1|2|ownedBy|0
STATE|9|2|1|2|village|0
STATE|9|2|1|2|shared?|false
STATE|9|2|1|3|length 0|6.4
STATE|9|2|1|3|hasGrass|false
STATE|9|2|1|3|hasCanola|true
STATE|9|2|1|3|hasFlower|false
STATE|9|2|1|3|soilQuality|5.38
STATE|9|2|1|3|grassCount|3.75
STATE|9|2|1|3|canolaCount|5.21
STATE|9|2|1|3|flowerCount|3.24
STATE|9|2|1|3|predatorCount|0.53
STATE|9|2|1|3|pollinatorCount|8.52
STATE|9|2|1|3|pestCount|2.66
STATE|9|2|1|3|predatorK|4.81
STATE|9|2|1|3|pollinatorK|5.1
STATE|9|2|1|3|pestK|4.15
STATE|9|2|1|3|yield|8.04
STATE|9|2|1|3|canolaPoints|1.7
STATE|9|2|1|3|paymentPoints|0.57
STATE|9|2|1|3|ownedBy|0
STATE|9|2|1|3|village|3
STATE|9|2|1|3|shared?|true
STATE|9|2|2|0|length 0|6.63
STATE|9|2|2|0|hasGrass|true
STATE|9|2|2|0|hasCanola|true
STATE|9|2|2|0|hasFlower|false
STATE|9|2|2|0|soilQuality|0.38
STATE|9|2|2|0|grassCount|2.8
STATE|9|2|2|0|canolaCount|9.34
STATE|9|2|2|0|flowerCount|2.82
STATE|9|2|2|0|predatorCount|0.3
STATE|9|2|2|0|pollinatorCount|7.08
STATE|9|2|2|0|pestCount|3.01
STATE|9|2|2|0|predatorK|7.17
STATE|9|2|2|0|pollinatorK|2.05
STATE|9|2|2|0|pestK|5.71
STATE|9|2|2|0|yield|3.94
STATE|9|2|2|0|canolaPoints|2.2
STATE|9|2|2|0|paymentPoints|5.41
STATE|9|2|2|0|ownedBy|0
STATE|9|2|2|0|village|0
STATE|9|2|2|0|shared?|false
STATE|9|2|2|1|length 0|5.01
STATE|9|2|2|1|hasGrass|true
STATE|9|2|2|1|hasCanola|false
STATE|9|2|2|1|hasFlower|false
STATE|9|2|2|1|soilQuality|0.54
STATE|9|2|2|1|grassCount|1.68
STATE|9|2|2|1|canolaCount|9.12
STATE|9|2|2|1|flowerCount|2.6
STATE|9|2|2|1|predatorCount|8.44
STATE|9|2|2|1|pollinatorCount|6.16
STATE|9|2|2|1|pestCount|7.43
STATE|9|2|2|1|predatorK|7.07
STATE|9|2|2|1|pollinatorK|9.58
STATE|9|2|2|1|pestK|4.14
STATE|9|2|2|1|yield|5.32
STATE|9|2|2|1|canolaPoints|6.53
STATE|9|2|2|1|paymentPoints|6.13
STATE|9|2|2|1|ownedBy|1
STATE|9|2|2|1|village|0
STATE|9|2|2|1|shared?|false
STATE|9|2|2|2|length 0|5.35
STATE|9|2|2|2|hasGrass|false
STATE|9|2|2|2|hasCanola|false
STATE|9|2|2|2|hasFlower|false
STATE|9|2|2|2|soilQuality|1.88
STATE|9|2|2|2|grassCount|6.89
STATE|9|2|2|2|canolaCount|9.08
STATE|9|2|2|2|flowerCount|1.15
STATE|9|2|2|2|predatorCount|4.2
STATE|9|2|2|2|pollinatorCount|8.2
STATE|9|2|2|2|pestCount|1.44
STATE|9|2|2|2|predatorK|4.14
STATE|9|2|2|2|pollinatorK|2.75
STATE|9|2|2|2|pestK|7.9
STATE|9|2|2|2|yield|7.91
STATE|9|2|2|2|canolaPoints|6.44
STATE|9|2|2|2|paymentPoints|7.28
STATE|9|2|2|2|ownedBy|1
STATE|9|2|2|2|village|3
STATE|9|2|2|2|shared?|false
STATE|9|2|2|3|length 0|5.12
STATE|9|2|2|3|hasGrass|false
STATE|9|2|2|3|hasCanola|false
STATE|9|2|2|3|hasFlower|false
STATE|9|2|2|3|soilQuality|7.31
STATE|9|2|2|3|grassCount|4.52
STATE|9|2|2|3|canolaCount|4.52
STATE|9|2|2|3|flowerCount|3.63
STATE|9|2|2|3|predatorCount|9.61
STATE|9|2|2|3|pollinatorCount|4.39
STATE|9|2|2|3|pestCount|6.63
STATE|9|2|2|3|predatorK|5.58
STATE|9|2|2|3|pollinatorK|4.64
STATE|9|2|2|3|pestK|4.32
STATE|9|2|2|3|yield|4.11
STATE|9|2|2|3|canolaPoints|4.1
STATE|9|2|2|3|paymentPoints|1.72
STATE|9|2|2|3|ownedBy|0
STATE|9|2|2|3|village|2
STATE|9|2|2|3|shared?|true
STATE|9|2|3|0|length 0|8.0
STATE|9|2|3|0|hasGrass|false
STATE|9|2|3|0|hasCanola|true
STATE|9|2|3|0|hasFlower|false
STATE|9|2|3|0|soilQuality|2.72
STATE|9|2|3|0|grassCount|2.92
STATE|9|2|3|0|canolaCount|1.2
STATE|9|2|3|0|flowerCount|7.73
STATE|9|2|3|0|predatorCount|7.01
STATE|9|2|3|0|pollinatorCount|2.04
STATE|9|2|3|0|pestCount|9.67
STATE|9|2|3|0|predatorK|6.11
STATE|9|2|3|0|pollinatorK|8.33
STATE|9|2|3|0|pestK|5.01
STATE|9|2|3|0|yield|2.87
STATE|9|2|3|0|canolaPoints|7.86
STATE|9|2|3|0|paymentPoints|2.9
STATE|9|2|3|0|ownedBy|1
STATE|9|2|3|0|village|0
STATE|9|2|3|0|shared?|true
STATE|9|2|3|1|length 0|8.39
STATE|9|2|3|1|hasGrass|false
STATE|9|2|3|1|hasCanola|false
STATE|9|2|3|1|hasFlower|true
STATE|9|2|3|1|soilQuality|9.85
STATE|9|2|3|1|grassCount|2.13
STATE|9|2|3|1|canolaCount|5.08
STATE|9|2|3|1|flowerCount|0.63
STATE|9|2|3|1|predatorCount|1.94
STATE|9|2|3|1|pollinatorCount|7.17
STATE|9|2|3|1|pestCount|0.07
STATE|9|2|3|1|predatorK|8.48
STATE|9|2|3|1|pollinatorK|8.39
STATE|9|2|3|1|pestK|2.29
STATE|9|2|3|1|yield|6.14
STATE|9|2|3|1|canolaPoints|0.34
STATE|9|2|3|1|paymentPoints|8.49
STATE|9|2|3|1|ownedBy|0
STATE|9|2|3|1|village|3
STATE|9|2|3|1|shared?|false
STATE|9|2|3|2|length 0|6.11
STATE|9|2|3|2|hasGrass|true
STATE|9|2|3|2|hasCanola|false
STATE|9|2|3|2|hasFlower|true
STATE|9|2|3|2|soilQuality|7.57
STATE|9|2|3|2|grassCount|3.04
STATE|9|2|3|2|canolaCount|1.97
STATE|9|2|3|2|flowerCount|6.74
STATE|9|2|3|2|predatorCount|9.48
STATE|9|2|3|2|pollinatorCount|4.58
STATE|9|2|3|2|pestCount|3.51
STATE|9|2|3|2|predatorK|7.72
STATE|9|2|3|2|pollinatorK|2.92
STATE|9|2|3|2|pestK|5.53
STATE|9|2|3|2|yield|6.44
STATE|9|2|3|2|canolaPoints|1.32
STATE|9|2|3|2|paymentPoints|9.9
STATE|9|2|3|2|ownedBy|0
STATE|9|2|3|2|village|3
STATE|9|2|3|2|shared?|false
STATE|9|2|3|3|length 0|9.15
STATE|9|2|3|3|hasGrass|true
STATE|9|2|3|3|hasCanola|false
STATE|9|2|3|3|hasFlower|true
STATE|9|2|3|3|soilQuality|7.15
STATE|9|2|3|3|grassCount|7.63
STATE|9|2|3|3|canolaCount|3.72
STATE|9|2|3|3|flowerCount|2.6
STATE|9|2|3|3|predatorCount|5.41
STATE|9|2|3|3|pollinatorCount|7.97
STATE|9|2|3|3|pestCount|6.29
STATE|9|2|3|3|predatorK|9.98
STATE|9|2|3|3|pollinatorK|4.45
STATE|9|2|3|3|pestK|7.8
STATE|9|2|3|3|yield|3.98
STATE|9|2|3|3|canolaPoints|4.62
STATE|9|2|3|3|paymentPoints|9.56
STATE|9|2|3|3|ownedBy|3
STATE|9|2|3|3|village|3
STATE|9|2|3|3|shared?|true
CHOICE|9|2|1|2|0|1|02:18:08.000 PM 28-Sep-2026
CHOICE|9|2|1|0|3|3|02:18:14.000 PM 28-Sep-2026
CONFIRM|9|2|1|02:18:29.000 PM 28-Sep-2026
CHOICE|9|2|2|3|2|4|02:18:38.000 PM 28-Sep-2026
CONFIRM|9|2|2|02:18:43.000 PM 28-Sep-2026
CHOICE|9|2|3|1|1|4|02:18:50.000 PM 28-Sep-2026
CHOICE|9|2|3|0|3|2|02:19:05.000 PM 28-Sep-2026
CONFIRM|9|2|3|02:19:10.000 PM 28-Sep-2026
CHOICE|9|2|4|3|1|4|02:19:18.000 PM 28-Sep-2026
CONFIRM|9|2|4|02:19:20.000 PM 28-Sep-2026
CHOICE|9|2|5|2|3|1|02:19:34.000 PM 28-Sep-2026
CHOICE|9|2|5|1|2|3|02:19:48.000 PM 28-Sep-2026
CONFIRM|9|2|5|02:19:59.000 PM 28-Sep-2026
CHOICE|9|2|6|0|1|3|02:20:09.000 PM 28-Sep-2026
CHOICE|9|2|6|0|1|3|02:20:13.000 PM 28-Sep-2026
CHOICE|9|2|6|2|1|2|02:20:22.000 PM 28-Sep-2026
CONFIRM|9|2|6|02:20:24.000 PM 28-Sep-2026
CHOICE|9|2|7|0|0|3|02:20:27.000 PM 28-Sep-2026
CHOICE|9|2|7|1|3|2|02:20:38.000 PM 28-Sep-2026
CONFIRM|9|2|7|02:20:47.000 PM 28-Sep-2026
CHOICE|9|2|8|2|0|2|02:20:58.000 PM 28-Sep-2026
CHOICE|9|2|8|3|1|4|02:21:10.000 PM 28-Sep-2026
CONFIRM|9|2|8|02:21:25.000 PM 28-Sep-2026
CHOICE|9|2|9|3|0|2|02:21:28.000 PM 28-Sep-2026
CHOICE|9|2|9|0|2|2|02:21:42.000 PM 28-Sep-2026
CONFIRM|9|2|9|02:21:55.000 PM 28-Sep-2026
CHOICE|9|2|10|3|1|4|02:21:59.000 PM 28-Sep-2026
CHOICE|9|2|10|0|1|-99|02:22:05.000 PM 28-Sep-2026
CONFIRM|9|2|10|02:22:08.000 PM 28-Sep-2026
CHOICE|9|2|11|3|1|2|02:22:10.000 PM 28-Sep-2026
CHOICE|9|2|11|2|1|3|02:22:12.000 PM 28-Sep-2026
CONFIRM|9|2|11|02:22:20.000 PM 28-Sep-2026
CHOICE|9|2|12|0|1|3|02:22:25.000 PM 28-Sep-2026
CONFIRM|9|2|12|02:22:35.000 PM 28-Sep-2026
CHOICE|9|2|13|2|1|3|02:22:42.000 PM 28-Sep-2026
CONFIRM|9|2|13|02:22:43.000 PM 28-Sep-2026
CHOICE|9|2|14|2|1|1|02:22:45.000 PM 28-Sep-2026
CHOICE|9|2|14|3|2|4|02:22:48.000 PM 28-Sep-2026
CONFIRM|9|2|14|02:22:51.000 PM 28-Sep-2026
CHOICE|9|2|15|0|3|3|02:22:58.000 PM 28-Sep-2026
CHOICE|9|2|15|1|0|3|02:23:03.000 PM 28-Sep-2026
CHOICE|9|2|15|1|0|4|02:23:12.000 PM 28-Sep-2026
CONFIRM|9|2|15|02:23:23.000 PM 28-Sep-2026
CHOICE|9|2|16|2|0|1|02:23:34.000 PM 28-Sep-2026
CHOICE|9|2|16|1|3|1|02:23:47.000 PM 28-Sep-2026
CONFIRM|9|2|16|02:23:49.000 PM 28-Sep-2026
CHOICE|9|2|17|2|3|2|02:24:03.000 PM 28-Sep-2026
CHOICE|9|2|17|3|3|2|02:24:14.000 PM 28-Sep-2026
CHOICE|9|2|17|0|2|2|02:24:23.000 PM 28-Sep-2026
CONFIRM|9|2|17|02:24:25.000 PM 28-Sep-2026
CHOICE|9|2|18|2|0|2|02:24:32.000 PM 28-Sep-2026
CHOICE|9|2|18|2|3|2|02:24:38.000 PM 28-Sep-2026
CHOICE|9|2|18|2|3|2|02:24:50.000 PM 28-Sep-2026
CONFIRM|9|2|18|02:24:55.000 PM 28-Sep-2026
CHOICE|9|2|19|2|3|4|02:25:02.000 PM 28-Sep-2026
CONFIRM|9|2|19|02:25:03.000 PM 28-Sep-2026
CHOICE|9|2|20|3|3|4|02:25:07.000 PM 28-Sep-2026
CONFIRM|9|2|20|02:25:09.000 PM 28-Sep-2026
SCORE|9|2|1|13|46|19
SCORE|9|2|2|18|28|2
SCORE|9|2|3|3|42|4
SCORE|9|2|4|12|55|5
SCORE|9|2|5|8|11|3
SCORE|9|2|6|2|32|7
SCORE|9|2|7|18|21|9
SCORE|9|2|8|20|58|6
SCORE|9|2|9|7|31|1
SCORE|9|2|10|15|65|0
SCORE|9|2|11|8|54|13
SCORE|9|2|12|17|18|8
SCORE|9|2|13|15|24|17
SCORE|9|2|14|1|31|11
SCORE|9|2|15|3|37|17
SCORE|9|2|16|2|45|5
SCORE|9|2|17|6|28|5
SCORE|9|2|18|10|58|13
SCORE|9|2|19|14|47|9
SCORE|9|2|20|11|15|0
