PHASE|phase-1-1|12:00:10.000 PM 28-Sep-2026
STATE|1|1|0|0|animalCount|[4 5 10 8 0 7 3 10 0 2 1 5 7 3 6 8 1 9 3 0]
STATE|1|1|0|0|forageCount|7.31
STATE|1|1|0|0|forageMass|4.08
STATE|1|1|0|0|fenced?|true
STATE|1|1|0|0|attacked?|false
STATE|1|1|0|0|cropped|true
STATE|1|1|0|0|totalLivestock|[1 2 9 9 7 2 2 0 0 3 3 2 2 4 5 3 8 10 10 3]
STATE|1|1|0|0|treeCount|1.82
STATE|1|1|0|0|grassMass|9.69
STATE|1|1|0|0|pAttack|1.97
STATE|1|1|0|0|arable|false
STATE|1|1|0|0|totalHarvest|3.83
STATE|1|1|0|0|animalLoss|0.22
STATE|1|1|0|0|ownedBy|2
STATE|1|1|0|0|village|0
STATE|1|1|0|0|shared?|false
STATE|1|1|0|1|animalCount|[4 1 5 4 9 9 0 9 10 5 1 4 5 4 7 5 2 7 7 2]
STATE|1|1|0|1|forageCount|0.57
STATE|1|1|0|1|forageMass|9.75
STATE|1|1|0|1|fenced?|true
STATE|1|1|0|1|attacked?|false
STATE|1|1|0|1|cropped|false
STATE|1|1|0|1|totalLivestock|[0 8 6 5 6 9 0 7 0 2 9 3 1 3 7 5 8 5 8 4]
STATE|1|1|0|1|treeCount|7.76
STATE|1|1|0|1|grassMass|1.08
STATE|1|1|0|1|pAttack|7.48
STATE|1|1|0|1|arable|false
STATE|1|1|0|1|totalHarvest|8.6
STATE|1|1|0|1|animalLoss|0.37
STATE|1|1|0|1|ownedBy|0
STATE|1|1|0|1|village|0
STATE|1|1|0|1|shared?|true
STATE|1|1|0|2|animalCount|[9 5 2 5 4 8 1 4 10 5 4 2 1 10 2 4 7 2 0 1]
STATE|1|1|0|2|forageCount|9.87
STATE|1|1|0|2|forageMass|5.34
STATE|1|1|0|2|fenced?|true
STATE|1|1|0|2|attacked?|true
STATE|1|1|0|2|cropped|false
STATE|1|1|0|2|totalLivestock|[4 7 10 6 2 0 10 0 7 5 3 2 9 2 10 6 1 2 6 5]
STATE|1|1|0|2|treeCount|1.49
STATE|1|1|0|2|grassMass|8.45
STATE|1|1|0|2|pAttack|2.95
STATE|1|1|0|2|arable|true
STATE|1|1|0|2|totalHarvest|9.99
STATE|1|1|0|2|animalLoss|8.52
STATE|1|1|0|2|ownedBy|3
STATE|1|1|0|2|village|2
STATE|1|1|0|2|shared?|false
STATE|1|1|0|3|animalCount|[5 7 4 4 7 6 2 1 6 8 2 10 7 5 2 1 7 4 8 8]
STATE|1|1|0|3|forageCount|8.67
STATE|1|1|0|3|forageMass|3.61
STATE|1|1|0|3|fenced?|false
STATE|1|1|0|3|attacked?|false
STATE|1|1|0|3|cropped|false
STATE|1|1|0|3|totalLivestock|[10 0 4 5 8 10 4 7 4 4 5 10 2 9 0 7 8 4 5 10]
STATE|1|1|0|3|treeCount|2.74
STATE|1|1|0|3|grassMass|2.89
STATE|1|1|0|3|pAttack|5.0
STATE|1|1|0|3|arable|false
STATE|1|1|0|3|totalHarvest|3.57
STATE|1|1|0|3|animalLoss|2.74
STATE|1|1|0|3|ownedBy|1
STATE|1|1|0|3|village|3
STATE|1|1|0|3|shared?|false
STATE|1|1|0|4|animalCount|[6 5 2 7 5 5 8 2 8 2 3 5 7 4 1 10 6 2 9 9]
STATE|1|1|0|4|forageCount|5.16
STATE|1|1|0|4|forageMass|9.36
STATE|1|1|0|4|fenced?|true
STATE|1|1|0|4|attacked?|false
STATE|1|1|0|4|cropped|false
STATE|1|1|0|4|totalLivestock|[4 0 3 2 9 7 9 10 2 3 10 2 10 0 7 3 2 0 2 1]
STATE|1|1|0|4|treeCount|3.17
STATE|1|1|0|4|grassMass|1.82
STATE|1|1|0|4|pAttack|1.93
STATE|1|1|0|4|arable|true
STATE|1|1|0|4|totalHarvest|4.65
STATE|1|1|0|4|animalLoss|3.8
STATE|1|1|0|4|ownedBy|3
STATE|1|1|0|4|village|0
STATE|1|1|0|4|shared?|false
STATE|1|1|0|5|animalCount|[3 5 0 5 6 4 6 1 8 5 0 8 9 4 1 4 8 8 5 9]
STATE|1|1|0|5|forageCount|2.93
STATE|1|1|0|5|forageMass|3.52
STATE|1|1|0|5|fenced?|true
STATE|1|1|0|5|attacked?|true
STATE|1|1|0|5|cropped|false
STATE|1|1|0|5|totalLivestock|[8 5 7 2 2 9 6 9 7 3 2 9 1 5 10 0 6 1 5 9]
STATE|1|1|0|5|treeCount|9.16
STATE|1|1|0|5|grassMass|5.39
STATE|1|1|0|5|pAttack|3.25
STATE|1|1|0|5|arable|false
STATE|1|1|0|5|totalHarvest|5.64
STATE|1|1|0|5|animalLoss|4.29
STATE|1|1|0|5|ownedBy|0
STATE|1|1|0|5|village|2
STATE|1|1|0|5|shared?|true
STATE|1|1|0|6|animalCount|[6 6 2 9 9 4 4 7 4 6 0 5 4 7 4 2 7 0 1 10]
STATE|1|1|0|6|forageCount|6.22
STATE|1|1|0|6|forageMass|4.43
STATE|1|1|0|6|fenced?|true
STATE|1|1|0|6|attacked?|false
STATE|1|1|0|6|cropped|false
STATE|1|1|0|6|totalLivestock|[0 7 8 8 4 3 7 0 3 7 4 2 4 4 7 9 7 8 10 9]
STATE|1|1|0|6|treeCount|8.81
STATE|1|1|0|6|grassMass|8.95
STATE|1|1|0|6|pAttack|0.16
STATE|1|1|0|6|arable|true
STATE|1|1|0|6|totalHarvest|2.82
STATE|1|1|0|6|animalLoss|7.08
STATE|1|1|0|6|ownedBy|3
STATE|1|1|0|6|village|1
STATE|1|1|0|6|shared?|false
STATE|1|1|0|7|animalCount|[0 7 5 5 10 9 2 0 0 4 8 7 10 1 10 8 3 0 6 6]
STATE|1|1|0|7|forageCount|5.95
STATE|1|1|0|7|forageMass|6.89
STATE|1|1|0|7|fenced?|false
STATE|1|1|0|7|attacked?|false
STATE|1|1|0|7|cropped|false
STATE|1|1|0|7|totalLivestock|[6 7 6 10 3 4 7 1 4 0 6 9 4 10 7 4 2 2 7 8]
STATE|1|1|0|7|treeCount|8.89
STATE|1|1|0|7|grassMass|9.73
STATE|1|1|0|7|pAttack|5.38
STATE|1|1|0|7|arable|true
STATE|1|1|0|7|totalHarvest|5.41
STATE|1|1|0|7|animalLoss|0.49
STATE|1|1|0|7|ownedBy|3
STATE|1|1|0|7|village|0
STATE|1|1|0|7|shared?|true
STATE|1|1|1|0|animalCount|[1 1 10 0 5 6 1 6 7 0 1 1 3 9 10 1 2 4 7 2]
STATE|1|1|1|0|forageCount|1.83
STATE|1|1|1|0|forageMass|1.85
STATE|1|1|1|0|fenced?|false
STATE|1|1|1|0|attacked?|true
STATE|1|1|1|0|cropped|true
STATE|1|1|1|0|totalLivestock|[8 1 10 6 1 4 0 9 9 1 6 9 2 0 6 1 5 10 9 7]
STATE|1|1|1|0|treeCount|4.9
STATE|1|1|1|0|grassMass|9.39
STATE|1|1|1|0|pAttack|3.74
STATE|1|1|1|0|arable|true
STATE|1|1|1|0|totalHarvest|6.97
STATE|1|1|1|0|animalLoss|1.51
STATE|1|1|1|0|ownedBy|3
STATE|1|1|1|0|village|3
STATE|1|1|1|0|shared?|false
STATE|1|1|1|1|animalCount|[8 8 9 3 4 1 8 3 4 4 8 2 3 5 7 6 2 2 0 10]
STATE|1|1|1|1|forageCount|3.42
STATE|1|1|1|1|forageMass|5.73
STATE|1|1|1|1|fenced?|true
STATE|1|1|1|1|attacked?|false
STATE|1|1|1|1|cropped|false
STATE|1|1|1|1|totalLivestock|[7 3 6 7 7 5 1 8 0 8 6 0 2 6 10 3 1 1 10 7]
STATE|1|1|1|1|treeCount|8.21
STATE|1|1|1|1|grassMass|1.4
STATE|1|1|1|1|pAttack|6.25
STATE|1|1|1|1|arable|true
STATE|1|1|1|1|totalHarvest|2.35
STATE|1|1|1|1|animalLoss|3.33
STATE|1|1|1|1|ownedBy|3
STATE|1|1|1|1|village|3
STATE|1|1|1|1|shared?|true
STATE|1|1|1|2|animalCount|[6 6 2 5 10 4 10 6 5 8 0 9 9 3 2 6 1 1 0 0]
STATE|1|1|1|2|forageCount|1.86
STATE|1|1|1|2|forageMass|1.96
STATE|1|1|1|2|fenced?|true
STATE|1|1|1|2|attacked?|false
STATE|1|1|1|2|cropped|false
STATE|1|1|1|2|totalLivestock|[5 0 6 7 4 9 6 5 7 7 1 3 2 10 2 1 5 6 7 2]
STATE|1|1|1|2|treeCount|5.52
STATE|1|1|1|2|grassMass|1.1
STATE|1|1|1|2|pAttack|8.18
STATE|1|1|1|2|arable|false
STATE|1|1|1|2|totalHarvest|6.72
STATE|1|1|1|2|animalLoss|0.33
STATE|1|1|1|2|ownedBy|0
STATE|1|1|1|2|village|1
STATE|1|1|1|2|shared?|false
STATE|1|1|1|3|animalCount|[5 5 0 0 10 7 7 2 1 10 5 4 7 10 3 2 0 3 0 9]
STATE|1|1|1|3|forageCount|2.3
STATE|1|1|1|3|forageMass|0.78
STATE|1|1|1|3|fenced?|true
STATE|1|1|1|3|attacked?|false
STATE|1|1|1|3|cropped|true
STATE|1|1|1|3|totalLivestock|[4 2 7 5 4 1 7 2 3 2 10 3 0 10 9 6 4 0 7 0]
STATE|1|1|1|3|treeCount|4.53
STATE|1|1|1|3|grassMass|6.81
STATE|1|1|1|3|pAttack|1.7
STATE|1|1|1|3|arable|true
STATE|1|1|1|3|totalHarvest|8.36
STATE|1|1|1|3|animalLoss|8.37
STATE|1|1|1|3|ownedBy|3
STATE|1|1|1|3|village|1
STATE|1|1|1|3|shared?|false
STATE|1|1|1|4|animalCount|[1 3 7 1 7 0 10 3 10 0 7 6 0 0 4 6 7 4 10 0]
STATE|1|1|1|4|forageCount|8.75
STATE|1|1|1|4|forageMass|9.5
STATE|1|1|1|4|fenced?|true
STATE|1|1|1|4|attacked?|false
STATE|1|1|1|4|cropped|false
STATE|1|1|1|4|totalLivestock|[3 8 3 1 5 1 1 8 2 9 1 3 9 0 7 8 5 7 6 9]
STATE|1|1|1|4|treeCount|7.68
STATE|1|1|1|4|grassMass|5.22
STATE|1|1|1|4|pAttack|1.33
STATE|1|1|1|4|arable|true
STATE|1|1|1|4|totalHarvest|7.56
STATE|1|1|1|4|animalLoss|6.89
STATE|1|1|1|4|ownedBy|0
STATE|1|1|1|4|village|3
STATE|1|1|1|4|shared?|true
STATE|1|1|1|5|animalCount|[4 7 1 4 6 5 2 2 8 1 7 3 1 6 9 10 3 4 0 7]
STATE|1|1|1|5|forageCount|7.01
STATE|1|1|1|5|forageMass|0.48
STATE|1|1|1|5|fenced?|true
STATE|1|1|1|5|attacked?|true
STATE|1|1|1|5|cropped|true
STATE|1|1|1|5|totalLivestock|[1 1 6 5 6 8 0 4 10 2 9 0 7 2 10 0 0 6 4 1]
STATE|1|1|1|5|treeCount|8.12
STATE|1|1|1|5|grassMass|3.82
STATE|1|1|1|5|pAttack|1.3
STATE|1|1|1|5|arable|true
STATE|1|1|1|5|totalHarvest|1.69
STATE|1|1|1|5|animalLoss|2.63
STATE|1|1|1|5|ownedBy|3
STATE|1|1|1|5|village|1
STATE|1|1|1|5|shared?|true
STATE|1|1|1|6|animalCount|[1 8 8 0 0 1 0 2 5 6 4 9 0 3 8 6 2 5 3 5]
STATE|1|1|1|6|forageCount|3.58
STATE|1|1|1|6|forageMass|1.63
STATE|1|1|1|6|fenced?|false
STATE|1|1|1|6|attacked?|true
STATE|1|1|1|6|cropped|false
STATE|1|1|1|6|totalLivestock|[4 8 9 2 10 2 7 6 6 1 5 5 7 3 7 9 6 2 7 0]
STATE|1|1|1|6|treeCount|7.68
STATE|1|1|1|6|grassMass|9.36
STATE|1|1|1|6|pAttack|5.33
STATE|1|1|1|6|arable|false
STATE|1|1|1|6|totalHarvest|5.96
STATE|1|1|1|6|animalLoss|1.04
STATE|1|1|1|6|ownedBy|2
STATE|1|1|1|6|village|3
STATE|1|1|1|6|shared?|true
STATE|1|1|1|7|animalCount|[0 0 9 3 7 5 6 7 3 3 4 3 4 8 8 5 3 5 5 3]
STATE|1|1|1|7|forageCount|8.14
STATE|1|1|1|7|forageMass|6.63
STATE|1|1|1|7|fenced?|false
STATE|1|1|1|7|attacked?|true
STATE|1|1|1|7|cropped|true
STATE|1|1|1|7|totalLivestock|[5 2 2 3 7 6 0 1 2 6 1 4 3 5 7 10 7 8 9 1]
STATE|1|1|1|7|treeCount|8.0
STATE|1|1|1|7|grassMass|3.76
STATE|1|1|1|7|pAttack|0.1
STATE|1|1|1|7|arable|false
STATE|1|1|1|7|totalHarvest|5.87
STATE|1|1|1|7|animalLoss|1.85
STATE|1|1|1|7|ownedBy|2
STATE|1|1|1|7|village|0
STATE|1|1|1|7|shared?|true
STATE|1|1|2|0|animalCount|[0 9 4 8 6 8 7 8 6 7 9 8 10 0 8 2 6 5 9 0]
STATE|1|1|2|0|forageCount|6.79
STATE|1|1|2|0|forageMass|5.22
STATE|1|1|2|0|fenced?|true
STATE|1|1|2|0|attacked?|true
STATE|1|1|2|0|cropped|true
STATE|1|1|2|0|totalLivestock|[5 9 9 6 4 0 4 3 1 0 1 10 4 5 9 9 8 3 7 8]
STATE|1|1|2|0|treeCount|0.92
STATE|1|1|2|0|grassMass|1.21
STATE|1|1|2|0|pAttack|3.42
STATE|1|1|2|0|arable|false
STATE|1|1|2|0|totalHarvest|4.24
STATE|1|1|2|0|animalLoss|9.69
STATE|1|1|2|0|ownedBy|3
STATE|1|1|2|0|village|2
STATE|1|1|2|0|shared?|true
STATE|1|1|2|1|animalCount|[10 8 3 10 9 5 6 5 1 8 5 3 1 3 4 4 4 9 1 2]
STATE|1|1|2|1|forageCount|0.77
STATE|1|1|2|1|forageMass|4.13
STATE|1|1|2|1|fenced?|true
STATE|1|1|2|1|attacked?|false
STATE|1|1|2|1|cropped|false
STATE|1|1|2|1|totalLivestock|[10 10 8 6 6 3 6 7 8 9 3 4 6 4 1 9 5 2 6 0]
STATE|1|1|2|1|treeCount|1.49
STATE|1|1|2|1|grassMass|2.96
STATE|1|1|2|1|pAttack|5.55
STATE|1|1|2|1|arable|false
STATE|1|1|2|1|totalHarvest|4.34
STATE|1|1|2|1|animalLoss|3.26
STATE|1|1|2|1|ownedBy|0
STATE|1|1|2|1|village|3
STATE|1|1|2|1|shared?|false
STATE|1|1|2|2|animalCount|[5 1 0 7 2 8 1 5 3 7 10 6 3 9 7 1 0 3 10 2]
STATE|1|1|2|2|forageCount|1.12
STATE|1|1|2|2|forageMass|3.36
STATE|1|1|2|2|fenced?|true
STATE|1|1|2|2|attacked?|false
STATE|1|1|2|2|cropped|false
STATE|1|1|2|2|totalLivestock|[7 5 2 8 9 10 1 5 1 1 3 3 5 5 2 7 10 1 3 6]
STATE|1|1|2|2|treeCount|9.41
STATE|1|1|2|2|grassMass|4.66
STATE|1|1|2|2|pAttack|0.06
STATE|1|1|2|2|arable|false
STATE|1|1|2|2|totalHarvest|9.62
STATE|1|1|2|2|animalLoss|1.33
STATE|1|1|2|2|ownedBy|0
STATE|1|1|2|2|village|2
STATE|1|1|2|2|shared?|true
STATE|1|1|2|3|animalCount|[5 1 7 4 0 1 7 5 3 5 6 2 4 7 10 1 9 1 4 6]
STATE|1|1|2|3|forageCount|3.37
STATE|1|1|2|3|forageMass|8.48
STATE|1|1|2|3|fenced?|false
STATE|1|1|2|3|attacked?|true
STATE|1|1|2|3|cropped|true
STATE|1|1|2|3|totalLivestock|[3 4 10 1 2 4 1 8 7 6 2 8 6 3 1 7 5 2 1 0]
STATE|1|1|2|3|treeCount|8.18
STATE|1|1|2|3|grassMass|1.41
STATE|1|1|2|3|pAttack|8.11
STATE|1|1|2|3|arable|true
STATE|1|1|2|3|totalHarvest|5.62
STATE|1|1|2|3|animalLoss|9.57
STATE|1|1|2|3|ownedBy|3
STATE|1|1|2|3|village|0
STATE|1|1|2|3|shared?|true
STATE|1|1|2|4|animalCount|[3 3 7 0 7 8 1 4 9 10 7 8 0 0 2 6 8 6 9 10]
STATE|1|1|2|4|forageCount|6.45
STATE|1|1|2|4|forageMass|6.36
STATE|1|1|2|4|fenced?|true
STATE|1|1|2|4|attacked?|true
STATE|1|1|2|4|cropped|false
STATE|1|1|2|4|totalLivestock|[6 6 6 0 2 5 2 4 3 6 1 5 3 6 6 3 4 2 7 5]
STATE|1|1|2|4|treeCount|2.87
STATE|1|1|2|4|grassMass|6.67
STATE|1|1|2|4|pAttack|1.23
STATE|1|1|2|4|arable|true
STATE|1|1|2|4|totalHarvest|4.58
STATE|1|1|2|4|animalLoss|0.74
STATE|1|1|2|4|ownedBy|2
STATE|1|1|2|4|village|0
STATE|1|1|2|4|shared?|false
STATE|1|1|2|5|animalCount|[2 3 10 0 7 5 9 7 2 7 3 1 5 9 0 0 2 6 1 4]
STATE|1|1|2|5|forageCount|1.31
STATE|1|1|2|5|forageMass|6.54
STATE|1|1|2|5|fenced?|true
STATE|1|1|2|5|attacked?|true
STATE|1|1|2|5|cropped|true
STATE|1|1|2|5|totalLivestock|[8 1 4 1 1 10 6 5 4 5 7 8 9 7 3 9 2 4 0 8]
STATE|1|1|2|5|treeCount|0.13
STATE|1|1|2|5|grassMass|3.85
STATE|1|1|2|5|pAttack|2.38
STATE|1|1|2|5|arable|false
STATE|1|1|2|5|totalHarvest|0.56
STATE|1|1|2|5|animalLoss|0.15
STATE|1|1|2|5|ownedBy|0
STATE|1|1|2|5|village|2
STATE|1|1|2|5|shared?|true
STATE|1|1|2|6|animalCount|[9 3 4 0 8 3 0 6 5 0 8 4 7 7 1 10 1 5 9 8]
STATE|1|1|2|6|forageCount|2.76
STATE|1|1|2|6|forageMass|5.83
STATE|1|1|2|6|fenced?|false
STATE|1|1|2|6|attacked?|true
STATE|1|1|2|6|cropped|true
STATE|1|1|2|6|totalLivestock|[2 9 10 1 10 7 0 3 8 9 6 1 8 4 8 5 6 2 7 5]
STATE|1|1|2|6|treeCount|0.63
STATE|1|1|2|6|grassMass|0.04
STATE|1|1|2|6|pAttack|5.65
STATE|1|1|2|6|arable|false
STATE|1|1|2|6|totalHarvest|0.42
STATE|1|1|2|6|animalLoss|7.42
STATE|1|1|2|6|ownedBy|0
STATE|1|1|2|6|village|1
STATE|1|1|2|6|shared?|false
STATE|1|1|2|7|animalCount|[5 5 4 4 7 2 1 4 4 0 10 4 6 2 10 3 4 9 7 2]
STATE|1|1|2|7|forageCount|5.94
STATE|1|1|2|7|forageMass|5.66
STATE|1|1|2|7|fenced?|false
STATE|1|1|2|7|attacked?|true
STATE|1|1|2|7|cropped|true
STATE|1|1|2|7|totalLivestock|[7 0 9 7 10 10 0 0 9 6 1 6 8 9 7 9 9 3 8 1]
STATE|1|1|2|7|treeCount|7.06
STATE|1|1|2|7|grassMass|7.19
STATE|1|1|2|7|pAttack|5.92
STATE|1|1|2|7|arable|true
STATE|1|1|2|7|totalHarvest|7.16
STATE|1|1|2|7|animalLoss|3.04
STATE|1|1|2|7|ownedBy|3
STATE|1|1|2|7|village|3
STATE|1|1|2|7|shared?|false
STATE|1|1|3|0|animalCount|[1 10 10 4 1 6 4 4 7 4 4 0 5 8 10 7 7 6 2 10]
STATE|1|1|3|0|forageCount|2.16
STATE|1|1|3|0|forageMass|2.63
STATE|1|1|3|0|fenced?|false
STATE|1|1|3|0|attacked?|true
STATE|1|1|3|0|cropped|true
STATE|1|1|3|0|totalLivestock|[5 1 10 6 7 9 8 10 6 2 3 2 7 2 10 8 7 9 5 0]
STATE|1|1|3|0|treeCount|1.45
STATE|1|1|3|0|grassMass|2.68
STATE|1|1|3|0|pAttack|4.94
STATE|1|1|3|0|arable|false
STATE|1|1|3|0|totalHarvest|9.0
STATE|1|1|3|0|animalLoss|5.55
STATE|1|1|3|0|ownedBy|3
STATE|1|1|3|0|village|0
STATE|1|1|3|0|shared?|true
STATE|1|1|3|1|animalCount|[4 5 4 9 1 3 4 6 5 8 4 7 10 10 1 1 1 5 1 1]
STATE|1|1|3|1|forageCount|8.71
STATE|1|1|3|1|forageMass|2.85
STATE|1|1|3|1|fenced?|false
STATE|1|1|3|1|attacked?|true
STATE|1|1|3|1|cropped|false
STATE|1|1|3|1|totalLivestock|[8 6 2 10 5 4 1 6 5 1 4 1 4 5 6 6 1 1 4 1]
STATE|1|1|3|1|treeCount|1.8
STATE|1|1|3|1|grassMass|9.43
STATE|1|1|3|1|pAttack|7.91
STATE|1|1|3|1|arable|false
STATE|1|1|3|1|totalHarvest|5.06
STATE|1|1|3|1|animalLoss|1.04
STATE|1|1|3|1|ownedBy|2
STATE|1|1|3|1|village|0
STATE|1|1|3|1|shared?|true
STATE|1|1|3|2|animalCount|[0 9 8 4 10 1 10 8 5 5 1 7 6 1 2 3 1 9 8 1]
STATE|1|1|3|2|forageCount|0.84
STATE|1|1|3|2|forageMass|9.87
STATE|1|1|3|2|fenced?|false
STATE|1|1|3|2|attacked?|true
STATE|1|1|3|2|cropped|true
STATE|1|1|3|2|totalLivestock|[8 7 6 0 3 8 2 6 10 10 2 3 5 8 1 2 4 0 10 7]
STATE|1|1|3|2|treeCount|3.06
STATE|1|1|3|2|grassMass|5.53
STATE|1|1|3|2|pAttack|7.98
STATE|1|1|3|2|arable|false
STATE|1|1|3|2|totalHarvest|2.56
STATE|1|1|3|2|animalLoss|1.66
STATE|1|1|3|2|ownedBy|3
STATE|1|1|3|2|village|1
STATE|1|1|3|2|shared?|true
STATE|1|1|3|3|animalCount|[6 9 1 2 9 3 7 1 7 3 2 3 2 10 1 7 4 9 7 10]
STATE|1|1|3|3|forageCount|1.63
STATE|1|1|3|3|forageMass|6.99
STATE|1|1|3|3|fenced?|true
STATE|1|1|3|3|attacked?|false
STATE|1|1|3|3|cropped|true
STATE|1|1|3|3|totalLivestock|[5 0 8 8 1 3 0 5 9 9 7 10 7 8 9 4 9 5 0 4]
STATE|1|1|3|3|treeCount|1.33
STATE|1|1|3|3|grassMass|4.2
STATE|1|1|3|3|pAttack|4.15
STATE|1|1|3|3|arable|false
STATE|1|1|3|3|totalHarvest|1.28
STATE|1|1|3|3|animalLoss|6.55
STATE|1|1|3|3|ownedBy|3
STATE|1|1|3|3|village|0
STATE|1|1|3|3|shared?|true
STATE|1|1|3|4|animalCount|[2 4 6 10 4 6 9 10 7 5 8 8 5 9 0 2 9 7 10 0]
STATE|1|1|3|4|forageCount|5.39
STATE|1|1|3|4|forageMass|4.83
STATE|1|1|3|4|fenced?|true
STATE|1|1|3|4|attacked?|true
STATE|1|1|3|4|cropped|true
STATE|1|1|3|4|totalLivestock|[0 7 1 3 2 2 8 3 10 6 10 1 6 6 10 3 10 4 0 3]
STATE|1|1|3|4|treeCount|6.57
STATE|1|1|3|4|grassMass|5.81
STATE|1|1|3|4|pAttack|7.43
STATE|1|1|3|4|arable|false
STATE|1|1|3|4|totalHarvest|4.35
STATE|1|1|3|4|animalLoss|3.06
STATE|1|1|3|4|ownedBy|3
STATE|1|1|3|4|village|0
STATE|1|1|3|4|shared?|true
STATE|1|1|3|5|animalCount|[9 8 7 10 0 4 8 0 2 6 0 7 0 3 3 1 2 7 7 7]
STATE|1|1|3|5|forageCount|4.77
STATE|1|1|3|5|forageMass|5.22
STATE|1|1|3|5|fenced?|true
STATE|1|1|3|5|attacked?|false
STATE|1|1|3|5|cropped|false
STATE|1|1|3|5|totalLivestock|[9 7 9 9 9 9 3 0 10 7 8 3 1 5 3 1 8 5 1 2]
STATE|1|1|3|5|treeCount|2.2
STATE|1|1|3|5|grassMass|0.03
STATE|1|1|3|5|pAttack|4.29
STATE|1|1|3|5|arable|true
STATE|1|1|3|5|totalHarvest|7.29
STATE|1|1|3|5|animalLoss|3.89
STATE|1|1|3|5|ownedBy|0
STATE|1|1|3|5|village|0
STATE|1|1|3|5|shared?|false
STATE|1|1|3|6|animalCount|[3 3 2 6 7 2 6 0 4 7 8 3 10 4 1 3 6 6 10 10]
STATE|1|1|3|6|forageCount|5.61
STATE|1|1|3|6|forageMass|8.26
STATE|1|1|3|6|fenced?|false
STATE|1|1|3|6|attacked?|false
STATE|1|1|3|6|cropped|true
STATE|1|1|3|6|totalLivestock|[9 4 10 0 3 8 2 5 10 1 9 6 5 2 10 4 2 0 8 2]
STATE|1|1|3|6|treeCount|7.05
STATE|1|1|3|6|grassMass|9.48
STATE|1|1|3|6|pAttack|7.43
STATE|1|1|3|6|arable|false
STATE|1|1|3|6|totalHarvest|4.67
STATE|1|1|3|6|animalLoss|8.29
STATE|1|1|3|6|ownedBy|1
STATE|1|1|3|6|village|3
STATE|1|1|3|6|shared?|false
STATE|1|1|3|7|animalCount|[1 7 2 5 0 0 9 5 7 4 9 7 5 9 8 6 2 6 6 8]
STATE|1|1|3|7|forageCount|4.4
STATE|1|1|3|7|forageMass|8.23
STATE|1|1|3|7|fenced?|true
STATE|1|1|3|7|attacked?|true
STATE|1|1|3|7|cropped|false
STATE|1|1|3|7|totalLivestock|[1 8 7 3 1 10 10 9 5 1 1 5 6 2 5 5 0 4 10 10]
STATE|1|1|3|7|treeCount|7.79
STATE|1|1|3|7|grassMass|9.27
STATE|1|1|3|7|pAttack|8.9
STATE|1|1|3|7|arable|false
STATE|1|1|3|7|totalHarvest|8.71
STATE|1|1|3|7|animalLoss|6.82
STATE|1|1|3|7|ownedBy|0
STATE|1|1|3|7|village|0
STATE|1|1|3|7|shared?|true
STATE|1|1|4|0|animalCount|[7 3 7 4 2 6 4 9 7 9 1 10 8 3 4 1 9 4 1 6]
STATE|1|1|4|0|forageCount|2.92
STATE|1|1|4|0|forageMass|0.96
STATE|1|1|4|0|fenced?|true
STATE|1|1|4|0|attacked?|false
STATE|1|1|4|0|cropped|true
STATE|1|1|4|0|totalLivestock|[5 3 5 10 1 7 5 1 7 5 0 10 7 0 9 3 4 4 4 7]
STATE|1|1|4|0|treeCount|8.22
STATE|1|1|4|0|grassMass|5.02
STATE|1|1|4|0|pAttack|3.47
STATE|1|1|4|0|arable|false
STATE|1|1|4|0|totalHarvest|8.46
STATE|1|1|4|0|animalLoss|5.7
STATE|1|1|4|0|ownedBy|2
STATE|1|1|4|0|village|2
STATE|1|1|4|0|shared?|false
STATE|1|1|4|1|animalCount|[9 6 6 1 2 1 7 5 0 4 5 6 9 9 1 2 0 7 2 4]
STATE|1|1|4|1|forageCount|0.41
STATE|1|1|4|1|forageMass|1.09
STATE|1|1|4|1|fenced?|false
STATE|1|1|4|1|attacked?|false
STATE|1|1|4|1|cropped|true
STATE|1|1|4|1|totalLivestock|[1 4 10 4 4 6 10 3 0 6 7 4 2 5 8 8 9 6 7 9]
STATE|1|1|4|1|treeCount|4.63
STATE|1|1|4|1|grassMass|0.39
STATE|1|1|4|1|pAttack|3.65
STATE|1|1|4|1|arable|false
STATE|1|1|4|1|totalHarvest|8.49
STATE|1|1|4|1|animalLoss|0.89
STATE|1|1|4|1|ownedBy|2
STATE|1|1|4|1|village|1
STATE|1|1|4|1|shared?|true
STATE|1|1|4|2|animalCount|[5 10 1 6 6 7 4 2 2 8 7 5 4 2 2 6 0 10 6 5]
STATE|1|1|4|2|forageCount|2.55
STATE|1|1|4|2|forageMass|6.19
STATE|1|1|4|2|fenced?|true
STATE|1|1|4|2|attacked?|false
STATE|1|1|4|2|cropped|true
STATE|1|1|4|2|totalLivestock|[4 6 0 3 3 10 6 3 7 9 10 8 0 1 8 4 1 5 5 9]
STATE|1|1|4|2|treeCount|3.48
STATE|1|1|4|2|grassMass|8.47
STATE|1|1|4|2|pAttack|0.13
STATE|1|1|4|2|arable|true
STATE|1|1|4|2|totalHarvest|0.33
STATE|1|1|4|2|animalLoss|4.75
STATE|1|1|4|2|ownedBy|0
STATE|1|1|4|2|village|0
STATE|1|1|4|2|shared?|false
STATE|1|1|4|3|animalCount|[5 5 3 5 7 0 0 1 3 1 4 1 3 1 10 1 9 5 5 4]
STATE|1|1|4|3|forageCount|4.11
STATE|1|1|4|3|forageMass|7.77
STATE|1|1|4|3|fenced?|true
STATE|1|1|4|3|attacked?|true
STATE|1|1|4|3|cropped|true
STATE|1|1|4|3|totalLivestock|[7 0 4 7 3 0 8 3 6 10 9 1 4 7 0 4 0 7 2 1]
STATE|1|1|4|3|treeCount|7.41
STATE|1|1|4|3|grassMass|9.24
STATE|1|1|4|3|pAttack|3.2
STATE|1|1|4|3|arable|true
STATE|1|1|4|3|totalHarvest|6.14
STATE|1|1|4|3|animalLoss|0.07
STATE|1|1|4|3|ownedBy|3
STATE|1|1|4|3|village|3
STATE|1|1|4|3|shared?|true
STATE|1|1|4|4|animalCount|[5 8 6 5 5 4 10 3 9 4 7 2 10 0 9 9 3 3 0 9]
STATE|1|1|4|4|forageCount|3.02
STATE|1|1|4|4|forageMass|2.28
STATE|1|1|4|4|fenced?|true
STATE|1|1|4|4|attacked?|false
STATE|1|1|4|4|cropped|false
STATE|1|1|4|4|totalLivestock|[4 2 3 2 1 9 9 9 9 7 3 7 10 4 4 1 9 2 9 7]
STATE|1|1|4|4|treeCount|8.01
STATE|1|1|4|4|grassMass|6.5
STATE|1|1|4|4|pAttack|6.76
STATE|1|1|4|4|arable|false
STATE|1|1|4|4|totalHarvest|5.68
STATE|1|1|4|4|animalLoss|9.45
STATE|1|1|4|4|ownedBy|0
STATE|1|1|4|4|village|1
STATE|1|1|4|4|shared?|true
STATE|1|1|4|5|animalCount|[2 9 2 10 4 6 4 7 9 9 10 5 2 3 7 8 8 10 3 1]
STATE|1|1|4|5|forageCount|6.11
STATE|1|1|4|5|forageMass|8.42
STATE|1|1|4|5|fenced?|false
STATE|1|1|4|5|attacked?|true
STATE|1|1|4|5|cropped|false
STATE|1|1|4|5|totalLivestock|[3 4 2 4 6 4 1 10 5 4 1 9 3 0 9 3 4 6 7 4]
STATE|1|1|4|5|treeCount|0.67
STATE|1|1|4|5|grassMass|3.95
STATE|1|1|4|5|pAttack|9.79
STATE|1|1|4|5|arable|true
STATE|1|1|4|5|totalHarvest|8.92
STATE|1|1|4|5|animalLoss|9.86
STATE|1|1|4|5|ownedBy|3
STATE|1|1|4|5|village|0
STATE|1|1|4|5|shared?|false
STATE|1|1|4|6|animalCount|[6 9 9 0 3 8 10 4 5 8 10 2 5 6 9 9 10 10 2 6]
STATE|1|1|4|6|forageCount|7.08
STATE|1|1|4|6|forageMass|7.09
STATE|1|1|4|6|fenced?|false
STATE|1|1|4|6|attacked?|true
STATE|1|1|4|6|cropped|false
STATE|1|1|4|6|totalLivestock|[9 10 0 4 3 6 7 7 8 2 7 7 7 7 10 9 3 3 5 3]
STATE|1|1|4|6|treeCount|9.56
STATE|1|1|4|6|grassMass|0.84
STATE|1|1|4|6|pAttack|7.77
STATE|1|1|4|6|arable|false
STATE|1|1|4|6|totalHarvest|5.4
STATE|1|1|4|6|animalLoss|7.9
STATE|1|1|4|6|ownedBy|3
STATE|1|1|4|6|village|0
STATE|1|1|4|6|shared?|true
STATE|1|1|4|7|animalCount|[9 10 2 1 0 1 6 7 2 1 0 5 6 8 10 8 10 5 3 2]
STATE|1|1|4|7|forageCount|4.94
STATE|1|1|4|7|forageMass|4.94
STATE|1|1|4|7|fenced?|false
STATE|1|1|4|7|attacked?|false
STATE|1|1|4|7|cropped|true
STATE|1|1|4|7|totalLivestock|[9 5 0 7 0 3 3 8 4 4 4 3 10 3 7 10 1 9 7 7]
STATE|1|1|4|7|treeCount|2.33
STATE|1|1|4|7|grassMass|4.14
STATE|1|1|4|7|pAttack|2.16
STATE|1|1|4|7|arable|true
STATE|1|1|4|7|totalHarvest|3.15
STATE|1|1|4|7|animalLoss|7.91
STATE|1|1|4|7|ownedBy|0
STATE|1|1|4|7|village|1
STATE|1|1|4|7|shared?|true
STATE|1|1|5|0|animalCount|[3 5 3 4 1 10 8 7 4 1 8 8 10 4 0 2 10 1 1 7]
STATE|1|1|5|0|forageCount|3.01
STATE|1|1|5|0|forageMass|1.45
STATE|1|1|5|0|fenced?|false
STATE|1|1|5|0|attacked?|true
STATE|1|1|5|0|cropped|true
STATE|1|1|5|0|totalLivestock|[2 0 6 10 6 6 0 1 4 8 6 1 1 0 5 4 8 7 2 10]
STATE|1|1|5|0|treeCount|1.49
STATE|1|1|5|0|grassMass|9.87
STATE|1|1|5|0|pAttack|5.54
STATE|1|1|5|0|arable|true
STATE|1|1|5|0|totalHarvest|0.83
STATE|1|1|5|0|animalLoss|4.27
STATE|1|1|5|0|ownedBy|3
STATE|1|1|5|0|village|0
STATE|1|1|5|0|shared?|true
STATE|1|1|5|1|animalCount|[4 7 1 4 8 1 3 6 1 1 9 3 10 8 9 6 8 3 10 10]
STATE|1|1|5|1|forageCount|6.72
STATE|1|1|5|1|forageMass|5.21
STATE|1|1|5|1|fenced?|true
STATE|1|1|5|1|attacked?|true
STATE|1|1|5|1|cropped|true
STATE|1|1|5|1|totalLivestock|[1 9 6 6 0 10 7 5 8 3 5 7 4 3 3 7 7 4 1 4]
STATE|1|1|5|1|treeCount|0.85
STATE|1|1|5|1|grassMass|8.9
STATE|1|1|5|1|pAttack|5.78
STATE|1|1|5|1|arable|true
STATE|1|1|5|1|totalHarvest|7.13
STATE|1|1|5|1|animalLoss|0.46
STATE|1|1|5|1|ownedBy|2
STATE|1|1|5|1|village|0
STATE|1|1|5|1|shared?|false
STATE|1|1|5|2|animalCount|[0 3 6 8 9 2 3 5 3 10 1 8 6 2 3 7 10 7 9 2]
STATE|1|1|5|2|forageCount|4.45
STATE|1|1|5|2|forageMass|1.63
STATE|1|1|5|2|fenced?|true
STATE|1|1|5|2|attacked?|true
STATE|1|1|5|2|cropped|true
STATE|1|1|5|2|totalLivestock|[1 7 5 10 5 9 3 1 8 4 10 10 5 4 10 8 0 5 5 5]
STATE|1|1|5|2|treeCount|7.86
STATE|1|1|5|2|grassMass|8.5
STATE|1|1|5|2|pAttack|3.81
STATE|1|1|5|2|arable|true
STATE|1|1|5|2|totalHarvest|6.04
STATE|1|1|5|2|animalLoss|4.21
STATE|1|1|5|2|ownedBy|0
STATE|1|1|5|2|village|3
STATE|1|1|5|2|shared?|true
STATE|1|1|5|3|animalCount|[0 5 0 1 3 6 8 9 7 10 1 6 3 5 3 6 1 9 0 6]
STATE|1|1|5|3|forageCount|9.52
STATE|1|1|5|3|forageMass|9.5
STATE|1|1|5|3|fenced?|true
STATE|1|1|5|3|attacked?|true
STATE|1|1|5|3|cropped|true
STATE|1|1|5|3|totalLivestock|[4 7 5 2 3 0 7 5 3 1 10 7 5 4 1 4 2 9 5 8]
STATE|1|1|5|3|treeCount|6.98
STATE|1|1|5|3|grassMass|7.65
STATE|1|1|5|3|pAttack|1.66
STATE|1|1|5|3|arable|true
STATE|1|1|5|3|totalHarvest|3.93
STATE|1|1|5|3|animalLoss|9.84
STATE|1|1|5|3|ownedBy|1
STATE|1|1|5|3|village|3
STATE|1|1|5|3|shared?|false
STATE|1|1|5|4|animalCount|[9 0 9 3 1 6 2 8 0 10 9 5 4 0 0 10 8 5 6 10]
STATE|1|1|5|4|forageCount|6.76
STATE|1|1|5|4|forageMass|9.08
STATE|1|1|5|4|fenced?|false
STATE|1|1|5|4|attacked?|true
STATE|1|1|5|4|cropped|false
STATE|1|1|5|4|totalLivestock|[2 9 10 5 4 3 9 6 2 2 9 7 4 9 6 7 5 4 5 5]
STATE|1|1|5|4|treeCount|0.35
STATE|1|1|5|4|grassMass|2.85
STATE|1|1|5|4|pAttack|3.96
STATE|1|1|5|4|arable|false
STATE|1|1|5|4|totalHarvest|7.76
STATE|1|1|5|4|animalLoss|2.37
STATE|1|1|5|4|ownedBy|0
STATE|1|1|5|4|village|0
STATE|1|1|5|4|shared?|true
STATE|1|1|5|5|animalCount|[1 9 6 10 9 1 5 2 7 6 0 7 9 5 5 10 9 4 1 8]
STATE|1|1|5|5|forageCount|7.88
STATE|1|1|5|5|forageMass|6.29
STATE|1|1|5|5|fenced?|true
STATE|1|1|5|5|attacked?|false
STATE|1|1|5|5|cropped|false
STATE|1|1|5|5|totalLivestock|[7 2 1 5 4 2 10 9 3 0 6 1 2 7 1 3 10 7 1 4]
STATE|1|1|5|5|treeCount|7.48
STATE|1|1|5|5|grassMass|1.0
STATE|1|1|5|5|pAttack|5.19
STATE|1|1|5|5|arable|true
STATE|1|1|5|5|totalHarvest|6.05
STATE|1|1|5|5|animalLoss|6.67
STATE|1|1|5|5|ownedBy|3
STATE|1|1|5|5|village|3
STATE|1|1|5|5|shared?|false
STATE|1|1|5|6|animalCount|[8 9 7 4 1 3 2 8 7 9 5 10 9 7 0 10 2 10 6 10]
STATE|1|1|5|6|forageCount|2.67
STATE|1|1|5|6|forageMass|6.82
STATE|1|1|5|6|fenced?|true
STATE|1|1|5|6|attacked?|true
STATE|1|1|5|6|cropped|true
STATE|1|1|5|6|totalLivestock|[5 9 10 7 10 7 7 6 3 5 5 7 10 6 1 0 8 0 3 10]
STATE|1|1|5|6|treeCount|8.07
STATE|1|1|5|6|grassMass|5.33
STATE|1|1|5|6|pAttack|9.35
STATE|1|1|5|6|arable|true
STATE|1|1|5|6|totalHarvest|6.64
STATE|1|1|5|6|animalLoss|6.42
STATE|1|1|5|6|ownedBy|0
STATE|1|1|5|6|village|1
STATE|1|1|5|6|shared?|true
STATE|1|1|5|7|animalCount|[1 1 1 10 1 1 10 8 2 1 3 7 6 5 6 3 9 5 3 3]
STATE|1|1|5|7|forageCount|0.84
STATE|1|1|5|7|forageMass|6.62
STATE|1|1|5|7|fenced?|false
STATE|1|1|5|7|attacked?|true
STATE|1|1|5|7|cropped|true
STATE|1|1|5|7|totalLivestock|[6 9 6 3 9 5 2 9 9 2 0 3 7 10 3 0 0 10 5 4]
STATE|1|1|5|7|treeCount|4.96
STATE|1|1|5|7|grassMass|4.93
STATE|1|1|5|7|pAttack|4.52
STATE|1|1|5|7|arable|true
STATE|1|1|5|7|totalHarvest|8.71
STATE|1|1|5|7|animalLoss|1.74
STATE|1|1|5|7|ownedBy|3
STATE|1|1|5|7|village|0
STATE|1|1|5|7|shared?|false
STATE|1|1|6|0|animalCount|[9 1 10 0 9 5 1 1 7 0 8 3 9 7 0 3 6 5 1 0]
STATE|1|1|6|0|forageCount|7.65
STATE|1|1|6|0|forageMass|7.1
STATE|1|1|6|0|fenced?|true
STATE|1|1|6|0|attacked?|true
STATE|1|1|6|0|cropped|true
STATE|1|1|6|0|totalLivestock|[9 7 9 3 3 3 2 3 1 9 6 10 7 0 10 4 9 7 3 0]
STATE|1|1|6|0|treeCount|2.21
STATE|1|1|6|0|grassMass|5.46
STATE|1|1|6|0|pAttack|4.28
STATE|1|1|6|0|arable|false
STATE|1|1|6|0|totalHarvest|1.43
STATE|1|1|6|0|animalLoss|9.16
STATE|1|1|6|0|ownedBy|1
STATE|1|1|6|0|village|0
STATE|1|1|6|0|shared?|true
STATE|1|1|6|1|animalCount|[1 5 4 3 5 10 8 10 5 2 6 2 7 3 5 0 2 10 8 8]
STATE|1|1|6|1|forageCount|2.91
STATE|1|1|6|1|forageMass|2.55
STATE|1|1|6|1|fenced?|true
STATE|1|1|6|1|attacked?|true
STATE|1|1|6|1|cropped|true
STATE|1|1|6|1|totalLivestock|[1 1 8 2 4 5 4 0 7 3 10 7 3 7 2 8 2 4 10 5]
STATE|1|1|6|1|treeCount|6.4
STATE|1|1|6|1|grassMass|2.02
STATE|1|1|6|1|pAttack|6.58
STATE|1|1|6|1|arable|false
STATE|1|1|6|1|totalHarvest|0.45
STATE|1|1|6|1|animalLoss|3.4
STATE|1|1|6|1|ownedBy|0
STATE|1|1|6|1|village|1
STATE|1|1|6|1|shared?|true
STATE|1|1|6|2|animalCount|[0 7 9 5 8 10 9 1 5 7 7 6 8 1 9 4 10 9 7 3]
STATE|1|1|6|2|forageCount|10.0
STATE|1|1|6|2|forageMass|9.96
STATE|1|1|6|2|fenced?|false
STATE|1|1|6|2|attacked?|true
STATE|1|1|6|2|cropped|true
STATE|1|1|6|2|totalLivestock|[5 6 5 8 4 3 1 4 2 4 2 1 3 1 2 5 9 1 2 8]
STATE|1|1|6|2|treeCount|6.5
STATE|1|1|6|2|grassMass|8.78
STATE|1|1|6|2|pAttack|7.26
STATE|1|1|6|2|arable|false
STATE|1|1|6|2|totalHarvest|2.67
STATE|1|1|6|2|animalLoss|4.23
STATE|1|1|6|2|ownedBy|2
STATE|1|1|6|2|village|1
STATE|1|1|6|2|shared?|true
STATE|1|1|6|3|animalCount|[7 6 3 10 1 2 3 9 5 3 8 3 4 6 2 7 5 6 6 9]
STATE|1|1|6|3|forageCount|1.35
STATE|1|1|6|3|forageMass|6.94
STATE|1|1|6|3|fenced?|true
STATE|1|1|6|3|attacked?|true
STATE|1|1|6|3|cropped|false
STATE|1|1|6|3|totalLivestock|[1 10 10 10 9 9 9 6 1 8 8 4 2 0 8 10 7 8 3 0]
STATE|1|1|6|3|treeCount|4.43
STATE|1|1|6|3|grassMass|8.36
STATE|1|1|6|3|pAttack|6.41
STATE|1|1|6|3|arable|true
STATE|1|1|6|3|totalHarvest|2.39
STATE|1|1|6|3|animalLoss|6.3
STATE|1|1|6|3|ownedBy|3
STATE|1|1|6|3|village|0
STATE|1|1|6|3|shared?|true
STATE|1|1|6|4|animalCount|[7 1 6 10 5 9 5 8 2 8 10 4 3 10 3 2 2 10 2 4]
STATE|1|1|6|4|forageCount|4.22
STATE|1|1|6|4|forageMass|6.39
STATE|1|1|6|4|fenced?|false
STATE|1|1|6|4|attacked?|false
STATE|1|1|6|4|cropped|true
STATE|1|1|6|4|totalLivestock|[8 0 2 2 5 9 3 0 4 3 6 9 9 9 10 0 2 10 7 4]
STATE|1|1|6|4|treeCount|7.05
STATE|1|1|6|4|grassMass|1.53
STATE|1|1|6|4|pAttack|0.88
STATE|1|1|6|4|arable|false
STATE|1|1|6|4|totalHarvest|9.24
STATE|1|1|6|4|animalLoss|6.51
STATE|1|1|6|4|ownedBy|0
STATE|1|1|6|4|village|3
STATE|1|1|6|4|shared?|false
STATE|1|1|6|5|animalCount|[3 7 3 10 10 5 7 7 1 9 2 4 1 2 1 1 1 10 4 6]
STATE|1|1|6|5|forageCount|8.65
STATE|1|1|6|5|forageMass|2.26
STATE|1|1|6|5|fenced?|false
STATE|1|1|6|5|attacked?|false
STATE|1|1|6|5|cropped|false
STATE|1|1|6|5|totalLivestock|[7 6 7 1 6 7 4 5 3 7 0 2 0 10 4 5 9 9 1 7]
STATE|1|1|6|5|treeCount|6.25
STATE|1|1|6|5|grassMass|3.81
STATE|1|1|6|5|pAttack|4.66
STATE|1|1|6|5|arable|false
STATE|1|1|6|5|totalHarvest|8.6
STATE|1|1|6|5|animalLoss|6.31
STATE|1|1|6|5|ownedBy|2
STATE|1|1|6|5|village|0
STATE|1|1|6|5|shared?|true
STATE|1|1|6|6|animalCount|[6 6 3 2 5 5 9 3 3 7 8 10 1 5 10 8 6 8 4 2]
STATE|1|1|6|6|forageCount|5.34
STATE|1|1|6|6|forageMass|9.66
STATE|1|1|6|6|fenced?|false
STATE|1|1|6|6|attacked?|true
STATE|1|1|6|6|cropped|false
STATE|1|1|6|6|totalLivestock|[9 9 5 3 10 0 6 2 10 6 9 4 2 0 5 5 2 2 5 6]
STATE|1|1|6|6|treeCount|7.76
STATE|1|1|6|6|grassMass|3.37
STATE|1|1|6|6|pAttack|3.96
STATE|1|1|6|6|arable|true
STATE|1|1|6|6|totalHarvest|5.68
STATE|1|1|6|6|animalLoss|9.46
STATE|1|1|6|6|ownedBy|0
STATE|1|1|6|6|village|3
STATE|1|1|6|6|shared?|true
STATE|1|1|6|7|animalCount|[6 10 1 2 9 8 4 6 10 0 10 1 4 9 5 2 6 3 0 7]
STATE|1|1|6|7|forageCount|7.53
STATE|1|1|6|7|forageMass|3.42
STATE|1|1|6|7|fenced?|true
STATE|1|1|6|7|attacked?|true
STATE|1|1|6|7|cropped|false
STATE|1|1|6|7|totalLivestock|[0 2 4 4 7 1 0 2 9 1 1 0 0 5 9 6 7 8 10 4]
STATE|1|1|6|7|treeCount|5.13
STATE|1|1|6|7|grassMass|3.6
STATE|1|1|6|7|pAttack|4.08
STATE|1|1|6|7|arable|true
STATE|1|1|6|7|totalHarvest|9.52
STATE|1|1|6|7|animalLoss|7.33
STATE|1|1|6|7|ownedBy|0
STATE|1|1|6|7|village|0
STATE|1|1|6|7|shared?|true
STATE|1|1|7|0|animalCount|[8 5 0 3 2 9 1 3 4 2 8 4 6 4 0 7 2 2 4 2]
STATE|1|1|7|0|forageCount|8.87
STATE|1|1|7|0|forageMass|9.97
STATE|1|1|7|0|fenced?|true
STATE|1|1|7|0|attacked?|true
STATE|1|1|7|0|cropped|true
STATE|1|1|7|0|totalLivestock|[2 3 10 9 9 9 7 7 8 2 3 3 9 2 9 4 8 8 3 5]
STATE|1|1|7|0|treeCount|5.38
STATE|1|1|7|0|grassMass|4.25
STATE|1|1|7|0|pAttack|1.86
STATE|1|1|7|0|arable|false
STATE|1|1|7|0|totalHarvest|1.82
STATE|1|1|7|0|animalLoss|5.94
STATE|1|1|7|0|ownedBy|1
STATE|1|1|7|0|village|2
STATE|1|1|7|0|shared?|false
STATE|1|1|7|1|animalCount|[0 10 4 9 4 7 4 10 0 0 1 3 3 3 7 4 3 2 3 3]
STATE|1|1|7|1|forageCount|8.15
STATE|1|1|7|1|forageMass|8.34
STATE|1|1|7|1|fenced?|true
STATE|1|1|7|1|attacked?|true
STATE|1|1|7|1|cropped|true
STATE|1|1|7|1|totalLivestock|[10 2 10 5 9 6 2 6 10 3 10 9 8 9 0 7 4 3 6 1]
STATE|1|1|7|1|treeCount|7.63
STATE|1|1|7|1|grassMass|1.42
STATE|1|1|7|1|pAttack|5.99
STATE|1|1|7|1|arable|false
STATE|1|1|7|1|totalHarvest|2.13
STATE|1|1|7|1|animalLoss|9.02
STATE|1|1|7|1|ownedBy|0
STATE|1|1|7|1|village|3
STATE|1|1|7|1|shared?|false
STATE|1|1|7|2|animalCount|[3 6 6 7 2 2 7 10 9 5 0 4 4 4 8 6 9 1 0 8]
STATE|1|1|7|2|forageCount|9.03
STATE|1|1|7|2|forageMass|9.56
STATE|1|1|7|2|fenced?|false
STATE|1|1|7|2|attacked?|true
STATE|1|1|7|2|cropped|false
STATE|1|1|7|2|totalLivestock|[1 2 8 5 7 4 3 1 0 6 3 3 8 2 5 1 0 0 1 0]
STATE|1|1|7|2|treeCount|3.57
STATE|1|1|7|2|grassMass|2.58
STATE|1|1|7|2|pAttack|2.98
STATE|1|1|7|2|arable|true
STATE|1|1|7|2|totalHarvest|6.24
STATE|1|1|7|2|animalLoss|3.42
STATE|1|1|7|2|ownedBy|3
STATE|1|1|7|2|village|3
STATE|1|1|7|2|shared?|false
STATE|1|1|7|3|animalCount|[0 4 5 2 6 5 9 5 5 1 8 3 5 2 10 6 3 9 3 8]
STATE|1|1|7|3|forageCount|4.81
STATE|1|1|7|3|forageMass|3.26
STATE|1|1|7|3|fenced?|true
STATE|1|1|7|3|attacked?|false
STATE|1|1|7|3|cropped|false
STATE|1|1|7|3|totalLivestock|[4 8 4 4 8 9 3 10 4 3 6 3 7 10 0 4 5 9 8 7]
STATE|1|1|7|3|treeCount|3.68
STATE|1|1|7|3|grassMass|4.57
STATE|1|1|7|3|pAttack|6.98
STATE|1|1|7|3|arable|false
STATE|1|1|7|3|totalHarvest|4.05
STATE|1|1|7|3|animalLoss|5.81
STATE|1|1|7|3|ownedBy|1
STATE|1|1|7|3|village|3
STATE|1|1|7|3|shared?|false
STATE|1|1|7|4|animalCount|[6 8 4 5 10 3 7 10 7 5 0 0 2 4 7 10 6 1 9 4]
STATE|1|1|7|4|forageCount|1.96
STATE|1|1|7|4|forageMass|1.51
STATE|1|1|7|4|fenced?|true
STATE|1|1|7|4|attacked?|false
STATE|1|1|7|4|cropped|true
STATE|1|1|7|4|totalLivestock|[5 2 7 6 3 10 3 5 9 10 0 8 9 0 8 10 8 8 8 6]
STATE|1|1|7|4|treeCount|8.61
STATE|1|1|7|4|grassMass|3.31
STATE|1|1|7|4|pAttack|0.42
STATE|1|1|7|4|arable|true
STATE|1|1|7|4|totalHarvest|0.27
STATE|1|1|7|4|animalLoss|6.37
STATE|1|1|7|4|ownedBy|2
STATE|1|1|7|4|village|0
STATE|1|1|7|4|shared?|false
STATE|1|1|7|5|animalCount|[5 5 10 3 1 8 7 2 8 3 8 10 7 10 0 8 9 7 8 3]
STATE|1|1|7|5|forageCount|3.5
STATE|1|1|7|5|forageMass|8.05
STATE|1|1|7|5|fenced?|true
STATE|1|1|7|5|attacked?|true
STATE|1|1|7|5|cropped|true
STATE|1|1|7|5|totalLivestock|[1 6 7 1 5 9 3 10 3 9 4 2 3 3 6 9 8 6 2 7]
STATE|1|1|7|5|treeCount|3.86
STATE|1|1|7|5|grassMass|5.68
STATE|1|1|7|5|pAttack|9.67
STATE|1|1|7|5|arable|false
STATE|1|1|7|5|totalHarvest|8.45
STATE|1|1|7|5|animalLoss|8.34
STATE|1|1|7|5|ownedBy|2
STATE|1|1|7|5|village|3
STATE|1|1|7|5|shared?|false
STATE|1|1|7|6|animalCount|[0 6 6 1 3 7 9 4 6 4 8 4 5 10 10 10 9 9 7 1]
STATE|1|1|7|6|forageCount|1.39
STATE|1|1|7|6|forageMass|5.89
STATE|1|1|7|6|fenced?|false
STATE|1|1|7|6|attacked?|true
STATE|1|1|7|6|cropped|true
STATE|1|1|7|6|totalLivestock|[1 9 0 9 1 6 0 4 1 4 9 4 0 4 5 7 4 8 7 1]
STATE|1|1|7|6|treeCount|9.83
STATE|1|1|7|6|grassMass|5.53
STATE|1|1|7|6|pAttack|2.84
STATE|1|1|7|6|arable|false
STATE|1|1|7|6|totalHarvest|4.63
STATE|1|1|7|6|animalLoss|6.99
STATE|1|1|7|6|ownedBy|0
STATE|1|1|7|6|village|0
STATE|1|1|7|6|shared?|false
STATE|1|1|7|7|animalCount|[1 5 2 4 9 4 4 6 0 8 6 2 6 1 7 2 0 6 6 1]
STATE|1|1|7|7|forageCount|2.97
STATE|1|1|7|7|forageMass|0.78
STATE|1|1|7|7|fenced?|false
STATE|1|1|7|7|attacked?|false
STATE|1|1|7|7|cropped|true
STATE|1|1|7|7|totalLivestock|[5 5 8 8 6 1 2 3 4 5 9 3 1 10 9 6 2 1 5 5]
STATE|1|1|7|7|treeCount|0.36
STATE|1|1|7|7|grassMass|3.65
STATE|1|1|7|7|pAttack|1.11
STATE|1|1|7|7|arable|true
STATE|1|1|7|7|totalHarvest|3.72
STATE|1|1|7|7|animalLoss|9.72
STATE|1|1|7|7|ownedBy|0
STATE|1|1|7|7|village|0
STATE|1|1|7|7|shared?|false
CHOICE|1|1|1|3|3|-99|12:00:23.000 PM 28-Sep-2026
CHOICE|1|1|1|1|7|1|12:00:32.000 PM 28-Sep-2026
CONFIRM|1|1|1|12:00:35.000 PM 28-Sep-2026
CHOICE|1|1|2|1|2|3|12:00:50.000 PM 28-Sep-2026
CONFIRM|1|1|2|12:01:02.000 PM 28-Sep-2026
CHOICE|1|1|3|7|3|4|12:01:07.000 PM 28-Sep-2026
CONFIRM|1|1|3|12:01:10.000 PM 28-Sep-2026
CHOICE|1|1|4|6|7|3|12:01:24.000 PM 28-Sep-2026
CHOICE|1|1|4|3|2|2|12:01:39.000 PM 28-Sep-2026
CHOICE|1|1|4|3|4|1|12:01:44.000 PM 28-Sep-2026
CONFIRM|1|1|4|12:01:47.000 PM 28-Sep-2026
CHOICE|1|1|5|3|1|1|12:01:52.000 PM 28-Sep-2026
CHOICE|1|1|5|3|1|-99|12:02:06.000 PM 28-Sep-2026
CHOICE|1|1|5|1|6|3|12:02:15.000 PM 28-Sep-2026
CONFIRM|1|1|5|12:02:24.000 PM 28-Sep-2026
CHOICE|1|1|6|0|6|1|12:02:37.000 PM 28-Sep-2026
CONFIRM|1|1|6|12:02:46.000 PM 28-Sep-2026
CHOICE|1|1|7|2|2|3|12:02:50.000 PM 28-Sep-2026
CHOICE|1|1|7|7|5|3|12:03:02.000 PM 28-Sep-2026
CONFIRM|1|1|7|12:03:07.000 PM 28-Sep-2026
CHOICE|1|1|8|3|6|4|12:03:11.000 PM 28-Sep-2026
CHOICE|1|1|8|3|6|2|12:03:24.000 PM 28-Sep-2026
CHOICE|1|1|8|0|0|3|12:03:37.000 PM 28-Sep-2026
CONFIRM|1|1|8|12:03:45.000 PM 28-Sep-2026
CHOICE|1|1|9|2|5|3|12:03:51.000 PM 28-Sep-2026
CHOICE|1|1|9|0|4|1|12:03:58.000 PM 28-Sep-2026
CONFIRM|1|1|9|12:04:01.000 PM 28-Sep-2026
CHOICE|1|1|10|4|6|4|12:04:09.000 PM 28-Sep-2026
CONFIRM|1|1|10|12:04:16.000 PM 28-Sep-2026
CHOICE|1|1|11|2|7|2|12:04:29.000 PM 28-Sep-2026
CHOICE|1|1|11|2|7|4|12:04:34.000 PM 28-Sep-2026
CHOICE|1|1|11|0|4|4|12:04:45.000 PM 28-Sep-2026
CONFIRM|1|1|11|12:04:48.000 PM 28-Sep-2026
CHOICE|1|1|12|2|3|1|12:04:51.000 PM 28-Sep-2026
CONFIRM|1|1|12|12:04:57.000 PM 28-Sep-2026
CHOICE|1|1|13|0|2|3|12:05:02.000 PM 28-Sep-2026
CHOICE|1|1|13|0|2|-99|12:05:11.000 PM 28-Sep-2026
CHOICE|1|1|13|0|2|-99|12:05:13.000 PM 28-Sep-2026
CONFIRM|1|1|13|12:05:16.000 PM 28-Sep-2026
CHOICE|1|1|14|7|5|1|12:05:31.000 PM 28-Sep-2026
CHOICE|1|1|14|5|2|3|12:05:33.000 PM 28-Sep-2026
CHOICE|1|1|14|3|2|1|12:05:48.000 PM 28-Sep-2026
CONFIRM|1|1|14|12:05:59.000 PM 28-Sep-2026
CHOICE|1|1|15|2|7|4|12:06:06.000 PM 28-Sep-2026
CHOICE|1|1|15|2|5|4|12:06:10.000 PM 28-Sep-2026
CHOICE|1|1|15|7|4|-99|12:06:20.000 PM 28-Sep-2026
CONFIRM|1|1|15|12:06:21.000 PM 28-Sep-2026
CHOICE|1|1|16|0|7|1|12:06:36.000 PM 28-Sep-2026
CHOICE|1|1|16|4|1|1|12:06:38.000 PM 28-Sep-2026
CHOICE|1|1|16|4|1|3|12:06:39.000 PM 28-Sep-2026
CONFIRM|1|1|16|12:06:41.000 PM 28-Sep-2026
CHOICE|1|1|17|1|7|2|12:06:45.000 PM 28-Sep-2026
CHOICE|1|1|17|1|7|1|12:06:58.000 PM 28-Sep-2026
CONFIRM|1|1|17|12:07:08.000 PM 28-Sep-2026
CHOICE|1|1|18|5|6|3|12:07:21.000 PM 28-Sep-2026
CHOICE|1|1|18|5|6|-99|12:07:32.000 PM 28-Sep-2026
CHOICE|1|1|18|4|2|2|12:07:43.000 PM 28-Sep-2026
CONFIRM|1|1|18|12:07:49.000 PM 28-Sep-2026
CHOICE|1|1|19|4|5|3|12:08:02.000 PM 28-Sep-2026
CONFIRM|1|1|19|12:08:08.000 PM 28-Sep-2026
CHOICE|1|1|20|3|6|1|12:08:15.000 PM 28-Sep-2026
CHOICE|1|1|20|3|6|4|12:08:29.000 PM 28-Sep-2026
CONFIRM|1|1|20|12:08:42.000 PM 28-Sep-2026
SCORE|1|1|1|0|28|0
SCORE|1|1|2|4|11|11
SCORE|1|1|3|12|60|20
SCORE|1|1|4|5|36|0
SCORE|1|1|5|1|6|17
SCORE|1|1|6|8|52|3
SCORE|1|1|7|10|54|12
SCORE|1|1|8|18|65|18
SCORE|1|1|9|12|62|2
SCORE|1|1|10|17|59|17
SCORE|1|1|11|8|54|17
SCORE|1|1|12|3|9|20
SCORE|1|1|13|14|16|12
SCORE|1|1|14|6|6|14
SCORE|1|1|15|5|21|18
SCORE|1|1|16|15|21|19
SCORE|1|1|17|0|12|0
SCORE|1|1|18|17|61|8
SCORE|1|1|19|4|43|6
SCORE|1|1|20|6|12|15
PHASE|phase-1-2|12:08:43.000 PM 28-Sep-2026
STATE|1|2|0|0|animalCount|[4 1 0 9 10 3 1 1 7 10 10 6 3 2 2 10 8 4 10 9]
STATE|1|2|0|0|forageCount|6.12
STATE|1|2|0|0|forageMass|4.98
STATE|1|2|0|0|fenced?|true
STATE|1|2|0|0|attacked?|true
STATE|1|2|0|0|cropped|false
STATE|1|2|0|0|totalLivestock|[1 9 0 5 3 1 8 7 1 9 5 3 0 8 10 6 10 10 0 3]
STATE|1|2|0|0|treeCount|9.21
STATE|1|2|0|0|grassMass|8.34
STATE|1|2|0|0|pAttack|2.57
STATE|1|2|0|0|arable|true
STATE|1|2|0|0|totalHarvest|0.39
STATE|1|2|0|0|animalLoss|7.93
STATE|1|2|0|0|ownedBy|2
STATE|1|2|0|0|village|3
STATE|1|2|0|0|shared?|false
STATE|1|2|0|1|animalCount|[7 7 4 7 8 0 0 9 4 1 5 9 8 9 4 2 5 4 0 6]
STATE|1|2|0|1|forageCount|5.0
STATE|1|2|0|1|forageMass|7.83
STATE|1|2|0|1|fenced?|false
STATE|1|2|0|1|attacked?|false
STATE|1|2|0|1|cropped|false
STATE|1|2|0|1|totalLivestock|[4 0 9 4 8 2 2 5 9 5 5 7 6 8 1 2 8 5 6 5]
STATE|1|2|0|1|treeCount|1.07
STATE|1|2|0|1|grassMass|0.74
STATE|1|2|0|1|pAttack|6.64
STATE|1|2|0|1|arable|false
STATE|1|2|0|1|totalHarvest|0.31
STATE|1|2|0|1|animalLoss|8.38
STATE|1|2|0|1|ownedBy|3
STATE|1|2|0|1|village|1
STATE|1|2|0|1|shared?|true
STATE|1|2|0|2|animalCount|[2 5 8 1 7 3 5 8 2 9 9 5 3 5 2 0 1 6 1 2]
STATE|1|2|0|2|forageCount|7.01
STATE|1|2|0|2|forageMass|3.07
STATE|1|2|0|2|fenced?|false
STATE|1|2|0|2|attacked?|true
STATE|1|2|0|2|cropped|true
STATE|1|2|0|2|totalLivestock|[8 4 3 10 8 10 8 0 3 1 1 6 2 7 7 3 6 0 10 3]
STATE|1|2|0|2|treeCount|9.22
STATE|1|2|0|2|grassMass|5.05
STATE|1|2|0|2|pAttack|7.79
STATE|1|2|0|2|arable|true
STATE|1|2|0|2|totalHarvest|4.87
STATE|1|2|0|2|animalLoss|4.22
STATE|1|2|0|2|ownedBy|0
STATE|1|2|0|2|village|0
STATE|1|2|0|2|shared?|true
STATE|1|2|0|3|animalCount|[9 3 7 0 8 4 5 10 9 1 4 1 9 7 7 10 3 9 0 9]
STATE|1|2|0|3|forageCount|9.51
STATE|1|2|0|3|forageMass|3.96
STATE|1|2|0|3|fenced?|true
STATE|1|2|0|3|attacked?|false
STATE|1|2|0|3|cropped|true
STATE|1|2|0|3|totalLivestock|[4 1 8 8 9 9 10 3 2 6 9 4 9 6 1 8 6 1 4 1]
STATE|1|2|0|3|treeCount|7.82
STATE|1|2|0|3|grassMass|5.81
STATE|1|2|0|3|pAttack|7.22
STATE|1|2|0|3|arable|true
STATE|1|2|0|3|totalHarvest|1.13
STATE|1|2|0|3|animalLoss|6.92
STATE|1|2|0|3|ownedBy|1
STATE|1|2|0|3|village|1
STATE|1|2|0|3|shared?|false
STATE|1|2|0|4|animalCount|[10 8 0 6 2 3 9 3 4 9 0 4 2 1 0 2 7 0 10 5]
STATE|1|2|0|4|forageCount|7.47
STATE|1|2|0|4|forageMass|6.02
STATE|1|2|0|4|fenced?|true
STATE|1|2|0|4|attacked?|true
STATE|1|2|0|4|cropped|false
STATE|1|2|0|4|totalLivestock|[4 3 6 5 7 6 1 10 9 9 9 10 7 9 0 6 2 4 8 2]
STATE|1|2|0|4|treeCount|5.46
STATE|1|2|0|4|grassMass|8.92
STATE|1|2|0|4|pAttack|0.02
STATE|1|2|0|4|arable|true
STATE|1|2|0|4|totalHarvest|2.39
STATE|1|2|0|4|animalLoss|7.39
STATE|1|2|0|4|ownedBy|2
STATE|1|2|0|4|village|1
STATE|1|2|0|4|shared?|true
STATE|1|2|0|5|animalCount|[5 9 6 5 4 3 1 6 0 0 6 9 1 3 4 5 5 2 7 3]
STATE|1|2|0|5|forageCount|2.04
STATE|1|2|0|5|forageMass|6.17
STATE|1|2|0|5|fenced?|true
STATE|1|2|0|5|attacked?|true
STATE|1|2|0|5|cropped|true
STATE|1|2|0|5|totalLivestock|[5 1 8 9 10 5 3 9 8 5 6 4 1 3 9 5 10 9 3 3]
STATE|1|2|0|5|treeCount|9.85
STATE|1|2|0|5|grassMass|3.79
STATE|1|2|0|5|pAttack|6.4
STATE|1|2|0|5|arable|true
STATE|1|2|0|5|totalHarvest|8.96
STATE|1|2|0|5|animalLoss|7.03
STATE|1|2|0|5|ownedBy|0
STATE|1|2|0|5|village|2
STATE|1|2|0|5|shared?|true
STATE|1|2|0|6|animalCount|[9 10 6 8 9 6 8 2 9 5 8 3 9 8 9 10 2 10 6 4]
STATE|1|2|0|6|forageCount|0.97
STATE|1|2|0|6|forageMass|9.16
STATE|1|2|0|6|fenced?|false
STATE|1|2|0|6|attacked?|true
STATE|1|2|0|6|cropped|false
STATE|1|2|0|6|totalLivestock|[5 0 2 0 8 5 6 9 7 10 9 1 5 8 10 1 3 2 4 6]
STATE|1|2|0|6|treeCount|5.36
STATE|1|2|0|6|grassMass|1.48
STATE|1|2|0|6|pAttack|9.84
STATE|1|2|0|6|arable|true
STATE|1|2|0|6|totalHarvest|6.78
STATE|1|2|0|6|animalLoss|2.6
STATE|1|2|0|6|ownedBy|0
STATE|1|2|0|6|village|0
STATE|1|2|0|6|shared?|false
STATE|1|2|0|7|animalCount|[8 1 10 1 10 9 2 5 8 5 10 0 5 8 7 0 6 6 0 0]
STATE|1|2|0|7|forageCount|9.08
STATE|1|2|0|7|forageMass|1.12
STATE|1|2|0|7|fenced?|true
STATE|1|2|0|7|attacked?|false
STATE|1|2|0|7|cropped|true
STATE|1|2|0|7|totalLivestock|[5 6 6 6 1 10 9 3 7 10 5 10 8 0 3 2 4 3 10 2]
STATE|1|2|0|7|treeCount|8.19
STATE|1|2|0|7|grassMass|2.48
STATE|1|2|0|7|pAttack|2.05
STATE|1|2|0|7|arable|false
STATE|1|2|0|7|totalHarvest|0.8
STATE|1|2|0|7|animalLoss|0.97
STATE|1|2|0|7|ownedBy|0
STATE|1|2|0|7|village|1
STATE|1|2|0|7|shared?|true
STATE|1|2|1|0|animalCount|[0 10 6 4 0 1 0 0 2 4 0 5 7 2 8 10 5 7 4 6]
STATE|1|2|1|0|forageCount|9.54
STATE|1|2|1|0|forageMass|7.55
STATE|1|2|1|0|fenced?|false
STATE|1|2|1|0|attacked?|false
STATE|1|2|1|0|cropped|false
STATE|1|2|1|0|totalLivestock|[3 9 2 3 2 2 1 6 10 9 7 3 8 1 5 1 7 5 7 0]
STATE|1|2|1|0|treeCount|8.22
STATE|1|2|1|0|grassMass|2.6
STATE|1|2|1|0|pAttack|8.23
STATE|1|2|1|0|arable|true
STATE|1|2|1|0|totalHarvest|5.85
STATE|1|2|1|0|animalLoss|5.35
STATE|1|2|1|0|ownedBy|0
STATE|1|2|1|0|village|0
STATE|1|2|1|0|shared?|false
STATE|1|2|1|1|animalCount|[4 10 5 3 7 3 3 3 0 0 7 9 5 10 4 0 8 5 10 4]
STATE|1|2|1|1|forageCount|9.23
STATE|1|2|1|1|forageMass|6.02
STATE|1|2|1|1|fenced?|false
STATE|1|2|1|1|attacked?|false
STATE|1|2|1|1|cropped|false
STATE|1|2|1|1|totalLivestock|[5 8 8 7 9 2 8 8 8 2 2 8 1 5 8 2 10 3 9 3]
STATE|1|2|1|1|treeCount|6.09
STATE|1|2|1|1|grassMass|0.25
STATE|1|2|1|1|pAttack|1.54
STATE|1|2|1|1|arable|false
STATE|1|2|1|1|totalHarvest|1.15
STATE|1|2|1|1|animalLoss|6.57
STATE|1|2|1|1|ownedBy|0
STATE|1|2|1|1|village|3
STATE|1|2|1|1|shared?|false
STATE|1|2|1|2|animalCount|[9 0 3 2 3 4 7 9 6 9 0 2 8 6 3 3 4 1 1 4]
STATE|1|2|1|2|forageCount|7.53
STATE|1|2|1|2|forageMass|5.24
STATE|1|2|1|2|fenced?|true
STATE|1|2|1|2|attacked?|false
STATE|1|2|1|2|cropped|false
STATE|1|2|1|2|totalLivestock|[0 10 10 2 3 1 10 5 6 5 8 10 7 6 0 4 2 7 7 3]
STATE|1|2|1|2|treeCount|5.18
STATE|1|2|1|2|grassMass|1.05
STATE|1|2|1|2|pAttack|6.44
STATE|1|2|1|2|arable|false
STATE|1|2|1|2|totalHarvest|4.76
STATE|1|2|1|2|animalLoss|5.84
STATE|1|2|1|2|ownedBy|3
STATE|1|2|1|2|village|3
STATE|1|2|1|2|shared?|true
STATE|1|2|1|3|animalCount|[2 4 7 9 10 1 1 2 0 10 6 2 5 4 10 2 10 1 2 1]
STATE|1|2|1|3|forageCount|1.07
STATE|1|2|1|3|forageMass|7.74
STATE|1|2|1|3|fenced?|true
STATE|1|2|1|3|attacked?|true
STATE|1|2|1|3|cropped|true
STATE|1|2|1|3|totalLivestock|[6 7 9 2 7 8 1 3 8 4 1 4 10 1 4 2 0 8 3 1]
STATE|1|2|1|3|treeCount|1.4
STATE|1|2|1|3|grassMass|8.47
STATE|1|2|1|3|pAttack|5.39
STATE|1|2|1|3|arable|true
STATE|1|2|1|3|totalHarvest|8.14
STATE|1|2|1|3|animalLoss|4.57
STATE|1|2|1|3|ownedBy|0
STATE|1|2|1|3|village|0
STATE|1|2|1|3|shared?|false
STATE|1|2|1|4|animalCount|[0 8 9 2 3 6 1 6 9 10 5 5 0 3 6 1 10 9 3 10]
STATE|1|2|1|4|forageCount|2.33
STATE|1|2|1|4|forageMass|6.46
STATE|1|2|1|4|fenced?|true
STATE|1|2|1|4|attacked?|false
STATE|1|2|1|4|cropped|false
STATE|1|2|1|4|totalLivestock|[7 3 1 6 0 3 1 1 10 6 6 0 4 9 9 8 5 3 9 7]
STATE|1|2|1|4|treeCount|0.86
STATE|1|2|1|4|grassMass|6.06
STATE|1|2|1|4|pAttack|3.89
STATE|1|2|1|4|arable|false
STATE|1|2|1|4|totalHarvest|8.77
STATE|1|2|1|4|animalLoss|7.89
STATE|1|2|1|4|ownedBy|1
STATE|1|2|1|4|village|3
STATE|1|2|1|4|shared?|true
STATE|1|2|1|5|animalCount|[1 5 8 8 10 4 10 1 4 4 4 6 2 3 6 10 8 4 9 0]
STATE|1|2|1|5|forageCount|0.98
STATE|1|2|1|5|forageMass|1.99
STATE|1|2|1|5|fenced?|true
STATE|1|2|1|5|attacked?|false
STATE|1|2|1|5|cropped|true
STATE|1|2|1|5|totalLivestock|[9 6 7 3 5 6 8 0 4 7 9 9 5 0 7 8 2 7 0 2]
STATE|1|2|1|5|treeCount|6.25
STATE|1|2|1|5|grassMass|3.76
STATE|1|2|1|5|pAttack|1.16
STATE|1|2|1|5|arable|true
STATE|1|2|1|5|totalHarvest|9.63
STATE|1|2|1|5|animalLoss|2.14
STATE|1|2|1|5|ownedBy|2
STATE|1|2|1|5|village|3
STATE|1|2|1|5|shared?|false
STATE|1|2|1|6|animalCount|[1 0 1 9 4 9 7 0 6 3 8 9 2 3 8 0 3 6 8 10]
STATE|1|2|1|6|forageCount|5.45
STATE|1|2|1|6|forageMass|6.06
STATE|1|2|1|6|fenced?|false
STATE|1|2|1|6|attacked?|true
STATE|1|2|1|6|cropped|true
STATE|1|2|1|6|totalLivestock|[7 0 2 2 2 3 0 3 6 0 0 5 1 4 10 9 0 1 4 1]
STATE|1|2|1|6|treeCount|5.21
STATE|1|2|1|6|grassMass|6.35
STATE|1|2|1|6|pAttack|4.94
STATE|1|2|1|6|arable|true
STATE|1|2|1|6|totalHarvest|4.3
STATE|1|2|1|6|animalLoss|5.5
STATE|1|2|1|6|ownedBy|3
STATE|1|2|1|6|village|2
STATE|1|2|1|6|shared?|true
STATE|1|2|1|7|animalCount|[10 10 0 7 8 0 2 2 1 4 9 7 7 2 1 7 5 1 4 3]
STATE|1|2|1|7|forageCount|2.5
STATE|1|2|1|7|forageMass|7.75
STATE|1|2|1|7|fenced?|false
STATE|1|2|1|7|attacked?|true
STATE|1|2|1|7|cropped|true
STATE|1|2|1|7|totalLivestock|[9 2 8 1 6 7 8 1 1 9 1 1 2 9 7 4 8 3 1 9]
STATE|1|2|1|7|treeCount|7.66
STATE|1|2|1|7|grassMass|2.72
STATE|1|2|1|7|pAttack|0.54
STATE|1|2|1|7|arable|false
STATE|1|2|1|7|totalHarvest|3.14
STATE|1|2|1|7|animalLoss|1.69
STATE|1|2|1|7|ownedBy|3
STATE|1|2|1|7|village|1
STATE|1|2|1|7|shared?|true
STATE|1|2|2|0|animalCount|[8 9 7 8 8 4 8 8 0 3 6 7 6 7 10 5 9 10 5 5]
STATE|1|2|2|0|forageCount|1.5
STATE|1|2|2|0|forageMass|4.47
STATE|1|2|2|0|fenced?|false
STATE|1|2|2|0|attacked?|true
STATE|1|2|2|0|cropped|false
STATE|1|2|2|0|totalLivestock|[5 10 8 10 4 1 8 10 3 7 9 3 8 5 10 7 10 4 10 3]
STATE|1|2|2|0|treeCount|6.86
STATE|1|2|2|0|grassMass|7.12
STATE|1|2|2|0|pAttack|2.52
STATE|1|2|2|0|arable|false
STATE|1|2|2|0|totalHarvest|6.09
STATE|1|2|2|0|animalLoss|5.02
STATE|1|2|2|0|ownedBy|3
STATE|1|2|2|0|village|2
STATE|1|2|2|0|shared?|true
STATE|1|2|2|1|animalCount|[3 5 3 9 5 6 9 4 7 1 1 4 10 10 2 1 7 1 1 1]
STATE|1|2|2|1|forageCount|5.18
STATE|1|2|2|1|forageMass|1.95
STATE|1|2|2|1|fenced?|false
STATE|1|2|2|1|attacked?|true
STATE|1|2|2|1|cropped|true
STATE|1|2|2|1|totalLivestock|[5 8 2 5 6 8 3 4 8 2 5 4 7 3 2 7 7 7 5 8]
STATE|1|2|2|1|treeCount|9.17
STATE|1|2|2|1|grassMass|0.99
STATE|1|2|2|1|pAttack|7.65
STATE|1|2|2|1|arable|true
STATE|1|2|2|1|totalHarvest|9.08
STATE|1|2|2|1|animalLoss|2.57
STATE|1|2|2|1|ownedBy|3
STATE|1|2|2|1|village|1
STATE|1|2|2|1|shared?|true
STATE|1|2|2|2|animalCount|[3 10 10 1 10 9 10 4 7 10 7 1 6 10 4 9 5 1 2 5]
STATE|1|2|2|2|forageCount|3.2
STATE|1|2|2|2|forageMass|1.43
STATE|1|2|2|2|fenced?|true
STATE|1|2|2|2|attacked?|false
STATE|1|2|2|2|cropped|true
STATE|1|2|2|2|totalLivestock|[5 6 7 5 6 2 1 7 5 0 0 10 0 1 6 2 7 4 2 3]
STATE|1|2|2|2|treeCount|3.62
STATE|1|2|2|2|grassMass|3.4
STATE|1|2|2|2|pAttack|8.02
STATE|1|2|2|2|arable|false
STATE|1|2|2|2|totalHarvest|8.19
STATE|1|2|2|2|animalLoss|1.54
STATE|1|2|2|2|ownedBy|0
STATE|1|2|2|2|village|1
STATE|1|2|2|2|shared?|false
STATE|1|2|2|3|animalCount|[5 9 8 6 8 4 0 8 5 7 5 8 1 3 7 8 9 2 0 5]
STATE|1|2|2|3|forageCount|7.69
STATE|1|2|2|3|forageMass|9.03
STATE|1|2|2|3|fenced?|false
STATE|1|2|2|3|attacked?|false
STATE|1|2|2|3|cropped|false
STATE|1|2|2|3|totalLivestock|[1 3 8 1 1 8 7 2 9 6 5 3 6 5 2 10 2 9 8 9]
STATE|1|2|2|3|treeCount|0.86
STATE|1|2|2|3|grassMass|8.31
STATE|1|2|2|3|pAttack|2.38
STATE|1|2|2|3|arable|true
STATE|1|2|2|3|totalHarvest|5.58
STATE|1|2|2|3|animalLoss|6.31
STATE|1|2|2|3|ownedBy|0
STATE|1|2|2|3|village|3
STATE|1|2|2|3|shared?|false
STATE|1|2|2|4|animalCount|[6 10 1 4 8 1 0 1 7 4 3 8 7 10 5 9 7 3 5 5]
STATE|1|2|2|4|forageCount|3.24
STATE|1|2|2|4|forageMass|1.61
STATE|1|2|2|4|fenced?|false
STATE|1|2|2|4|attacked?|false
STATE|1|2|2|4|cropped|false
STATE|1|2|2|4|totalLivestock|[7 6 2 6 1 3 6 1 1 4 3 1 6 9 7 10 8 6 6 7]
STATE|1|2|2|4|treeCount|7.46
STATE|1|2|2|4|grassMass|0.69
STATE|1|2|2|4|pAttack|6.56
STATE|1|2|2|4|arable|true
STATE|1|2|2|4|totalHarvest|7.23
STATE|1|2|2|4|animalLoss|2.83
STATE|1|2|2|4|ownedBy|0
STATE|1|2|2|4|village|2
STATE|1|2|2|4|shared?|true
STATE|1|2|2|5|animalCount|[8 0 6 6 9 3 0 5 2 9 1 7 6 9 4 0 9 8 3 2]
STATE|1|2|2|5|forageCount|1.26
STATE|1|2|2|5|forageMass|7.03
STATE|1|2|2|5|fenced?|true
STATE|1|2|2|5|attacked?|false
STATE|1|2|2|5|cropped|false
STATE|1|2|2|5|totalLivestock|[1 5 5 9 10 10 10 10 3 7 8 9 4 7 7 0 10 3 10 1]
STATE|1|2|2|5|treeCount|3.06
STATE|1|2|2|5|grassMass|2.98
STATE|1|2|2|5|pAttack|3.57
STATE|1|2|2|5|arable|true
STATE|1|2|2|5|totalHarvest|0.6
STATE|1|2|2|5|animalLoss|1.62
STATE|1|2|2|5|ownedBy|1
STATE|1|2|2|5|village|1
STATE|1|2|2|5|shared?|false
STATE|1|2|2|6|animalCount|[7 9 6 4 7 10 6 5 0 10 10 9 1 5 4 3 2 4 8 1]
STATE|1|2|2|6|forageCount|1.12
STATE|1|2|2|6|forageMass|7.64
STATE|1|2|2|6|fenced?|false
STATE|1|2|2|6|attacked?|true
STATE|1|2|2|6|cropped|false
STATE|1|2|2|6|totalLivestock|[10 0 4 3 7 4 9 9 2 3 1 6 7 7 3 9 6 2 9 10]
STATE|1|2|2|6|treeCount|5.9
STATE|1|2|2|6|grassMass|1.33
STATE|1|2|2|6|pAttack|9.72
STATE|1|2|2|6|arable|false
STATE|1|2|2|6|totalHarvest|3.7
STATE|1|2|2|6|animalLoss|7.45
STATE|1|2|2|6|ownedBy|2
STATE|1|2|2|6|village|3
STATE|1|2|2|6|shared?|false
STATE|1|2|2|7|animalCount|[7 4 4 10 5 7 10 7 6 3 9 4 9 8 6 1 9 1 7 0]
STATE|1|2|2|7|forageCount|0.27
STATE|1|2|2|7|forageMass|0.75
STATE|1|2|2|7|fenced?|false
STATE|1|2|2|7|attacked?|true
STATE|1|2|2|7|cropped|true
STATE|1|2|2|7|totalLivestock|[5 4 9 9 2 2 5 2 3 8 6 1 9 10 10 0 3 1 7 7]
STATE|1|2|2|7|treeCount|1.75
STATE|1|2|2|7|grassMass|8.39
STATE|1|2|2|7|pAttack|7.36
STATE|1|2|2|7|arable|true
STATE|1|2|2|7|totalHarvest|4.46
STATE|1|2|2|7|animalLoss|7.12
STATE|1|2|2|7|ownedBy|2
STATE|1|2|2|7|village|0
STATE|1|2|2|7|shared?|false
STATE|1|2|3|0|animalCount|[4 9 0 6 8 8 3 4 5 9 3 6 0 0 10 8 5 5 6 0]
STATE|1|2|3|0|forageCount|6.33
STATE|1|2|3|0|forageMass|9.67
STATE|1|2|3|0|fenced?|false
STATE|1|2|3|0|attacked?|false
STATE|1|2|3|0|cropped|true
STATE|1|2|3|0|totalLivestock|[0 3 2 6 0 1 5 5 7 3 3 4 8 3 0 7 8 6 8 0]
STATE|1|2|3|0|treeCount|0.41
STATE|1|2|3|0|grassMass|4.65
STATE|1|2|3|0|pAttack|4.38
STATE|1|2|3|0|arable|false
STATE|1|2|3|0|totalHarvest|3.77
STATE|1|2|3|0|animalLoss|4.07
STATE|1|2|3|0|ownedBy|3
STATE|1|2|3|0|village|1
STATE|1|2|3|0|shared?|true
STATE|1|2|3|1|animalCount|[8 0 2 8 0 2 10 1 6 1 6 8 3 2 5 8 6 8 8 5]
STATE|1|2|3|1|forageCount|7.27
STATE|1|2|3|1|forageMass|4.01
STATE|1|2|3|1|fenced?|false
STATE|1|2|3|1|attacked?|true
STATE|1|2|3|1|cropped|true
STATE|1|2|3|1|totalLivestock|[1 0 7 7 5 3 4 5 0 1 8 4 10 7 8 4 6 2 1 5]
STATE|1|2|3|1|treeCount|4.5
STATE|1|2|3|1|grassMass|8.73
STATE|1|2|3|1|pAttack|2.17
STATE|1|2|3|1|arable|false
STATE|1|2|3|1|totalHarvest|9.81
STATE|1|2|3|1|animalLoss|0.41
STATE|1|2|3|1|ownedBy|0
STATE|1|2|3|1|village|3
STATE|1|2|3|1|shared?|true
STATE|1|2|3|2|animalCount|[9 2 0 0 1 9 1 7 0 5 7 4 3 6 2 2 4 0 2 0]
STATE|1|2|3|2|forageCount|8.39
STATE|1|2|3|2|forageMass|5.09
STATE|1|2|3|2|fenced?|true
STATE|1|2|3|2|attacked?|false
STATE|1|2|3|2|cropped|false
STATE|1|2|3|2|totalLivestock|[6 4 8 8 10 1 2 8 7 0 7 0 7 4 8 9 5 5 5 2]
STATE|1|2|3|2|treeCount|9.07
STATE|1|2|3|2|grassMass|8.53
STATE|1|2|3|2|pAttack|5.44
STATE|1|2|3|2|arable|true
STATE|1|2|3|2|totalHarvest|6.87
STATE|1|2|3|2|animalLoss|7.17
STATE|1|2|3|2|ownedBy|1
STATE|1|2|3|2|village|1
STATE|1|2|3|2|shared?|true
STATE|1|2|3|3|animalCount|[9 0 3 1 8 1 10 2 6 0 0 8 0 4 4 0 3 9 2 1]
STATE|1|2|3|3|forageCount|8.45
STATE|1|2|3|3|forageMass|8.64
STATE|1|2|3|3|fenced?|false
STATE|1|2|3|3|attacked?|true
STATE|1|2|3|3|cropped|true
STATE|1|2|3|3|totalLivestock|[0 10 1 5 2 6 2 5 1 9 10 4 1 10 3 2 3 5 9 4]
STATE|1|2|3|3|treeCount|1.87
STATE|1|2|3|3|grassMass|8.17
STATE|1|2|3|3|pAttack|5.82
STATE|1|2|3|3|arable|true
STATE|1|2|3|3|totalHarvest|3.37
STATE|1|2|3|3|animalLoss|6.7
STATE|1|2|3|3|ownedBy|0
STATE|1|2|3|3|village|0
STATE|1|2|3|3|shared?|true
STATE|1|2|3|4|animalCount|[8 0 0 5 1 6 4 5 6 0 1 6 8 3 8 8 0 2 9 7]
STATE|1|2|3|4|forageCount|0.41
STATE|1|2|3|4|forageMass|0.81
STATE|1|2|3|4|fenced?|true
STATE|1|2|3|4|attacked?|false
STATE|1|2|3|4|cropped|false
STATE|1|2|3|4|totalLivestock|[1 9 0 6 2 9 5 4 3 3 7 8 1 0 3 2 7 10 8 10]
STATE|1|2|3|4|treeCount|3.71
STATE|1|2|3|4|grassMass|9.34
STATE|1|2|3|4|pAttack|1.53
STATE|1|2|3|4|arable|false
STATE|1|2|3|4|totalHarvest|3.9
STATE|1|2|3|4|animalLoss|6.09
STATE|1|2|3|4|ownedBy|2
STATE|1|2|3|4|village|3
STATE|1|2|3|4|shared?|true
STATE|1|2|3|5|animalCount|[5 3 2 0 2 8 7 6 6 2 9 7 3 10 4 0 7 7 5 3]
STATE|1|2|3|5|forageCount|5.37
STATE|1|2|3|5|forageMass|7.22
STATE|1|2|3|5|fenced?|false
STATE|1|2|3|5|attacked?|false
STATE|1|2|3|5|cropped|true
STATE|1|2|3|5|totalLivestock|[4 5 5 7 7 1 6 0 4 8 4 4 1 10 10 4 2 8 9 3]
STATE|1|2|3|5|treeCount|6.35
STATE|1|2|3|5|grassMass|7.37
STATE|1|2|3|5|pAttack|7.3
STATE|1|2|3|5|arable|true
STATE|1|2|3|5|totalHarvest|8.68
STATE|1|2|3|5|animalLoss|7.42
STATE|1|2|3|5|ownedBy|0
STATE|1|2|3|5|village|3
STATE|1|2|3|5|shared?|true
STATE|1|2|3|6|animalCount|[2 4 3 4 7 5 2 4 1 8 2 0 1 5 3 9 4 5 1 9]
STATE|1|2|3|6|forageCount|2.06
STATE|1|2|3|6|forageMass|8.72
STATE|1|2|3|6|fenced?|true
STATE|1|2|3|6|attacked?|true
STATE|1|2|3|6|cropped|false
STATE|1|2|3|6|totalLivestock|[3 6 0 9 1 6 10 10 1 7 8 10 8 6 7 3 3 5 10 7]
STATE|1|2|3|6|treeCount|1.37
STATE|1|2|3|6|grassMass|2.91
STATE|1|2|3|6|pAttack|6.0
STATE|1|2|3|6|arable|true
STATE|1|2|3|6|totalHarvest|7.56
STATE|1|2|3|6|animalLoss|6.69
STATE|1|2|3|6|ownedBy|2
STATE|1|2|3|6|village|0
STATE|1|2|3|6|shared?|false
STATE|1|2|3|7|animalCount|[10 4 8 4 8 5 4 6 5 10 10 9 0 9 8 5 1 8 0 3]
STATE|1|2|3|7|forageCount|9.93
STATE|1|2|3|7|forageMass|0.15
STATE|1|2|3|7|fenced?|false
STATE|1|2|3|7|attacked?|false
STATE|1|2|3|7|cropped|true
STATE|1|2|3|7|totalLivestock|[7 5 5 7 9 0 7 8 2 5 6 9 10 7 3 2 10 4 3 6]
STATE|1|2|3|7|treeCount|0.57
STATE|1|2|3|7|grassMass|9.64
STATE|1|2|3|7|pAttack|4.89
STATE|1|2|3|7|arable|false
STATE|1|2|3|7|totalHarvest|6.16
STATE|1|2|3|7|animalLoss|1.1
STATE|1|2|3|7|ownedBy|2
STATE|1|2|3|7|village|1
STATE|1|2|3|7|shared?|false
STATE|1|2|4|0|animalCount|[6 8 9 1 2 1 4 6 7 2 8 1 10 4 6 6 6 8 9 0]
STATE|1|2|4|0|forageCount|9.02
STATE|1|2|4|0|forageMass|0.43
STATE|1|2|4|0|fenced?|true
STATE|1|2|4|0|attacked?|false
STATE|1|2|4|0|cropped|true
STATE|1|2|4|0|totalLivestock|[1 4 5 0 9 3 2 3 8 9 3 9 4 2 5 9 4 3 10 7]
STATE|1|2|4|0|treeCount|9.17
STATE|1|2|4|0|grassMass|6.27
STATE|1|2|4|0|pAttack|1.65
STATE|1|2|4|0|arable|true
STATE|1|2|4|0|totalHarvest|5.89
STATE|1|2|4|0|animalLoss|4.46
STATE|1|2|4|0|ownedBy|2
STATE|1|2|4|0|village|0
STATE|1|2|4|0|shared?|true
STATE|1|2|4|1|animalCount|[6 6 5 1 8 3 10 5 10 3 9 9 0 9 8 8 4 4 10 4]
STATE|1|2|4|1|forageCount|0.7
STATE|1|2|4|1|forageMass|2.21
STATE|1|2|4|1|fenced?|false
STATE|1|2|4|1|attacked?|true
STATE|1|2|4|1|cropped|false
STATE|1|2|4|1|totalLivestock|[9 6 5 9 2 2 2 3 3 0 3 9 9 2 6 8 10 2 10 0]
STATE|1|2|4|1|treeCount|0.87
STATE|1|2|4|1|grassMass|1.3
STATE|1|2|4|1|pAttack|7.25
STATE|1|2|4|1|arable|true
STATE|1|2|4|1|totalHarvest|7.08
STATE|1|2|4|1|animalLoss|7.27
STATE|1|2|4|1|ownedBy|2
STATE|1|2|4|1|village|3
STATE|1|2|4|1|shared?|true
STATE|1|2|4|2|animalCount|[6 6 10 5 7 2 5 1 5 9 9 3 10 4 1 4 10 0 7 3]
STATE|1|2|4|2|forageCount|4.78
STATE|1|2|4|2|forageMass|3.57
STATE|1|2|4|2|fenced?|true
STATE|1|2|4|2|attacked?|false
STATE|1|2|4|2|cropped|true
STATE|1|2|4|2|totalLivestock|[7 9 2 10 8 4 7 6 5 4 7 3 8 5 8 6 10 5 7 8]
STATE|1|2|4|2|treeCount|7.81
STATE|1|2|4|2|grassMass|8.87
STATE|1|2|4|2|pAttack|2.35
STATE|1|2|4|2|arable|false
STATE|1|2|4|2|totalHarvest|4.73
STATE|1|2|4|2|animalLoss|4.57
STATE|1|2|4|2|ownedBy|3
STATE|1|2|4|2|village|3
STATE|1|2|4|2|shared?|true
STATE|1|2|4|3|animalCount|[4 10 3 6 9 5 6 4 0 7 9 5 2 1 9 10 1 9 1 9]
STATE|1|2|4|3|forageCount|2.31
STATE|1|2|4|3|forageMass|4.0
STATE|1|2|4|3|fenced?|true
STATE|1|2|4|3|attacked?|true
STATE|1|2|4|3|cropped|true
STATE|1|2|4|3|totalLivestock|[10 5 3 6 4 4 0 8 7 8 10 4 10 7 0 9 4 0 9 1]
STATE|1|2|4|3|treeCount|7.22
STATE|1|2|4|3|grassMass|2.06
STATE|1|2|4|3|pAttack|9.89
STATE|1|2|4|3|arable|true
STATE|1|2|4|3|totalHarvest|8.72
STATE|1|2|4|3|animalLoss|0.27
STATE|1|2|4|3|ownedBy|1
STATE|1|2|4|3|village|0
STATE|1|2|4|3|shared?|false
STATE|1|2|4|4|animalCount|[2 0 5 9 1 3 4 9 0 10 8 7 6 3 4 4 9 7 4 10]
STATE|1|2|4|4|forageCount|2.48
STATE|1|2|4|4|forageMass|6.24
STATE|1|2|4|4|fenced?|true
STATE|1|2|4|4|attacked?|false
STATE|1|2|4|4|cropped|false
STATE|1|2|4|4|totalLivestock|[5 6 2 10 6 2 4 6 1 0 5 10 9 7 8 10 5 6 8 7]
STATE|1|2|4|4|treeCount|2.12
STATE|1|2|4|4|grassMass|7.71
STATE|1|2|4|4|pAttack|5.49
STATE|1|2|4|4|arable|false
STATE|1|2|4|4|totalHarvest|1.7
STATE|1|2|4|4|animalLoss|1.97
STATE|1|2|4|4|ownedBy|0
STATE|1|2|4|4|village|3
STATE|1|2|4|4|shared?|false
STATE|1|2|4|5|animalCount|[6 9 0 6 7 10 4 0 3 3 10 5 10 0 4 8 4 4 2 3]
STATE|1|2|4|5|forageCount|5.09
STATE|1|2|4|5|forageMass|6.0
STATE|1|2|4|5|fenced?|true
STATE|1|2|4|5|attacked?|false
STATE|1|2|4|5|cropped|false
STATE|1|2|4|5|totalLivestock|[10 2 8 6 4 3 7 10 3 6 3 2 3 3 3 3 5 2 6 1]
STATE|1|2|4|5|treeCount|5.91
STATE|1|2|4|5|grassMass|5.83
STATE|1|2|4|5|pAttack|4.82
STATE|1|2|4|5|arable|true
STATE|1|2|4|5|totalHarvest|2.58
STATE|1|2|4|5|animalLoss|5.35
STATE|1|2|4|5|ownedBy|3
STATE|1|2|4|5|village|3
STATE|1|2|4|5|shared?|false
STATE|1|2|4|6|animalCount|[6 7 3 4 6 10 1 8 9 4 8 6 2 6 10 1 4 4 10 8]
STATE|1|2|4|6|forageCount|5.12
STATE|1|2|4|6|forageMass|8.73
STATE|1|2|4|6|fenced?|true
STATE|1|2|4|6|attacked?|true
STATE|1|2|4|6|cropped|true
STATE|1|2|4|6|totalLivestock|[4 9 10 0 5 6 3 7 1 2 10 9 7 2 6 6 7 4 2 0]
STATE|1|2|4|6|treeCount|1.29
STATE|1|2|4|6|grassMass|7.19
STATE|1|2|4|6|pAttack|3.24
STATE|1|2|4|6|arable|true
STATE|1|2|4|6|totalHarvest|2.02
STATE|1|2|4|6|animalLoss|6.3
STATE|1|2|4|6|ownedBy|3
STATE|1|2|4|6|village|2
STATE|1|2|4|6|shared?|false
STATE|1|2|4|7|animalCount|[0 5 7 6 1 2 1 6 10 5 7 10 3 0 0 5 0 5 1 2]
STATE|1|2|4|7|forageCount|6.38
STATE|1|2|4|7|forageMass|3.01
STATE|1|2|4|7|fenced?|false
STATE|1|2|4|7|attacked?|false
STATE|1|2|4|7|cropped|true
STATE|1|2|4|7|totalLivestock|[3 10 3 3 3 10 5 5 10 6 5 0 6 10 5 6 9 5 10 0]
STATE|1|2|4|7|treeCount|9.03
STATE|1|2|4|7|grassMass|0.54
STATE|1|2|4|7|pAttack|1.09
STATE|1|2|4|7|arable|true
STATE|1|2|4|7|totalHarvest|2.77
STATE|1|2|4|7|animalLoss|9.71
STATE|1|2|4|7|ownedBy|3
STATE|1|2|4|7|village|3
STATE|1|2|4|7|shared?|true
STATE|1|2|5|0|animalCount|[9 2 7 7 5 5 4 6 0 3 9 8 5 6 2 2 3 0 8 6]
STATE|1|2|5|0|forageCount|3.72
STATE|1|2|5|0|forageMass|5.48
STATE|1|2|5|0|fenced?|false
STATE|1|2|5|0|attacked?|true
STATE|1|2|5|0|cropped|false
STATE|1|2|5|0|totalLivestock|[9 9 2 8 5 3 4 5 10 4 3 1 1 0 6 7 6 10 3 6]
STATE|1|2|5|0|treeCount|6.13
STATE|1|2|5|0|grassMass|0.73
STATE|1|2|5|0|pAttack|8.06
STATE|1|2|5|0|arable|true
STATE|1|2|5|0|totalHarvest|9.43
STATE|1|2|5|0|animalLoss|3.56
STATE|1|2|5|0|ownedBy|1
STATE|1|2|5|0|village|3
STATE|1|2|5|0|shared?|true
STATE|1|2|5|1|animalCount|[1 2 5 7 3 10 0 0 7 5 8 1 1 0 7 4 4 6 7 2]
STATE|1|2|5|1|forageCount|8.8
STATE|1|2|5|1|forageMass|1.95
STATE|1|2|5|1|fenced?|false
STATE|1|2|5|1|attacked?|true
STATE|1|2|5|1|cropped|true
STATE|1|2|5|1|totalLivestock|[1 5 10 3 2 7 8 3 4 5 0 8 5 0 9 3 5 0 3 4]
STATE|1|2|5|1|treeCount|1.34
STATE|1|2|5|1|grassMass|0.78
STATE|1|2|5|1|pAttack|2.15
STATE|1|2|5|1|arable|false
STATE|1|2|5|1|totalHarvest|3.08
STATE|1|2|5|1|animalLoss|8.93
STATE|1|2|5|1|ownedBy|0
STATE|1|2|5|1|village|3
STATE|1|2|5|1|shared?|true
STATE|1|2|5|2|animalCount|[8 8 3 7 1 10 0 9 1 10 5 1 4 8 10 3 10 7 2 4]
STATE|1|2|5|2|forageCount|0.16
STATE|1|2|5|2|forageMass|0.78
STATE|1|2|5|2|fenced?|true
STATE|1|2|5|2|attacked?|true
STATE|1|2|5|2|cropped|false
STATE|1|2|5|2|totalLivestock|[1 9 4 4 6 2 7 7 3 7 7 1 3 9 10 1 10 5 3 2]
STATE|1|2|5|2|treeCount|9.22
STATE|1|2|5|2|grassMass|0.89
STATE|1|2|5|2|pAttack|2.37
STATE|1|2|5|2|arable|false
STATE|1|2|5|2|totalHarvest|7.12
STATE|1|2|5|2|animalLoss|6.4
STATE|1|2|5|2|ownedBy|3
STATE|1|2|5|2|village|3
STATE|1|2|5|2|shared?|false
STATE|1|2|5|3|animalCount|[6 3 0 9 4 9 9 5 0 6 8 0 9 9 7 6 4 1 6 5]
STATE|1|2|5|3|forageCount|3.29
STATE|1|2|5|3|forageMass|8.37
STATE|1|2|5|3|fenced?|false
STATE|1|2|5|3|attacked?|true
STATE|1|2|5|3|cropped|true
STATE|1|2|5|3|totalLivestock|[5 7 1 3 8 0 8 8 5 7 9 6 6 6 2 1 0 1 5 4]
STATE|1|2|5|3|treeCount|6.13
STATE|1|2|5|3|grassMass|2.71
STATE|1|2|5|3|pAttack|1.29
STATE|1|2|5|3|arable|true
STATE|1|2|5|3|totalHarvest|1.28
STATE|1|2|5|3|animalLoss|2.2
STATE|1|2|5|3|ownedBy|2
STATE|1|2|5|3|village|1
STATE|1|2|5|3|shared?|false
STATE|1|2|5|4|animalCount|[5 2 5 7 2 10 2 10 9 10 7 8 0 1 10 2 0 8 3 10]
STATE|1|2|5|4|forageCount|9.15
STATE|1|2|5|4|forageMass|6.03
STATE|1|2|5|4|fenced?|true
STATE|1|2|5|4|attacked?|true
STATE|1|2|5|4|cropped|false
STATE|1|2|5|4|totalLivestock|[7 2 0 10 8 6 1 8 6 0 9 0 7 10 6 4 9 0 9 3]
STATE|1|2|5|4|treeCount|3.83
STATE|1|2|5|4|grassMass|9.19
STATE|1|2|5|4|pAttack|0.93
STATE|1|2|5|4|arable|true
STATE|1|2|5|4|totalHarvest|7.48
STATE|1|2|5|4|animalLoss|7.65
STATE|1|2|5|4|ownedBy|2
STATE|1|2|5|4|village|3
STATE|1|2|5|4|shared?|false
STATE|1|2|5|5|animalCount|[3 7 3 0 3 3 4 0 9 10 7 8 8 2 4 7 1 6 7 5]
STATE|1|2|5|5|forageCount|3.57
STATE|1|2|5|5|forageMass|7.71
STATE|1|2|5|5|fenced?|true
STATE|1|2|5|5|attacked?|false
STATE|1|2|5|5|cropped|true
STATE|1|2|5|5|totalLivestock|[3 4 5 0 10 5 2 7 9 6 3 8 4 10 7 4 5 5 0 8]
STATE|1|2|5|5|treeCount|8.46
STATE|1|2|5|5|grassMass|7.82
STATE|1|2|5|5|pAttack|0.12
STATE|1|2|5|5|arable|false
STATE|1|2|5|5|totalHarvest|1.28
STATE|1|2|5|5|animalLoss|9.08
STATE|1|2|5|5|ownedBy|1
STATE|1|2|5|5|village|0
STATE|1|2|5|5|shared?|true
STATE|1|2|5|6|animalCount|[0 2 8 0 1 2 10 3 9 5 0 2 0 9 6 1 7 8 6 8]
STATE|1|2|5|6|forageCount|6.49
STATE|1|2|5|6|forageMass|5.48
STATE|1|2|5|6|fenced?|false
STATE|1|2|5|6|attacked?|false
STATE|1|2|5|6|cropped|false
STATE|1|2|5|6|totalLivestock|[1 0 3 2 1 3 9 9 2 5 0 9 8 9 9 2 10 1 9 9]
STATE|1|2|5|6|treeCount|4.85
STATE|1|2|5|6|grassMass|1.03
STATE|1|2|5|6|pAttack|3.6
STATE|1|2|5|6|arable|true
STATE|1|2|5|6|totalHarvest|9.88
STATE|1|2|5|6|animalLoss|4.96
STATE|1|2|5|6|ownedBy|3
STATE|1|2|5|6|village|0
STATE|1|2|5|6|shared?|false
STATE|1|2|5|7|animalCount|[9 10 1 1 3 3 3 5 6 10 4 10 6 1 7 0 3 8 1 5]
STATE|1|2|5|7|forageCount|0.5
STATE|1|2|5|7|forageMass|2.6
STATE|1|2|5|7|fenced?|true
STATE|1|2|5|7|attacked?|false
STATE|1|2|5|7|cropped|false
STATE|1|2|5|7|totalLivestock|[0 7 4 5 7 6 5 2 10 8 0 4 3 9 2 1 1 10 6 4]
STATE|1|2|5|7|treeCount|10.0
STATE|1|2|5|7|grassMass|6.38
STATE|1|2|5|7|pAttack|1.16
STATE|1|2|5|7|arable|false
STATE|1|2|5|7|totalHarvest|2.14
STATE|1|2|5|7|animalLoss|4.48
STATE|1|2|5|7|ownedBy|3
STATE|1|2|5|7|village|1
STATE|1|2|5|7|shared?|false
STATE|1|2|6|0|animalCount|[5 8 5 9 1 4 4 2 10 7 7 9 1 1 8 1 1 9 3 10]
STATE|1|2|6|0|forageCount|0.28
STATE|1|2|6|0|forageMass|3.42
STATE|1|2|6|0|fenced?|true
STATE|1|2|6|0|attacked?|false
STATE|1|2|6|0|cropped|true
STATE|1|2|6|0|totalLivestock|[4 9 7 9 4 3 8 5 10 3 5 6 6 6 9 8 3 6 2 8]
STATE|1|2|6|0|treeCount|8.24
STATE|1|2|6|0|grassMass|2.83
STATE|1|2|6|0|pAttack|5.53
STATE|1|2|6|0|arable|false
STATE|1|2|6|0|totalHarvest|2.32
STATE|1|2|6|0|animalLoss|1.6
STATE|1|2|6|0|ownedBy|2
STATE|1|2|6|0|village|3
STATE|1|2|6|0|shared?|false
STATE|1|2|6|1|animalCount|[8 6 7 5 7 5 0 3 5 9 5 10 1 8 8 1 0 5 4 7]
STATE|1|2|6|1|forageCount|3.73
STATE|1|2|6|1|forageMass|4.17
STATE|1|2|6|1|fenced?|true
STATE|1|2|6|1|attacked?|true
STATE|1|2|6|1|cropped|false
STATE|1|2|6|1|totalLivestock|[1 2 1 3 3 4 7 6 4 9 7 9 3 9 1 0 8 9 10 4]
STATE|1|2|6|1|treeCount|4.25
STATE|1|2|6|1|grassMass|8.67
STATE|1|2|6|1|pAttack|9.31
STATE|1|2|6|1|arable|false
STATE|1|2|6|1|totalHarvest|6.14
STATE|1|2|6|1|animalLoss|8.83
STATE|1|2|6|1|ownedBy|0
STATE|1|2|6|1|village|3
STATE|1|2|6|1|shared?|true
STATE|1|2|6|2|animalCount|[5 9 4 4 9 6 8 3 7 5 1 10 7 1 4 0 6 9 3 10]
STATE|1|2|6|2|forageCount|6.95
STATE|1|2|6|2|forageMass|1.06
STATE|1|2|6|2|fenced?|false
STATE|1|2|6|2|attacked?|false
STATE|1|2|6|2|cropped|false
STATE|1|2|6|2|totalLivestock|[5 1 7 3 0 10 4 0 10 7 3 0 10 7 10 6 1 10 2 5]
STATE|1|2|6|2|treeCount|2.04
STATE|1|2|6|2|grassMass|8.96
STATE|1|2|6|2|pAttack|7.91
STATE|1|2|6|2|arable|false
STATE|1|2|6|2|totalHarvest|3.68
STATE|1|2|6|2|animalLoss|5.6
STATE|1|2|6|2|ownedBy|3
STATE|1|2|6|2|village|0
STATE|1|2|6|2|shared?|false
STATE|1|2|6|3|animalCount|[6 6 2 10 9 1 3 9 6 5 1 10 3 4 6 3 2 2 5 4]
STATE|1|2|6|3|forageCount|2.25
STATE|1|2|6|3|forageMass|1.96
STATE|1|2|6|3|fenced?|false
STATE|1|2|6|3|attacked?|false
STATE|1|2|6|3|cropped|false
STATE|1|2|6|3|totalLivestock|[3 8 1 8 6 8 8 2 7 9 6 1 3 9 8 9 9 4 0 6]
STATE|1|2|6|3|treeCount|6.17
STATE|1|2|6|3|grassMass|0.99
STATE|1|2|6|3|pAttack|8.69
STATE|1|2|6|3|arable|true
STATE|1|2|6|3|totalHarvest|2.79
STATE|1|2|6|3|animalLoss|7.46
STATE|1|2|6|3|ownedBy|0
STATE|1|2|6|3|village|3
STATE|1|2|6|3|shared?|true
STATE|1|2|6|4|animalCount|[7 5 1 1 2 0 3 2 8 7 10 3 10 8 6 1 0 5 2 9]
STATE|1|2|6|4|forageCount|3.36
STATE|1|2|6|4|forageMass|1.16
STATE|1|2|6|4|fenced?|true
STATE|1|2|6|4|attacked?|true
STATE|1|2|6|4|cropped|true
STATE|1|2|6|4|totalLivestock|[0 9 7 7 2 5 0 10 4 6 3 1 9 5 10 8 8 5 4 1]
STATE|1|2|6|4|treeCount|0.38
STATE|1|2|6|4|grassMass|0.39
STATE|1|2|6|4|pAttack|9.19
STATE|1|2|6|4|arable|true
STATE|1|2|6|4|totalHarvest|0.61
STATE|1|2|6|4|animalLoss|8.46
STATE|1|2|6|4|ownedBy|0
STATE|1|2|6|4|village|0
STATE|1|2|6|4|shared?|false
STATE|1|2|6|5|animalCount|[4 5 6 4 2 5 7 7 8 6 4 0 6 10 9 4 5 10 0 10]
STATE|1|2|6|5|forageCount|1.32
STATE|1|2|6|5|forageMass|1.92
STATE|1|2|6|5|fenced?|false
STATE|1|2|6|5|attacked?|false
STATE|1|2|6|5|cropped|true
STATE|1|2|6|5|totalLivestock|[2 1 1 9 10 4 9 5 8 2 3 4 1 6 4 6 1 7 8 8]
STATE|1|2|6|5|treeCount|1.45
STATE|1|2|6|5|grassMass|4.4
STATE|1|2|6|5|pAttack|3.54
STATE|1|2|6|5|arable|false
STATE|1|2|6|5|totalHarvest|3.14
STATE|1|2|6|5|animalLoss|1.11
STATE|1|2|6|5|ownedBy|0
STATE|1|2|6|5|village|0
STATE|1|2|6|5|shared?|false
STATE|1|2|6|6|animalCount|[6 10 7 1 1 4 8 10 9 8 4 6 2 6 5 9 1 5 10 4]
STATE|1|2|6|6|forageCount|7.96
STATE|1|2|6|6|forageMass|8.31
STATE|1|2|6|6|fenced?|false
STATE|1|2|6|6|attacked?|true
STATE|1|2|6|6|cropped|true
STATE|1|2|6|6|totalLivestock|[6 9 0 5 5 5 10 9 3 1 8 3 8 10 8 9 10 3 9 8]
STATE|1|2|6|6|treeCount|6.74
STATE|1|2|6|6|grassMass|6.66
STATE|1|2|6|6|pAttack|9.14
STATE|1|2|6|6|arable|true
STATE|1|2|6|6|totalHarvest|7.68
STATE|1|2|6|6|animalLoss|8.55
STATE|1|2|6|6|ownedBy|0
STATE|1|2|6|6|village|2
STATE|1|2|6|6|shared?|false
STATE|1|2|6|7|animalCount|[8 7 1 5 9 1 8 8 5 6 7 0 3 9 2 5 8 3 6 4]
STATE|1|2|6|7|forageCount|0.91
STATE|1|2|6|7|forageMass|1.29
STATE|1|2|6|7|fenced?|false
STATE|1|2|6|7|attacked?|true
STATE|1|2|6|7|cropped|false
STATE|1|2|6|7|totalLivestock|[0 8 8 1 3 2 10 3 9 2 4 1 5 3 8 10 8 6 6 5]
STATE|1|2|6|7|treeCount|5.06
STATE|1|2|6|7|grassMass|0.56
STATE|1|2|6|7|pAttack|4.09
STATE|1|2|6|7|arable|false
STATE|1|2|6|7|totalHarvest|0.22
STATE|1|2|6|7|animalLoss|6.65
STATE|1|2|6|7|ownedBy|3
STATE|1|2|6|7|village|1
STATE|1|2|6|7|shared?|true
STATE|1|2|7|0|animalCount|[7 1 0 8 10 8 7 2 0 8 1 10 3 6 5 0 0 4 0 5]
STATE|1|2|7|0|forageCount|1.68
STATE|1|2|7|0|forageMass|8.59
STATE|1|2|7|0|fenced?|true
STATE|1|2|7|0|attacked?|true
STATE|1|2|7|0|cropped|true
STATE|1|2|7|0|totalLivestock|[2 2 9 5 10 6 5 5 10 8 7 0 0 6 8 8 10 2 8 7]
STATE|1|2|7|0|treeCount|8.78
STATE|1|2|7|0|grassMass|2.47
STATE|1|2|7|0|pAttack|0.45
STATE|1|2|7|0|arable|true
STATE|1|2|7|0|totalHarvest|8.6
STATE|1|2|7|0|animalLoss|0.22
STATE|1|2|7|0|ownedBy|2
STATE|1|2|7|0|village|0
STATE|1|2|7|0|shared?|false
STATE|1|2|7|1|animalCount|[6 4 6 4 3 6 6 7 8 8 10 1 0 2 7 3 0 5 5 6]
STATE|1|2|7|1|forageCount|0.16
STATE|1|2|7|1|forageMass|1.87
STATE|1|2|7|1|fenced?|true
STATE|1|2|7|1|attacked?|false
STATE|1|2|7|1|cropped|true
STATE|1|2|7|1|totalLivestock|[8 0 7 5 8 4 3 6 0 3 4 2 2 10 2 7 8 4 5 2]
STATE|1|2|7|1|treeCount|8.46
STATE|1|2|7|1|grassMass|8.09
STATE|1|2|7|1|pAttack|5.02
STATE|1|2|7|1|arable|true
STATE|1|2|7|1|totalHarvest|5.72
STATE|1|2|7|1|animalLoss|6.16
STATE|1|2|7|1|ownedBy|0
STATE|1|2|7|1|village|0
STATE|1|2|7|1|shared?|false
STATE|1|2|7|2|animalCount|[10 5 4 2 1 4 1 1 0 1 6 4 7 9 8 8 8 10 2 2]
STATE|1|2|7|2|forageCount|7.05
STATE|1|2|7|2|forageMass|6.03
STATE|1|2|7|2|fenced?|true
STATE|1|2|7|2|attacked?|true
STATE|1|2|7|2|cropped|false
STATE|1|2|7|2|totalLivestock|[6 3 6 3 2 6 4 10 3 8 4 5 7 6 1 10 3 0 0 6]
STATE|1|2|7|2|treeCount|5.67
STATE|1|2|7|2|grassMass|8.47
STATE|1|2|7|2|pAttack|7.0
STATE|1|2|7|2|arable|false
STATE|1|2|7|2|totalHarvest|1.08
STATE|1|2|7|2|animalLoss|1.49
STATE|1|2|7|2|ownedBy|1
STATE|1|2|7|2|village|0
STATE|1|2|7|2|shared?|true
STATE|1|2|7|3|animalCount|[0 9 9 0 3 4 4 0 4 10 8 10 6 5 7 6 9 9 10 4]
STATE|1|2|7|3|forageCount|9.31
STATE|1|2|7|3|forageMass|8.92
STATE|1|2|7|3|fenced?|true
STATE|1|2|7|3|attacked?|true
STATE|1|2|7|3|cropped|false
STATE|1|2|7|3|totalLivestock|[5 7 3 1 0 2 8 0 1 6 6 0 5 7 7 7 9 7 8 2]
STATE|1|2|7|3|treeCount|2.26
STATE|1|2|7|3|grassMass|7.35
STATE|1|2|7|3|pAttack|4.82
STATE|1|2|7|3|arable|false
STATE|1|2|7|3|totalHarvest|6.18
STATE|1|2|7|3|animalLoss|9.02
STATE|1|2|7|3|ownedBy|2
STATE|1|2|7|3|village|0
STATE|1|2|7|3|shared?|true
STATE|1|2|7|4|animalCount|[8 8 10 7 3 1 7 6 8 6 7 4 0 7 2 0 5 3 1 6]
STATE|1|2|7|4|forageCount|3.8
STATE|1|2|7|4|forageMass|9.33
STATE|1|2|7|4|fenced?|false
STATE|1|2|7|4|attacked?|true
STATE|1|2|7|4|cropped|false
STATE|1|2|7|4|totalLivestock|[2 10 10 0 7 9 6 8 8 10 0 5 10 0 1 2 10 3 6 9]
STATE|1|2|7|4|treeCount|4.11
STATE|1|2|7|4|grassMass|5.78
STATE|1|2|7|4|pAttack|2.34
STATE|1|2|7|4|arable|true
STATE|1|2|7|4|totalHarvest|9.08
STATE|1|2|7|4|animalLoss|1.01
STATE|1|2|7|4|ownedBy|0
STATE|1|2|7|4|village|0
STATE|1|2|7|4|shared?|true
STATE|1|2|7|5|animalCount|[3 1 10 10 2 6 6 3 2 2 2 9 0 4 0 2 10 10 3 7]
STATE|1|2|7|5|forageCount|5.23
STATE|1|2|7|5|forageMass|5.01
STATE|1|2|7|5|fenced?|false
STATE|1|2|7|5|attacked?|true
STATE|1|2|7|5|cropped|false
STATE|1|2|7|5|totalLivestock|[4 7 5 2 4 5 10 4 5 1 1 9 2 9 5 3 4 9 7 3]
STATE|1|2|7|5|treeCount|6.11
STATE|1|2|7|5|grassMass|1.72
STATE|1|2|7|5|pAttack|5.13
STATE|1|2|7|5|arable|false
STATE|1|2|7|5|totalHarvest|9.99
STATE|1|2|7|5|animalLoss|3.11
STATE|1|2|7|5|ownedBy|0
STATE|1|2|7|5|village|0
STATE|1|2|7|5|shared?|false
STATE|1|2|7|6|animalCount|[10 2 6 7 5 7 5 8 3 1 9 5 9 8 4 4 0 6 8 10]
STATE|1|2|7|6|forageCount|1.02
STATE|1|2|7|6|forageMass|3.81
STATE|1|2|7|6|fenced?|false
STATE|1|2|7|6|attacked?|false
STATE|1|2|7|6|cropped|true
STATE|1|2|7|6|totalLivestock|[5 8 7 8 8 5 8 5 10 5 6 4 0 2 6 6 2 4 5 10]
STATE|1|2|7|6|treeCount|7.59
STATE|1|2|7|6|grassMass|0.3
STATE|1|2|7|6|pAttack|9.75
STATE|1|2|7|6|arable|true
STATE|1|2|7|6|totalHarvest|8.54
STATE|1|2|7|6|animalLoss|5.71
STATE|1|2|7|6|ownedBy|3
STATE|1|2|7|6|village|0
STATE|1|2|7|6|shared?|false
STATE|1|2|7|7|animalCount|[5 9 7 10 7 10 7 5 1 0 10 3 5 5 7 9 10 2 5 1]
STATE|1|2|7|7|forageCount|2.98
STATE|1|2|7|7|forageMass|7.85
STATE|1|2|7|7|fenced?|true
STATE|1|2|7|7|attacked?|false
STATE|1|2|7|7|cropped|false
STATE|1|2|7|7|totalLivestock|[8 10 5 5 8 3 9 0 7 5 4 3 6 0 2 2 1 2 8 9]
STATE|1|2|7|7|treeCount|3.35
STATE|1|2|7|7|grassMass|3.31
STATE|1|2|7|7|pAttack|9.37
STATE|1|2|7|7|arable|true
STATE|1|2|7|7|totalHarvest|5.13
STATE|1|2|7|7|animalLoss|0.26
STATE|1|2|7|7|ownedBy|3
STATE|1|2|7|7|village|0
STATE|1|2|7|7|shared?|false
CHOICE|1|2|1|2|4|3|12:08:47.000 PM 28-Sep-2026
CHOICE|1|2|1|5|3|1|12:08:58.000 PM 28-Sep-2026
CHOICE|1|2|1|5|3|3|12:09:01.000 PM 28-Sep-2026
CONFIRM|1|2|1|12:09:10.000 PM 28-Sep-2026
CHOICE|1|2|2|1|3|3|12:09:16.000 PM 28-Sep-2026
CHOICE|1|2|2|1|3|3|12:09:28.000 PM 28-Sep-2026
CHOICE|1|2|2|5|2|-99|12:09:33.000 PM 28-Sep-2026
CONFIRM|1|2|2|12:09:47.000 PM 28-Sep-2026
CHOICE|1|2|3|1|1|2|12:10:02.000 PM 28-Sep-2026
CONFIRM|1|2|3|12:10:05.000 PM 28-Sep-2026
CHOICE|1|2|4|7|6|3|12:10:09.000 PM 28-Sep-2026
CHOICE|1|2|4|7|6|2|12:10:18.000 PM 28-Sep-2026
CHOICE|1|2|4|2|4|4|12:10:31.000 PM 28-Sep-2026
CONFIRM|1|2|4|12:10:46.000 PM 28-Sep-2026
CHOICE|1|2|5|2|4|2|12:10:56.000 PM 28-Sep-2026
CHOICE|1|2|5|1|1|1|12:11:06.000 PM 28-Sep-2026
CONFIRM|1|2|5|12:11:19.000 PM 28-Sep-2026
CHOICE|1|2|6|4|2|1|12:11:27.000 PM 28-Sep-2026
CONFIRM|1|2|6|12:11:36.000 PM 28-Sep-2026
CHOICE|1|2|7|6|7|2|12:11:45.000 PM 28-Sep-2026
CHOICE|1|2|7|6|7|1|12:11:59.000 PM 28-Sep-2026
CONFIRM|1|2|7|12:12:07.000 PM 28-Sep-2026
CHOICE|1|2|8|0|3|2|12:12:15.000 PM 28-Sep-2026
CHOICE|1|2|8|0|0|4|12:12:28.000 PM 28-Sep-2026
CHOICE|1|2|8|7|6|2|12:12:37.000 PM 28-Sep-2026
CONFIRM|1|2|8|12:12:43.000 PM 28-Sep-2026
CHOICE|1|2|9|0|3|-99|12:12:57.000 PM 28-Sep-2026
CHOICE|1|2|9|4|3|-99|12:12:58.000 PM 28-Sep-2026
CONFIRM|1|2|9|12:13:08.000 PM 28-Sep-2026
CHOICE|1|2|10|3|6|4|12:13:11.000 PM 28-Sep-2026
CHOICE|1|2|10|3|6|-99|12:13:22.000 PM 28-Sep-2026
CONFIRM|1|2|10|12:13:24.000 PM 28-Sep-2026
CHOICE|1|2|11|2|0|3|12:13:34.000 PM 28-Sep-2026
CHOICE|1|2|11|0|4|4|12:13:49.000 PM 28-Sep-2026
CONFIRM|1|2|11|12:13:53.000 PM 28-Sep-2026
CHOICE|1|2|12|2|0|2|12:14:04.000 PM 28-Sep-2026
CHOICE|1|2|12|7|0|1|12:14:08.000 PM 28-Sep-2026
CHOICE|1|2|12|1|3|2|12:14:18.000 PM 28-Sep-2026
CONFIRM|1|2|12|12:14:31.000 PM 28-Sep-2026
CHOICE|1|2|13|0|4|1|12:14:37.000 PM 28-Sep-2026
CHOICE|1|2|13|0|4|-99|12:14:44.000 PM 28-Sep-2026
CHOICE|1|2|13|7|7|-99|12:14:56.000 PM 28-Sep-2026
CONFIRM|1|2|13|12:15:02.000 PM 28-Sep-2026
CHOICE|1|2|14|2|3|3|12:15:04.000 PM 28-Sep-2026
CHOICE|1|2|14|5|4|1|12:15:14.000 PM 28-Sep-2026
CONFIRM|1|2|14|12:15:23.000 PM 28-Sep-2026
CHOICE|1|2|15|3|4|3|12:15:27.000 PM 28-Sep-2026
CHOICE|1|2|15|3|4|4|12:15:30.000 PM 28-Sep-2026
CONFIRM|1|2|15|12:15:33.000 PM 28-Sep-2026
CHOICE|1|2|16|3|7|1|12:15:39.000 PM 28-Sep-2026
CHOICE|1|2|16|4|7|3|12:15:43.000 PM 28-Sep-2026
CHOICE|1|2|16|4|3|4|12:15:44.000 PM 28-Sep-2026
CONFIRM|1|2|16|12:15:48.000 PM 28-Sep-2026
CHOICE|1|2|17|3|6|3|12:16:02.000 PM 28-Sep-2026
CONFIRM|1|2|17|12:16:13.000 PM 28-Sep-2026
CHOICE|1|2|18|4|4|3|12:16:19.000 PM 28-Sep-2026
CHOICE|1|2|18|4|4|-99|12:16:21.000 PM 28-Sep-2026
CHOICE|1|2|18|3|4|4|12:16:36.000 PM 28-Sep-2026
CONFIRM|1|2|18|12:16:50.000 PM 28-Sep-2026
CHOICE|1|2|19|3|5|3|12:17:00.000 PM 28-Sep-2026
CHOICE|1|2|19|7|7|3|12:17:15.000 PM 28-Sep-2026
CONFIRM|1|2|19|12:17:24.000 PM 28-Sep-2026
CHOICE|1|2|20|4|0|3|12:17:36.000 PM 28-Sep-2026
CHOICE|1|2|20|4|0|3|12:17:38.000 PM 28-Sep-2026
CHOICE|1|2|20|5|3|2|12:17:52.000 PM 28-Sep-2026
CONFIRM|1|2|20|12:18:03.000 PM 28-Sep-2026
SCORE|1|2|1|2|17|12
SCORE|1|2|2|2|48|20
SCORE|1|2|3|11|25|16
SCORE|1|2|4|18|64|14
SCORE|1|2|5|11|26|13
SCORE|1|2|6|2|36|1
SCORE|1|2|7|12|58|1
SCORE|1|2|8|7|7|7
SCORE|1|2|9|13|57|19
SCORE|1|2|10|14|21|12
SCORE|1|2|11|9|25|16
SCORE|1|2|12|7|15|5
SCORE|1|2|13|9|30|5
SCORE|1|2|14|5|30|3
SCORE|1|2|15|0|44|3
SCORE|1|2|16|11|18|9
SCORE|1|2|17|9|58|0
SCORE|1|2|18|12|27|5
SCORE|1|2|19|16|36|18
SCORE|1|2|20|16|65|1
PHASE|phase-2-1|12:18:14.000 PM 28-Sep-2026
STATE|2|1|0|0|animalCount|[6 2 1 3 5 8 10 2 4 10 2 1 10 8 2 5 1 1 8 2]
STATE|2|1|0|0|forageCount|2.22
STATE|2|1|0|0|forageMass|6.33
STATE|2|1|0|0|fenced?|true
STATE|2|1|0|0|attacked?|true
STATE|2|1|0|0|cropped|false
STATE|2|1|0|0|totalLivestock|[9 9 7 2 0 1 10 9 6 4 8 0 3 2 7 7 0 6 7 8]
STATE|2|1|0|0|treeCount|4.48
STATE|2|1|0|0|grassMass|6.45
STATE|2|1|0|0|pAttack|9.53
STATE|2|1|0|0|arable|true
STATE|2|1|0|0|totalHarvest|8.79
STATE|2|1|0|0|animalLoss|4.33
STATE|2|1|0|0|ownedBy|1
STATE|2|1|0|0|village|3
STATE|2|1|0|0|shared?|false
STATE|2|1|0|1|animalCount|[5 1 1 0 1 0 4 5 2 4 7 5 3 2 3 9 7 7 0 3]
STATE|2|1|0|1|forageCount|4.13
STATE|2|1|0|1|forageMass|4.61
STATE|2|1|0|1|fenced?|false
STATE|2|1|0|1|attacked?|false
STATE|2|1|0|1|cropped|false
STATE|2|1|0|1|totalLivestock|[3 2 10 4 4 7 3 5 9 8 4 2 7 0 2 7 1 1 8 0]
STATE|2|1|0|1|treeCount|0.79
STATE|2|1|0|1|grassMass|9.61
STATE|2|1|0|1|pAttack|5.78
STATE|2|1|0|1|arable|false
STATE|2|1|0|1|totalHarvest|3.47
STATE|2|1|0|1|animalLoss|3.09
STATE|2|1|0|1|ownedBy|3
STATE|2|1|0|1|village|0
STATE|2|1|0|1|shared?|true
STATE|2|1|0|2|animalCount|[5 6 7 5 3 0 4 7 2 6 2 7 3 1 10 9 10 1 4 1]
STATE|2|1|0|2|forageCount|5.51
STATE|2|1|0|2|forageMass|9.73
STATE|2|1|0|2|fenced?|false
STATE|2|1|0|2|attacked?|true
STATE|2|1|0|2|cropped|false
STATE|2|1|0|2|totalLivestock|[7 8 10 5 5 3 9 0 5 5 2 10 9 5 4 5 9 3 5 10]
STATE|2|1|0|2|treeCount|3.86
STATE|2|1|0|2|grassMass|8.71
STATE|2|1|0|2|pAttack|5.58
STATE|2|1|0|2|arable|true
STATE|2|1|0|2|totalHarvest|0.16
STATE|2|1|0|2|animalLoss|2.04
STATE|2|1|0|2|ownedBy|3
STATE|2|1|0|2|village|3
STATE|2|1|0|2|shared?|true
STATE|2|1|0|3|animalCount|[2 10 5 4 0 7 0 2 9 4 1 0 0 0 4 6 7 2 9 3]
STATE|2|1|0|3|forageCount|9.47
STATE|2|1|0|3|forageMass|9.51
STATE|2|1|0|3|fenced?|true
STATE|2|1|0|3|attacked?|false
STATE|2|1|0|3|cropped|true
STATE|2|1|0|3|totalLivestock|[1 0 0 5 10 8 7 7 1 8 2 4 10 9 7 8 10 6 9 7]
STATE|2|1|0|3|treeCount|5.81
STATE|2|1|0|3|grassMass|2.38
STATE|2|1|0|3|pAttack|7.24
STATE|2|1|0|3|arable|false
STATE|2|1|0|3|totalHarvest|8.55
STATE|2|1|0|3|animalLoss|9.36
STATE|2|1|0|3|ownedBy|0
STATE|2|1|0|3|village|1
STATE|2|1|0|3|shared?|false
STATE|2|1|0|4|animalCount|[3 6 7 3 6 0 5 2 6 9 10 0 3 4 7 10 0 4 0 7]
STATE|2|1|0|4|forageCount|9.41
STATE|2|1|0|4|forageMass|9.38
STATE|2|1|0|4|fenced?|true
STATE|2|1|0|4|attacked?|true
STATE|2|1|0|4|cropped|false
STATE|2|1|0|4|totalLivestock|[9 3 9 9 0 7 2 1 10 2 6 6 3 4 5 2 7 3 9 2]
STATE|2|1|0|4|treeCount|4.72
STATE|2|1|0|4|grassMass|9.98
STATE|2|1|0|4|pAttack|4.99
STATE|2|1|0|4|arable|true
STATE|2|1|0|4|totalHarvest|9.29
STATE|2|1|0|4|animalLoss|6.43
STATE|2|1|0|4|ownedBy|0
STATE|2|1|0|4|village|2
STATE|2|1|0|4|shared?|false
STATE|2|1|0|5|animalCount|[7 4 1 4 8 10 5 4 6 10 10 9 1 0 1 6 10 10 1 0]
STATE|2|1|0|5|forageCount|7.99
STATE|2|1|0|5|forageMass|1.08
STATE|2|1|0|5|fenced?|false
STATE|2|1|0|5|attacked?|true
STATE|2|1|0|5|cropped|false
STATE|2|1|0|5|totalLivestock|[4 5 4 1 5 7 6 5 2 2 10 10 5 5 7 1 2 5 0 3]
STATE|2|1|0|5|treeCount|5.67
STATE|2|1|0|5|grassMass|5.75
STATE|2|1|0|5|pAttack|4.44
STATE|2|1|0|5|arable|false
STATE|2|1|0|5|totalHarvest|7.89
STATE|2|1|0|5|animalLoss|6.89
STATE|2|1|0|5|ownedBy|0
STATE|2|1|0|5|village|0
STATE|2|1|0|5|shared?|false
STATE|2|1|0|6|animalCount|[8 4 6 9 1 8 1 9 0 8 8 7 10 6 1 7 8 6 7 3]
STATE|2|1|0|6|forageCount|7.26
STATE|2|1|0|6|forageMass|3.78
STATE|2|1|0|6|fenced?|false
STATE|2|1|0|6|attacked?|false
STATE|2|1|0|6|cropped|false
STATE|2|1|0|6|totalLivestock|[10 0 8 9 3 10 0 7 1 7 6 1 6 3 6 5 1 3 8 1]
STATE|2|1|0|6|treeCount|2.56
STATE|2|1|0|6|grassMass|1.5
STATE|2|1|0|6|pAttack|8.26
STATE|2|1|0|6|arable|false
STATE|2|1|0|6|totalHarvest|2.93
STATE|2|1|0|6|animalLoss|2.56
STATE|2|1|0|6|ownedBy|0
STATE|2|1|0|6|village|3
STATE|2|1|0|6|shared?|false
STATE|2|1|0|7|animalCount|[10 3 8 3 5 7 4 6 8 8 6 1 0 5 7 6 2 2 5 10]
STATE|2|1|0|7|forageCount|0.33
STATE|2|1|0|7|forageMass|9.61
STATE|2|1|0|7|fenced?|true
STATE|2|1|0|7|attacked?|true
STATE|2|1|0|7|cropped|true
STATE|2|1|0|7|totalLivestock|[10 2 7 8 3 5 0 4 6 3 8 9 2 10 9 0 1 4 9 4]
STATE|2|1|0|7|treeCount|7.05
STATE|2|1|0|7|grassMass|7.17
STATE|2|1|0|7|pAttack|0.37
STATE|2|1|0|7|arable|true
STATE|2|1|0|7|totalHarvest|5.63
STATE|2|1|0|7|animalLoss|5.89
STATE|2|1|0|7|ownedBy|3
STATE|2|1|0|7|village|0
STATE|2|1|0|7|shared?|false
STATE|2|1|1|0|animalCount|[7 5 7 4 2 9 2 9 9 3 9 2 10 6 10 3 4 0 4 0]
STATE|2|1|1|0|forageCount|3.56
STATE|2|1|1|0|forageMass|7.25
STATE|2|1|1|0|fenced?|false
STATE|2|1|1|0|attacked?|false
STATE|2|1|1|0|cropped|false
STATE|2|1|1|0|totalLivestock|[0 2 10 2 6 9 7 8 8 6 10 5 4 0 7 1 4 0 9 7]
STATE|2|1|1|0|treeCount|6.11
STATE|2|1|1|0|grassMass|3.4
STATE|2|1|1|0|pAttack|5.39
STATE|2|1|1|0|arable|false
STATE|2|1|1|0|totalHarvest|2.69
STATE|2|1|1|0|animalLoss|1.01
STATE|2|1|1|0|ownedBy|0
STATE|2|1|1|0|village|2
STATE|2|1|1|0|shared?|true
STATE|2|1|1|1|animalCount|[3 9 7 2 7 5 1 10 8 2 4 6 9 9 4 8 7 7 7 3]
STATE|2|1|1|1|forageCount|9.3
STATE|2|1|1|1|forageMass|8.14
STATE|2|1|1|1|fenced?|true
STATE|2|1|1|1|attacked?|false
STATE|2|1|1|1|cropped|false
STATE|2|1|1|1|totalLivestock|[8 10 2 7 3 10 4 6 0 1 6 1 5 3 3 8 2 8 3 1]
STATE|2|1|1|1|treeCount|1.01
STATE|2|1|1|1|grassMass|5.74
STATE|2|1|1|1|pAttack|5.18
STATE|2|1|1|1|arable|false
STATE|2|1|1|1|totalHarvest|8.69
STATE|2|1|1|1|animalLoss|3.86
STATE|2|1|1|1|ownedBy|1
STATE|2|1|1|1|village|2
STATE|2|1|1|1|shared?|false
STATE|2|1|1|2|animalCount|[6 6 2 9 1 5 7 9 4 8 5 2 5 5 3 7 0 8 2 4]
STATE|2|1|1|2|forageCount|9.74
STATE|2|1|1|2|forageMass|1.88
STATE|2|1|1|2|fenced?|false
STATE|2|1|1|2|attacked?|true
STATE|2|1|1|2|cropped|false
STATE|2|1|1|2|totalLivestock|[4 2 3 9 3 0 1 4 0 1 7 6 10 6 8 7 0 7 3 2]
STATE|2|1|1|2|treeCount|3.42
STATE|2|1|1|2|grassMass|9.74
STATE|2|1|1|2|pAttack|0.49
STATE|2|1|1|2|arable|false
STATE|2|1|1|2|totalHarvest|2.08
STATE|2|1|1|2|animalLoss|7.59
STATE|2|1|1|2|ownedBy|1
STATE|2|1|1|2|village|2
STATE|2|1|1|2|shared?|false
STATE|2|1|1|3|animalCount|[6 1 9 7 2 0 8 2 2 4 7 9 0 1 2 3 9 0 2 9]
STATE|2|1|1|3|forageCount|0.54
STATE|2|1|1|3|forageMass|2.76
STATE|2|1|1|3|fenced?|false
STATE|2|1|1|3|attacked?|true
STATE|2|1|1|3|cropped|false
STATE|2|1|1|3|totalLivestock|[0 5 8 3 2 0 8 8 0 0 10 2 3 5 3 9 5 9 6 0]
STATE|2|1|1|3|treeCount|3.95
STATE|2|1|1|3|grassMass|3.74
STATE|2|1|1|3|pAttack|3.01
STATE|2|1|1|3|arable|false
STATE|2|1|1|3|totalHarvest|1.34
STATE|2|1|1|3|animalLoss|7.66
STATE|2|1|1|3|ownedBy|0
STATE|2|1|1|3|village|3
STATE|2|1|1|3|shared?|false
STATE|2|1|1|4|animalCount|[7 8 7 3 3 3 2 10 1 3 3 1 8 8 7 7 0 8 5 5]
STATE|2|1|1|4|forageCount|6.94
STATE|2|1|1|4|forageMass|9.36
STATE|2|1|1|4|fenced?|false
STATE|2|1|1|4|attacked?|false
STATE|2|1|1|4|cropped|true
STATE|2|1|1|4|totalLivestock|[2 4 6 8 0 10 10 4 1 2 9 0 4 5 8 7 6 0 1 10]
STATE|2|1|1|4|treeCount|3.47
STATE|2|1|1|4|grassMass|2.14
STATE|2|1|1|4|pAttack|8.87
STATE|2|1|1|4|arable|false
STATE|2|1|1|4|totalHarvest|6.07
STATE|2|1|1|4|animalLoss|6.86
STATE|2|1|1|4|ownedBy|2
STATE|2|1|1|4|village|2
STATE|2|1|1|4|shared?|true
STATE|2|1|1|5|animalCount|[5 5 6 2 5 6 6 3 4 6 8 2 6 7 7 10 4 3 9 10]
STATE|2|1|1|5|forageCount|5.79
STATE|2|1|1|5|forageMass|5.92
STATE|2|1|1|5|fenced?|false
STATE|2|1|1|5|attacked?|true
STATE|2|1|1|5|cropped|true
STATE|2|1|1|5|totalLivestock|[1 4 10 5 9 4 9 10 7 8 10 2 0 10 1 7 0 6 5 10]
STATE|2|1|1|5|treeCount|7.72
STATE|2|1|1|5|grassMass|3.95
STATE|2|1|1|5|pAttack|9.86
STATE|2|1|1|5|arable|true
STATE|2|1|1|5|totalHarvest|6.43
STATE|2|1|1|5|animalLoss|5.1
STATE|2|1|1|5|ownedBy|3
STATE|2|1|1|5|village|3
STATE|2|1|1|5|shared?|false
STATE|2|1|1|6|animalCount|[10 4 0 2 10 6 8 10 1 8 4 9 1 8 4 5 1 10 5 5]
STATE|2|1|1|6|forageCount|4.17
STATE|2|1|1|6|forageMass|3.44
STATE|2|1|1|6|fenced?|true
STATE|2|1|1|6|attacked?|false
STATE|2|1|1|6|cropped|true
STATE|2|1|1|6|totalLivestock|[3 10 9 0 4 0 7 8 8 7 7 4 9 10 6 4 2 6 2 6]
STATE|2|1|1|6|treeCount|4.25
STATE|2|1|1|6|grassMass|1.57
STATE|2|1|1|6|pAttack|0.4
STATE|2|1|1|6|arable|false
STATE|2|1|1|6|totalHarvest|8.49
STATE|2|1|1|6|animalLoss|2.98
STATE|2|1|1|6|ownedBy|0
STATE|2|1|1|6|village|3
STATE|2|1|1|6|shared?|false
STATE|2|1|1|7|animalCount|[10 1 9 3 10 5 0 10 7 9 5 4 3 1 2 3 7 9 1 8]
STATE|2|1|1|7|forageCount|8.07
STATE|2|1|1|7|forageMass|6.15
STATE|2|1|1|7|fenced?|false
STATE|2|1|1|7|attacked?|false
STATE|2|1|1|7|cropped|true
STATE|2|1|1|7|totalLivestock|[2 6 0 7 5 2 2 5 8 8 3 0 9 5 1 3 3 6 4 3]
STATE|2|1|1|7|treeCount|8.1
STATE|2|1|1|7|grassMass|6.2
STATE|2|1|1|7|pAttack|9.37
STATE|2|1|1|7|arable|false
STATE|2|1|1|7|totalHarvest|9.47
STATE|2|1|1|7|animalLoss|4.72
STATE|2|1|1|7|ownedBy|0
STATE|2|1|1|7|village|1
STATE|2|1|1|7|shared?|true
STATE|2|1|2|0|animalCount|[6 8 3 9 2 0 6 2 0 1 6 2 6 10 6 6 3 5 7 10]
STATE|2|1|2|0|forageCount|4.56
STATE|2|1|2|0|forageMass|0.27
STATE|2|1|2|0|fenced?|true
STATE|2|1|2|0|attacked?|true
STATE|2|1|2|0|cropped|true
STATE|2|1|2|0|totalLivestock|[8 0 8 10 5 7 2 10 4 7 2 0 0 5 3 1 4 1 2 4]
STATE|2|1|2|0|treeCount|3.4
STATE|2|1|2|0|grassMass|2.27
STATE|2|1|2|0|pAttack|4.28
STATE|2|1|2|0|arable|true
STATE|2|1|2|0|totalHarvest|5.1
STATE|2|1|2|0|animalLoss|1.89
STATE|2|1|2|0|ownedBy|0
STATE|2|1|2|0|village|1
STATE|2|1|2|0|shared?|true
STATE|2|1|2|1|animalCount|[10 8 2 6 2 3 5 2 5 8 10 7 8 3 7 10 10 6 0 3]
STATE|2|1|2|1|forageCount|4.12
STATE|2|1|2|1|forageMass|5.66
STATE|2|1|2|1|fenced?|false
STATE|2|1|2|1|attacked?|false
STATE|2|1|2|1|cropped|true
STATE|2|1|2|1|totalLivestock|[7 9 4 7 7 5 3 5 5 1 9 1 1 7 2 5 3 5 9 2]
STATE|2|1|2|1|treeCount|2.98
STATE|2|1|2|1|grassMass|7.38
STATE|2|1|2|1|pAttack|9.87
STATE|2|1|2|1|arable|false
STATE|2|1|2|1|totalHarvest|7.67
STATE|2|1|2|1|animalLoss|4.86
STATE|2|1|2|1|ownedBy|3
STATE|2|1|2|1|village|3
STATE|2|1|2|1|shared?|false
STATE|2|1|2|2|animalCount|[0 3 3 6 2 7 10 4 1 7 1 2 2 9 1 6 6 1 3 2]
STATE|2|1|2|2|forageCount|3.06
STATE|2|1|2|2|forageMass|1.42
STATE|2|1|2|2|fenced?|false
STATE|2|1|2|2|attacked?|false
STATE|2|1|2|2|cropped|true
STATE|2|1|2|2|totalLivestock|[7 10 5 3 6 8 1 9 0 9 8 2 7 9 7 9 7 9 6 6]
STATE|2|1|2|2|treeCount|7.25
STATE|2|1|2|2|grassMass|3.53
STATE|2|1|2|2|pAttack|5.98
STATE|2|1|2|2|arable|true
STATE|2|1|2|2|totalHarvest|5.2
STATE|2|1|2|2|animalLoss|0.02
STATE|2|1|2|2|ownedBy|0
STATE|2|1|2|2|village|3
STATE|2|1|2|2|shared?|false
STATE|2|1|2|3|animalCount|[5 1 6 1 5 1 4 3 0 9 0 1 5 4 7 7 10 10 3 6]
STATE|2|1|2|3|forageCount|7.59
STATE|2|1|2|3|forageMass|0.14
STATE|2|1|2|3|fenced?|true
STATE|2|1|2|3|attacked?|true
STATE|2|1|2|3|cropped|false
STATE|2|1|2|3|totalLivestock|[2 8 1 9 2 0 6 9 4 7 6 6 5 9 8 9 0 4 1 1]
STATE|2|1|2|3|treeCount|0.09
STATE|2|1|2|3|grassMass|4.01
STATE|2|1|2|3|pAttack|2.88
STATE|2|1|2|3|arable|true
STATE|2|1|2|3|totalHarvest|2.54
STATE|2|1|2|3|animalLoss|0.71
STATE|2|1|2|3|ownedBy|0
STATE|2|1|2|3|village|2
STATE|2|1|2|3|shared?|false
STATE|2|1|2|4|animalCount|[10 1 0 0 8 9 0 7 4 7 4 6 2 4 2 0 3 10 1 9]
STATE|2|1|2|4|forageCount|3.38
STATE|2|1|2|4|forageMass|9.56
STATE|2|1|2|4|fenced?|false
STATE|2|1|2|4|attacked?|false
STATE|2|1|2|4|cropped|false
STATE|2|1|2|4|totalLivestock|[3 8 6 4 5 1 0 2 6 8 3 8 8 5 5 3 10 10 6 2]
STATE|2|1|2|4|treeCount|5.74
STATE|2|1|2|4|grassMass|9.55
STATE|2|1|2|4|pAttack|0.15
STATE|2|1|2|4|arable|true
STATE|2|1|2|4|totalHarvest|4.97
STATE|2|1|2|4|animalLoss|3.41
STATE|2|1|2|4|ownedBy|0
STATE|2|1|2|4|village|3
STATE|2|1|2|4|shared?|false
STATE|2|1|2|5|animalCount|[4 10 2 9 3 9 6 9 1 9 0 2 6 6 6 8 5 1 4 3]
STATE|2|1|2|5|forageCount|3.22
STATE|2|1|2|5|forageMass|7.23
STATE|2|1|2|5|fenced?|true
STATE|2|1|2|5|attacked?|true
STATE|2|1|2|5|cropped|true
STATE|2|1|2|5|totalLivestock|[4 2 1 0 10 9 0 8 8 4 1 4 3 3 7 8 5 9 4 10]
STATE|2|1|2|5|treeCount|8.06
STATE|2|1|2|5|grassMass|4.99
STATE|2|1|2|5|pAttack|4.43
STATE|2|1|2|5|arable|true
STATE|2|1|2|5|totalHarvest|4.56
STATE|2|1|2|5|animalLoss|3.45
STATE|2|1|2|5|ownedBy|0
STATE|2|1|2|5|village|3
STATE|2|1|2|5|shared?|false
STATE|2|1|2|6|animalCount|[3 9 3 8 6 10 3 5 0 8 5 9 8 4 1 6 2 5 4 7]
STATE|2|1|2|6|forageCount|2.97
STATE|2|1|2|6|forageMass|3.89
STATE|2|1|2|6|fenced?|true
STATE|2|1|2|6|attacked?|false
STATE|2|1|2|6|cropped|true
STATE|2|1|2|6|totalLivestock|[4 0 5 0 7 5 3 5 5 4 2 1 6 9 3 9 3 8 4 7]
STATE|2|1|2|6|treeCount|4.89
STATE|2|1|2|6|grassMass|8.19
STATE|2|1|2|6|pAttack|9.58
STATE|2|1|2|6|arable|false
STATE|2|1|2|6|totalHarvest|7.34
STATE|2|1|2|6|animalLoss|2.22
STATE|2|1|2|6|ownedBy|2
STATE|2|1|2|6|village|3
STATE|2|1|2|6|shared?|true
STATE|2|1|2|7|animalCount|[3 5 2 0 3 9 9 5 6 9 10 10 9 4 2 10 6 4 3 9]
STATE|2|1|2|7|forageCount|8.17
STATE|2|1|2|7|forageMass|1.47
STATE|2|1|2|7|fenced?|true
STATE|2|1|2|7|attacked?|true
STATE|2|1|2|7|cropped|false
STATE|2|1|2|7|totalLivestock|[5 0 7 2 8 10 0 0 0 3 3 3 7 3 10 4 2 5 0 5]
STATE|2|1|2|7|treeCount|2.57
STATE|2|1|2|7|grassMass|9.62
STATE|2|1|2|7|pAttack|6.56
STATE|2|1|2|7|arable|false
STATE|2|1|2|7|totalHarvest|5.31
STATE|2|1|2|7|animalLoss|7.45
STATE|2|1|2|7|ownedBy|0
STATE|2|1|2|7|village|0
STATE|2|1|2|7|shared?|false
STATE|2|1|3|0|animalCount|[7 8 8 5 2 2 4 1 0 9 5 0 10 1 1 2 2 0 4 10]
STATE|2|1|3|0|forageCount|8.05
STATE|2|1|3|0|forageMass|9.4
STATE|2|1|3|0|fenced?|false
STATE|2|1|3|0|attacked?|true
STATE|2|1|3|0|cropped|true
STATE|2|1|3|0|totalLivestock|[7 8 3 8 2 7 8 9 9 9 1 8 1 3 2 4 2 2 0 6]
STATE|2|1|3|0|treeCount|6.08
STATE|2|1|3|0|grassMass|6.17
STATE|2|1|3|0|pAttack|5.07
STATE|2|1|3|0|arable|true
STATE|2|1|3|0|totalHarvest|1.91
STATE|2|1|3|0|animalLoss|5.84
STATE|2|1|3|0|ownedBy|0
STATE|2|1|3|0|village|1
STATE|2|1|3|0|shared?|true
STATE|2|1|3|1|animalCount|[4 4 2 1 3 1 0 1 2 0 8 8 10 4 6 7 5 7 7 8]
STATE|2|1|3|1|forageCount|2.91
STATE|2|1|3|1|forageMass|9.66
STATE|2|1|3|1|fenced?|false
STATE|2|1|3|1|attacked?|true
STATE|2|1|3|1|cropped|false
STATE|2|1|3|1|totalLivestock|[3 9 9 9 3 2 9 4 0 8 10 5 7 7 5 7 4 4 3 5]
STATE|2|1|3|1|treeCount|7.54
STATE|2|1|3|1|grassMass|0.51
STATE|2|1|3|1|pAttack|1.38
STATE|2|1|3|1|arable|true
STATE|2|1|3|1|totalHarvest|9.43
STATE|2|1|3|1|animalLoss|5.85
STATE|2|1|3|1|ownedBy|3
STATE|2|1|3|1|village|0
STATE|2|1|3|1|shared?|false
STATE|2|1|3|2|animalCount|[8 5 1 3 5 0 7 5 10 9 8 1 9 2 5 4 7 7 9 1]
STATE|2|1|3|2|forageCount|4.97
STATE|2|1|3|2|forageMass|4.0
STATE|2|1|3|2|fenced?|true
STATE|2|1|3|2|attacked?|false
STATE|2|1|3|2|cropped|false
STATE|2|1|3|2|totalLivestock|[0 4 5 7 7 3 7 2 9 9 10 10 2 5 2 9 7 1 4 3]
STATE|2|1|3|2|treeCount|3.47
STATE|2|1|3|2|grassMass|0.56
STATE|2|1|3|2|pAttack|4.79
STATE|2|1|3|2|arable|false
STATE|2|1|3|2|totalHarvest|2.66
STATE|2|1|3|2|animalLoss|5.17
STATE|2|1|3|2|ownedBy|0
STATE|2|1|3|2|village|1
STATE|2|1|3|2|shared?|true
STATE|2|1|3|3|animalCount|[0 9 8 9 9 2 0 4 6 8 10 6 3 7 6 1 3 4 0 10]
STATE|2|1|3|3|forageCount|1.66
STATE|2|1|3|3|forageMass|7.81
STATE|2|1|3|3|fenced?|true
STATE|2|1|3|3|attacked?|true
STATE|2|1|3|3|cropped|false
STATE|2|1|3|3|totalLivestock|[0 5 0 0 9 1 3 8 0 9 8 2 9 6 2 5 9 2 8 10]
STATE|2|1|3|3|treeCount|1.14
STATE|2|1|3|3|grassMass|8.21
STATE|2|1|3|3|pAttack|1.21
STATE|2|1|3|3|arable|true
STATE|2|1|3|3|totalHarvest|4.08
STATE|2|1|3|3|animalLoss|3.0
STATE|2|1|3|3|ownedBy|0
STATE|2|1|3|3|village|3
STATE|2|1|3|3|shared?|true
STATE|2|1|3|4|animalCount|[0 7 3 2 2 1 8 3 8 3 6 7 1 4 4 7 3 0 2 4]
STATE|2|1|3|4|forageCount|0.57
STATE|2|1|3|4|forageMass|7.62
STATE|2|1|3|4|fenced?|true
STATE|2|1|3|4|attacked?|true
STATE|2|1|3|4|cropped|false
STATE|2|1|3|4|totalLivestock|[6 2 10 1 10 9 8 8 9 5 2 8 4 10 5 8 0 7 9 10]
STATE|2|1|3|4|treeCount|9.02
STATE|2|1|3|4|grassMass|5.96
STATE|2|1|3|4|pAttack|2.44
STATE|2|1|3|4|arable|true
STATE|2|1|3|4|totalHarvest|2.79
STATE|2|1|3|4|animalLoss|0.57
STATE|2|1|3|4|ownedBy|0
STATE|2|1|3|4|village|0
STATE|2|1|3|4|shared?|true
STATE|2|1|3|5|animalCount|[4 8 0 1 10 4 10 9 1 8 9 7 7 2 6 0 3 1 0 10]
STATE|2|1|3|5|forageCount|3.67
STATE|2|1|3|5|forageMass|3.39
STATE|2|1|3|5|fenced?|true
STATE|2|1|3|5|attacked?|true
STATE|2|1|3|5|cropped|false
STATE|2|1|3|5|totalLivestock|[5 8 7 2 8 1 8 0 8 4 3 7 9 2 9 1 7 4 5 5]
STATE|2|1|3|5|treeCount|9.48
STATE|2|1|3|5|grassMass|1.83
STATE|2|1|3|5|pAttack|9.32
STATE|2|1|3|5|arable|true
STATE|2|1|3|5|totalHarvest|6.95
STATE|2|1|3|5|animalLoss|7.01
STATE|2|1|3|5|ownedBy|3
STATE|2|1|3|5|village|0
STATE|2|1|3|5|shared?|true
STATE|2|1|3|6|animalCount|[2 3 8 10 3 9 7 5 8 7 3 5 5 5 10 8 8 6 6 2]
STATE|2|1|3|6|forageCount|3.39
STATE|2|1|3|6|forageMass|5.21
STATE|2|1|3|6|fenced?|false
STATE|2|1|3|6|attacked?|false
STATE|2|1|3|6|cropped|true
STATE|2|1|3|6|totalLivestock|[7 4 9 10 9 2 7 0 3 6 4 5 4 7 7 0 1 8 4 9]
STATE|2|1|3|6|treeCount|5.29
STATE|2|1|3|6|grassMass|2.42
STATE|2|1|3|6|pAttack|3.15
STATE|2|1|3|6|arable|true
STATE|2|1|3|6|totalHarvest|4.94
STATE|2|1|3|6|animalLoss|4.61
STATE|2|1|3|6|ownedBy|2
STATE|2|1|3|6|village|3
STATE|2|1|3|6|shared?|false
STATE|2|1|3|7|animalCount|[0 1 8 6 7 6 7 0 8 0 8 0 8 9 2 3 0 6 0 4]
STATE|2|1|3|7|forageCount|0.53
STATE|2|1|3|7|forageMass|9.19
STATE|2|1|3|7|fenced?|false
STATE|2|1|3|7|attacked?|false
STATE|2|1|3|7|cropped|false
STATE|2|1|3|7|totalLivestock|[1 0 5 5 4 10 10 2 8 8 2 2 2 8 9 2 8 3 2 9]
STATE|2|1|3|7|treeCount|9.82
STATE|2|1|3|7|grassMass|6.9
STATE|2|1|3|7|pAttack|8.5
STATE|2|1|3|7|arable|false
STATE|2|1|3|7|totalHarvest|4.55
STATE|2|1|3|7|animalLoss|7.41
STATE|2|1|3|7|ownedBy|1
STATE|2|1|3|7|village|2
STATE|2|1|3|7|shared?|true
STATE|2|1|4|0|animalCount|[8 4 9 2 0 8 4 6 0 1 9 0 0 8 0 9 7 5 10 10]
STATE|2|1|4|0|forageCount|6.25
STATE|2|1|4|0|forageMass|8.23
STATE|2|1|4|0|fenced?|false
STATE|2|1|4|0|attacked?|true
STATE|2|1|4|0|cropped|false
STATE|2|1|4|0|totalLivestock|[3 4 8 9 4 4 5 2 8 8 1 3 9 8 8 3 9 9 4 7]
STATE|2|1|4|0|treeCount|1.8
STATE|2|1|4|0|grassMass|8.49
STATE|2|1|4|0|pAttack|8.27
STATE|2|1|4|0|arable|true
STATE|2|1|4|0|totalHarvest|2.57
STATE|2|1|4|0|animalLoss|4.74
STATE|2|1|4|0|ownedBy|3
STATE|2|1|4|0|village|3
STATE|2|1|4|0|shared?|true
STATE|2|1|4|1|animalCount|[2 9 8 7 0 0 10 3 4 8 9 9 8 7 9 5 8 5 0 5]
STATE|2|1|4|1|forageCount|3.91
STATE|2|1|4|1|forageMass|1.2
STATE|2|1|4|1|fenced?|false
STATE|2|1|4|1|attacked?|true
STATE|2|1|4|1|cropped|true
STATE|2|1|4|1|totalLivestock|[9 9 5 10 8 1 4 1 5 6 6 5 7 4 6 3 1 6 0 6]
STATE|2|1|4|1|treeCount|9.12
STATE|2|1|4|1|grassMass|6.31
STATE|2|1|4|1|pAttack|5.46
STATE|2|1|4|1|arable|true
STATE|2|1|4|1|totalHarvest|2.05
STATE|2|1|4|1|animalLoss|9.52
STATE|2|1|4|1|ownedBy|0
STATE|2|1|4|1|village|3
STATE|2|1|4|1|shared?|true
STATE|2|1|4|2|animalCount|[2 1 8 9 2 1 0 2 6 8 1 2 9 2 5 3 1 4 4 4]
STATE|2|1|4|2|forageCount|9.27
STATE|2|1|4|2|forageMass|8.28
STATE|2|1|4|2|fenced?|false
STATE|2|1|4|2|attacked?|false
STATE|2|1|4|2|cropped|true
STATE|2|1|4|2|totalLivestock|[5 6 4 5 2 6 3 1 2 9 6 8 5 9 2 5 4 5 1 10]
STATE|2|1|4|2|treeCount|2.51
STATE|2|1|4|2|grassMass|1.44
STATE|2|1|4|2|pAttack|6.69
STATE|2|1|4|2|arable|true
STATE|2|1|4|2|totalHarvest|0.67
STATE|2|1|4|2|animalLoss|7.76
STATE|2|1|4|2|ownedBy|0
STATE|2|1|4|2|village|3
STATE|2|1|4|2|shared?|true
STATE|2|1|4|3|animalCount|[2 8 0 1 9 5 1 10 1 0 0 7 8 7 3 3 6 8 2 1]
STATE|2|1|4|3|forageCount|8.8
STATE|2|1|4|3|forageMass|9.88
STATE|2|1|4|3|fenced?|false
STATE|2|1|4|3|attacked?|false
STATE|2|1|4|3|cropped|false
STATE|2|1|4|3|totalLivestock|[0 4 3 0 10 6 6 0 9 5 1 7 7 10 0 2 1 1 3 3]
STATE|2|1|4|3|treeCount|6.59
STATE|2|1|4|3|grassMass|2.6
STATE|2|1|4|3|pAttack|4.36
STATE|2|1|4|3|arable|true
STATE|2|1|4|3|totalHarvest|5.49
STATE|2|1|4|3|animalLoss|4.91
STATE|2|1|4|3|ownedBy|2
STATE|2|1|4|3|village|0
STATE|2|1|4|3|shared?|false
STATE|2|1|4|4|animalCount|[10 2 4 1 9 0 3 8 7 6 3 7 5 8 10 0 3 9 6 3]
STATE|2|1|4|4|forageCount|2.54
STATE|2|1|4|4|forageMass|4.79
STATE|2|1|4|4|fenced?|false
STATE|2|1|4|4|attacked?|false
STATE|2|1|4|4|cropped|false
STATE|2|1|4|4|totalLivestock|[4 8 2 4 6 2 7 9 10 5 4 1 0 2 7 4 2 1 6 2]
STATE|2|1|4|4|treeCount|3.58
STATE|2|1|4|4|grassMass|3.7
STATE|2|1|4|4|pAttack|5.39
STATE|2|1|4|4|arable|true
STATE|2|1|4|4|totalHarvest|6.18
STATE|2|1|4|4|animalLoss|1.04
STATE|2|1|4|4|ownedBy|1
STATE|2|1|4|4|village|0
STATE|2|1|4|4|shared?|false
STATE|2|1|4|5|animalCount|[9 1 5 8 9 9 7 8 8 4 8 2 10 7 2 3 7 0 2 2]
STATE|2|1|4|5|forageCount|9.31
STATE|2|1|4|5|forageMass|0.33
STATE|2|1|4|5|fenced?|false
STATE|2|1|4|5|attacked?|false
STATE|2|1|4|5|cropped|false
STATE|2|1|4|5|totalLivestock|[6 7 0 4 10 8 5 5 2 4 2 0 8 5 0 0 1 0 3 5]
STATE|2|1|4|5|treeCount|3.18
STATE|2|1|4|5|grassMass|6.55
STATE|2|1|4|5|pAttack|2.44
STATE|2|1|4|5|arable|false
STATE|2|1|4|5|totalHarvest|1.97
STATE|2|1|4|5|animalLoss|2.16
STATE|2|1|4|5|ownedBy|1
STATE|2|1|4|5|village|0
STATE|2|1|4|5|shared?|false
STATE|2|1|4|6|animalCount|[9 2 3 10 6 5 4 0 8 6 2 10 4 5 5 8 1 6 2 2]
STATE|2|1|4|6|forageCount|3.62
STATE|2|1|4|6|forageMass|7.51
STATE|2|1|4|6|fenced?|false
STATE|2|1|4|6|attacked?|true
STATE|2|1|4|6|cropped|false
STATE|2|1|4|6|totalLivestock|[3 9 5 0 8 6 3 3 7 5 1 10 6 9 6 6 4 1 10 3]
STATE|2|1|4|6|treeCount|0.4
STATE|2|1|4|6|grassMass|3.04
STATE|2|1|4|6|pAttack|7.33
STATE|2|1|4|6|arable|true
STATE|2|1|4|6|totalHarvest|4.49
STATE|2|1|4|6|animalLoss|0.07
STATE|2|1|4|6|ownedBy|1
STATE|2|1|4|6|village|1
STATE|2|1|4|6|shared?|false
STATE|2|1|4|7|animalCount|[9 0 2 3 7 3 2 1 0 4 4 4 9 0 10 8 2 7 1 6]
STATE|2|1|4|7|forageCount|9.93
STATE|2|1|4|7|forageMass|5.88
STATE|2|1|4|7|fenced?|false
STATE|2|1|4|7|attacked?|true
STATE|2|1|4|7|cropped|true
STATE|2|1|4|7|totalLivestock|[1 3 4 2 3 2 3 8 4 9 9 5 9 8 10 4 4 2 8 7]
STATE|2|1|4|7|treeCount|1.76
STATE|2|1|4|7|grassMass|1.95
STATE|2|1|4|7|pAttack|5.42
STATE|2|1|4|7|arable|false
STATE|2|1|4|7|totalHarvest|6.7
STATE|2|1|4|7|animalLoss|5.16
STATE|2|1|4|7|ownedBy|1
STATE|2|1|4|7|village|3
STATE|2|1|4|7|shared?|true
STATE|2|1|5|0|animalCount|[2 8 9 2 5 2 6 1 5 0 8 8 9 6 5 10 7 2 5 3]
STATE|2|1|5|0|forageCount|2.76
STATE|2|1|5|0|forageMass|3.65
STATE|2|1|5|0|fenced?|false
STATE|2|1|5|0|attacked?|false
STATE|2|1|5|0|cropped|false
STATE|2|1|5|0|totalLivestock|[0 5 9 5 2 8 2 1 7 7 1 9 1 10 9 3 3 8 9 1]
STATE|2|1|5|0|treeCount|8.88
STATE|2|1|5|0|grassMass|9.78
STATE|2|1|5|0|pAttack|2.86
STATE|2|1|5|0|arable|false
STATE|2|1|5|0|totalHarvest|9.85
STATE|2|1|5|0|animalLoss|7.6
STATE|2|1|5|0|ownedBy|0
STATE|2|1|5|0|village|1
STATE|2|1|5|0|shared?|true
STATE|2|1|5|1|animalCount|[3 5 2 8 0 7 8 9 2 4 8 3 3 1 6 1 4 5 8 2]
STATE|2|1|5|1|forageCount|1.75
STATE|2|1|5|1|forageMass|2.96
STATE|2|1|5|1|fenced?|false
STATE|2|1|5|1|attacked?|true
STATE|2|1|5|1|cropped|true
STATE|2|1|5|1|totalLivestock|[5 7 10 8 4 3 4 9 4 6 2 1 5 9 2 10 3 6 8 4]
STATE|2|1|5|1|treeCount|7.98
STATE|2|1|5|1|grassMass|5.48
STATE|2|1|5|1|pAttack|0.69
STATE|2|1|5|1|arable|false
STATE|2|1|5|1|totalHarvest|0.3
STATE|2|1|5|1|animalLoss|7.17
STATE|2|1|5|1|ownedBy|2
STATE|2|1|5|1|village|3
STATE|2|1|5|1|shared?|false
STATE|2|1|5|2|animalCount|[4 7 10 5 3 10 5 4 3 7 4 3 7 4 6 7 4 3 1 7]
STATE|2|1|5|2|forageCount|1.26
STATE|2|1|5|2|forageMass|5.73
STATE|2|1|5|2|fenced?|true
STATE|2|1|5|2|attacked?|false
STATE|2|1|5|2|cropped|true
STATE|2|1|5|2|totalLivestock|[0 8 3 2 0 5 4 6 10 7 10 0 9 6 7 2 7 5 8 10]
STATE|2|1|5|2|treeCount|6.29
STATE|2|1|5|2|grassMass|0.97
STATE|2|1|5|2|pAttack|8.39
STATE|2|1|5|2|arable|false
STATE|2|1|5|2|totalHarvest|3.18
STATE|2|1|5|2|animalLoss|0.14
STATE|2|1|5|2|ownedBy|0
STATE|2|1|5|2|village|0
STATE|2|1|5|2|shared?|false
STATE|2|1|5|3|animalCount|[3 4 6 4 9 5 7 7 1 0 3 9 7 2 3 6 5 2 2 7]
STATE|2|1|5|3|forageCount|1.42
STATE|2|1|5|3|forageMass|4.13
STATE|2|1|5|3|fenced?|true
STATE|2|1|5|3|attacked?|false
STATE|2|1|5|3|cropped|true
STATE|2|1|5|3|totalLivestock|[7 6 4 8 8 2 9 3 5 10 2 7 9 3 2 2 4 1 9 1]
STATE|2|1|5|3|treeCount|2.89
STATE|2|1|5|3|grassMass|0.45
STATE|2|1|5|3|pAttack|0.09
STATE|2|1|5|3|arable|false
STATE|2|1|5|3|totalHarvest|7.96
STATE|2|1|5|3|animalLoss|0.78
STATE|2|1|5|3|ownedBy|2
STATE|2|1|5|3|village|0
STATE|2|1|5|3|shared?|true
STATE|2|1|5|4|animalCount|[2 4 7 3 4 10 3 7 8 4 3 10 8 7 2 2 7 6 9 8]
STATE|2|1|5|4|forageCount|9.82
STATE|2|1|5|4|forageMass|2.0
STATE|2|1|5|4|fenced?|true
STATE|2|1|5|4|attacked?|true
STATE|2|1|5|4|cropped|false
STATE|2|1|5|4|totalLivestock|[9 0 6 5 6 1 7 5 0 4 2 8 8 6 4 1 3 4 8 10]
STATE|2|1|5|4|treeCount|4.57
STATE|2|1|5|4|grassMass|2.62
STATE|2|1|5|4|pAttack|3.72
STATE|2|1|5|4|arable|true
STATE|2|1|5|4|totalHarvest|1.73
STATE|2|1|5|4|animalLoss|3.24
STATE|2|1|5|4|ownedBy|2
STATE|2|1|5|4|village|0
STATE|2|1|5|4|shared?|true
STATE|2|1|5|5|animalCount|[6 5 4 9 4 10 0 10 0 4 6 6 0 2 1 2 9 0 6 2]
STATE|2|1|5|5|forageCount|3.26
STATE|2|1|5|5|forageMass|8.69
STATE|2|1|5|5|fenced?|false
STATE|2|1|5|5|attacked?|true
STATE|2|1|5|5|cropped|true
STATE|2|1|5|5|totalLivestock|[4 7 6 1 1 3 4 3 1 4 2 1 6 6 7 4 3 0 7 8]
STATE|2|1|5|5|treeCount|4.12
STATE|2|1|5|5|grassMass|3.95
STATE|2|1|5|5|pAttack|8.22
STATE|2|1|5|5|arable|true
STATE|2|1|5|5|totalHarvest|9.83
STATE|2|1|5|5|animalLoss|7.76
STATE|2|1|5|5|ownedBy|0
STATE|2|1|5|5|village|1
STATE|2|1|5|5|shared?|true
STATE|2|1|5|6|animalCount|[4 9 2 3 3 9 7 5 9 7 10 5 6 6 5 10 3 9 3 9]
STATE|2|1|5|6|forageCount|1.42
STATE|2|1|5|6|forageMass|8.84
STATE|2|1|5|6|fenced?|true
STATE|2|1|5|6|attacked?|false
STATE|2|1|5|6|cropped|true
STATE|2|1|5|6|totalLivestock|[4 2 6 0 7 4 4 9 0 9 5 5 10 2 1 1 1 2 3 7]
STATE|2|1|5|6|treeCount|5.93
STATE|2|1|5|6|grassMass|0.43
STATE|2|1|5|6|pAttack|4.08
STATE|2|1|5|6|arable|true
STATE|2|1|5|6|totalHarvest|7.14
STATE|2|1|5|6|animalLoss|0.72
STATE|2|1|5|6|ownedBy|1
STATE|2|1|5|6|village|3
STATE|2|1|5|6|shared?|false
STATE|2|1|5|7|animalCount|[8 9 6 0 4 2 8 0 2 3 5 8 0 6 10 4 0 3 7 4]
STATE|2|1|5|7|forageCount|5.67
STATE|2|1|5|7|forageMass|2.38
STATE|2|1|5|7|fenced?|false
STATE|2|1|5|7|attacked?|false
STATE|2|1|5|7|cropped|true
STATE|2|1|5|7|totalLivestock|[4 1 3 8 3 10 0 9 9 9 0 9 1 0 3 0 6 3 5 5]
STATE|2|1|5|7|treeCount|0.7
STATE|2|1|5|7|grassMass|7.06
STATE|2|1|5|7|pAttack|8.38
STATE|2|1|5|7|arable|true
STATE|2|1|5|7|totalHarvest|6.39
STATE|2|1|5|7|animalLoss|0.76
STATE|2|1|5|7|ownedBy|2
STATE|2|1|5|7|village|0
STATE|2|1|5|7|shared?|false
STATE|2|1|6|0|animalCount|[5 7 4 10 7 10 6 10 8 4 1 0 4 5 2 0 3 6 6 10]
STATE|2|1|6|0|forageCount|3.81
STATE|2|1|6|0|forageMass|1.47
STATE|2|1|6|0|fenced?|true
STATE|2|1|6|0|attacked?|true
STATE|2|1|6|0|cropped|false
STATE|2|1|6|0|totalLivestock|[3 1 3 0 9 1 1 9 1 8 4 6 1 9 9 3 9 5 5 5]
STATE|2|1|6|0|treeCount|5.48
STATE|2|1|6|0|grassMass|2.98
STATE|2|1|6|0|pAttack|7.09
STATE|2|1|6|0|arable|true
STATE|2|1|6|0|totalHarvest|3.9
STATE|2|1|6|0|animalLoss|9.76
STATE|2|1|6|0|ownedBy|0
STATE|2|1|6|0|village|1
STATE|2|1|6|0|shared?|true
STATE|2|1|6|1|animalCount|[5 7 7 0 0 6 4 7 5 9 2 9 4 3 0 3 0 4 8 4]
STATE|2|1|6|1|forageCount|7.66
STATE|2|1|6|1|forageMass|7.18
STATE|2|1|6|1|fenced?|false
STATE|2|1|6|1|attacked?|false
STATE|2|1|6|1|cropped|true
STATE|2|1|6|1|totalLivestock|[2 6 7 5 3 3 5 3 3 2 0 4 6 8 6 7 7 7 5 2]
STATE|2|1|6|1|treeCount|1.28
STATE|2|1|6|1|grassMass|9.17
STATE|2|1|6|1|pAttack|9.16
STATE|2|1|6|1|arable|false
STATE|2|1|6|1|totalHarvest|3.03
STATE|2|1|6|1|animalLoss|1.19
STATE|2|1|6|1|ownedBy|3
STATE|2|1|6|1|village|3
STATE|2|1|6|1|shared?|true
STATE|2|1|6|2|animalCount|[7 0 1 0 8 9 4 0 4 0 6 10 7 5 9 3 3 1 9 2]
STATE|2|1|6|2|forageCount|0.97
STATE|2|1|6|2|forageMass|2.13
STATE|2|1|6|2|fenced?|true
STATE|2|1|6|2|attacked?|false
STATE|2|1|6|2|cropped|false
STATE|2|1|6|2|totalLivestock|[1 10 6 9 4 8 4 1 9 3 5 0 5 9 3 1 9 9 3 8]
STATE|2|1|6|2|treeCount|8.59
STATE|2|1|6|2|grassMass|2.67
STATE|2|1|6|2|pAttack|4.76
STATE|2|1|6|2|arable|false
STATE|2|1|6|2|totalHarvest|5.81
STATE|2|1|6|2|animalLoss|6.93
STATE|2|1|6|2|ownedBy|0
STATE|2|1|6|2|village|1
STATE|2|1|6|2|shared?|true
STATE|2|1|6|3|animalCount|[7 9 7 2 2 8 8 2 5 4 3 8 9 10 2 4 10 0 7 0]
STATE|2|1|6|3|forageCount|0.04
STATE|2|1|6|3|forageMass|5.45
STATE|2|1|6|3|fenced?|false
STATE|2|1|6|3|attacked?|true
STATE|2|1|6|3|cropped|false
STATE|2|1|6|3|totalLivestock|[8 9 4 5 10 9 2 10 10 7 6 2 3 10 8 7 5 9 10 5]
STATE|2|1|6|3|treeCount|0.29
STATE|2|1|6|3|grassMass|6.5
STATE|2|1|6|3|pAttack|6.33
STATE|2|1|6|3|arable|true
STATE|2|1|6|3|totalHarvest|2.5
STATE|2|1|6|3|animalLoss|9.34
STATE|2|1|6|3|ownedBy|3
STATE|2|1|6|3|village|0
STATE|2|1|6|3|shared?|false
STATE|2|1|6|4|animalCount|[6 1 5 9 4 0 1 1 7 6 7 6 5 3 1 8 7 4 8 3]
STATE|2|1|6|4|forageCount|3.63
STATE|2|1|6|4|forageMass|2.81
STATE|2|1|6|4|fenced?|true
STATE|2|1|6|4|attacked?|true
STATE|2|1|6|4|cropped|true
STATE|2|1|6|4|totalLivestock|[8 8 2 4 5 10 7 2 4 6 3 3 9 10 4 4 5 6 8 10]
STATE|2|1|6|4|treeCount|8.16
STATE|2|1|6|4|grassMass|1.95
STATE|2|1|6|4|pAttack|3.4
STATE|2|1|6|4|arable|false
STATE|2|1|6|4|totalHarvest|0.86
STATE|2|1|6|4|animalLoss|7.3
STATE|2|1|6|4|ownedBy|0
STATE|2|1|6|4|village|2
STATE|2|1|6|4|shared?|true
STATE|2|1|6|5|animalCount|[0 1 10 8 10 8 1 7 6 0 8 1 2 9 2 9 7 1 8 4]
STATE|2|1|6|5|forageCount|0.15
STATE|2|1|6|5|forageMass|1.14
STATE|2|1|6|5|fenced?|true
STATE|2|1|6|5|attacked?|true
STATE|2|1|6|5|cropped|false
STATE|2|1|6|5|totalLivestock|[1 1 6 6 8 10 10 0 0 10 7 6 1 4 10 5 8 5 4 1]
STATE|2|1|6|5|treeCount|5.89
STATE|2|1|6|5|grassMass|5.34
STATE|2|1|6|5|pAttack|8.26
STATE|2|1|6|5|arable|false
STATE|2|1|6|5|totalHarvest|2.8
STATE|2|1|6|5|animalLoss|9.28
STATE|2|1|6|5|ownedBy|0
STATE|2|1|6|5|village|1
STATE|2|1|6|5|shared?|true
STATE|2|1|6|6|animalCount|[9 10 5 3 9 10 2 7 8 6 4 0 3 5 5 8 6 3 5 9]
STATE|2|1|6|6|forageCount|6.77
STATE|2|1|6|6|forageMass|7.83
STATE|2|1|6|6|fenced?|false
STATE|2|1|6|6|attacked?|false
STATE|2|1|6|6|cropped|true
STATE|2|1|6|6|totalLivestock|[5 10 4 5 0 7 2 0 1 4 9 6 0 0 1 1 0 1 9 7]
STATE|2|1|6|6|treeCount|3.9
STATE|2|1|6|6|grassMass|3.42
STATE|2|1|6|6|pAttack|5.68
STATE|2|1|6|6|arable|false
STATE|2|1|6|6|totalHarvest|1.94
STATE|2|1|6|6|animalLoss|4.21
STATE|2|1|6|6|ownedBy|0
STATE|2|1|6|6|village|0
STATE|2|1|6|6|shared?|false
STATE|2|1|6|7|animalCount|[2 0 5 3 5 10 3 5 4 2 1 6 10 2 0 8 8 10 3 6]
STATE|2|1|6|7|forageCount|9.93
STATE|2|1|6|7|forageMass|3.44
STATE|2|1|6|7|fenced?|false
STATE|2|1|6|7|attacked?|false
STATE|2|1|6|7|cropped|false
STATE|2|1|6|7|totalLivestock|[4 5 3 5 6 3 6 4 6 1 7 8 6 3 4 2 4 10 3 3]
STATE|2|1|6|7|treeCount|0.55
STATE|2|1|6|7|grassMass|9.05
STATE|2|1|6|7|pAttack|8.69
STATE|2|1|6|7|arable|true
STATE|2|1|6|7|totalHarvest|3.46
STATE|2|1|6|7|animalLoss|2.07
STATE|2|1|6|7|ownedBy|3
STATE|2|1|6|7|village|1
STATE|2|1|6|7|shared?|true
STATE|2|1|7|0|animalCount|[0 10 9 2 10 4 8 3 6 1 2 8 9 10 5 7 8 6 3 10]
STATE|2|1|7|0|forageCount|0.89
STATE|2|1|7|0|forageMass|5.66
STATE|2|1|7|0|fenced?|true
STATE|2|1|7|0|attacked?|true
STATE|2|1|7|0|cropped|false
STATE|2|1|7|0|totalLivestock|[10 8 1 9 6 8 5 0 3 8 6 5 7 10 2 10 8 8 8 2]
STATE|2|1|7|0|treeCount|8.91
STATE|2|1|7|0|grassMass|2.04
STATE|2|1|7|0|pAttack|2.21
STATE|2|1|7|0|arable|true
STATE|2|1|7|0|totalHarvest|7.86
STATE|2|1|7|0|animalLoss|9.79
STATE|2|1|7|0|ownedBy|3
STATE|2|1|7|0|village|3
STATE|2|1|7|0|shared?|false
STATE|2|1|7|1|animalCount|[2 0 1 1 6 0 4 2 0 9 8 0 6 0 1 2 0 9 4 1]
STATE|2|1|7|1|forageCount|2.7
STATE|2|1|7|1|forageMass|3.91
STATE|2|1|7|1|fenced?|false
STATE|2|1|7|1|attacked?|true
STATE|2|1|7|1|cropped|true
STATE|2|1|7|1|totalLivestock|[2 4 2 2 1 8 0 4 3 3 10 6 5 10 4 6 7 9 7 9]
STATE|2|1|7|1|treeCount|1.74
STATE|2|1|7|1|grassMass|9.8
STATE|2|1|7|1|pAttack|4.66
STATE|2|1|7|1|arable|false
STATE|2|1|7|1|totalHarvest|9.17
STATE|2|1|7|1|animalLoss|10.0
STATE|2|1|7|1|ownedBy|3
STATE|2|1|7|1|village|0
STATE|2|1|7|1|shared?|false
STATE|2|1|7|2|animalCount|[4 8 4 7 1 1 2 3 3 0 4 9 6 4 9 10 5 10 1 3]
STATE|2|1|7|2|forageCount|2.79
STATE|2|1|7|2|forageMass|6.36
STATE|2|1|7|2|fenced?|false
STATE|2|1|7|2|attacked?|false
STATE|2|1|7|2|cropped|false
STATE|2|1|7|2|totalLivestock|[4 3 9 6 9 0 1 8 7 10 6 6 9 2 7 6 5 7 1 5]
STATE|2|1|7|2|treeCount|8.64
STATE|2|1|7|2|grassMass|3.26
STATE|2|1|7|2|pAttack|6.79
STATE|2|1|7|2|arable|true
STATE|2|1|7|2|totalHarvest|1.69
STATE|2|1|7|2|animalLoss|0.83
STATE|2|1|7|2|ownedBy|3
STATE|2|1|7|2|village|1
STATE|2|1|7|2|shared?|true
STATE|2|1|7|3|animalCount|[0 3 6 9 9 5 2 3 8 5 9 10 3 6 7 7 2 4 4 4]
STATE|2|1|7|3|forageCount|7.41
STATE|2|1|7|3|forageMass|7.97
STATE|2|1|7|3|fenced?|true
STATE|2|1|7|3|attacked?|false
STATE|2|1|7|3|cropped|false
STATE|2|1|7|3|totalLivestock|[2 4 2 9 6 8 9 1 3 6 10 9 0 3 10 0 5 10 10 0]
STATE|2|1|7|3|treeCount|6.8
STATE|2|1|7|3|grassMass|4.24
STATE|2|1|7|3|pAttack|5.7
STATE|2|1|7|3|arable|true
STATE|2|1|7|3|totalHarvest|6.36
STATE|2|1|7|3|animalLoss|9.63
STATE|2|1|7|3|ownedBy|1
STATE|2|1|7|3|village|2
STATE|2|1|7|3|shared?|true
STATE|2|1|7|4|animalCount|[0 0 5 7 7 5 0 1 0 9 3 10 7 9 6 10 7 3 6 8]
STATE|2|1|7|4|forageCount|1.26
STATE|2|1|7|4|forageMass|5.69
STATE|2|1|7|4|fenced?|false
STATE|2|1|7|4|attacked?|true
STATE|2|1|7|4|cropped|false
STATE|2|1|7|4|totalLivestock|[7 10 2 5 5 5 2 3 0 0 3 8 6 5 2 1 0 4 4 10]
STATE|2|1|7|4|treeCount|5.78
STATE|2|1|7|4|grassMass|5.38
STATE|2|1|7|4|pAttack|8.19
STATE|2|1|7|4|arable|false
STATE|2|1|7|4|totalHarvest|9.32
STATE|2|1|7|4|animalLoss|7.66
STATE|2|1|7|4|ownedBy|0
STATE|2|1|7|4|village|3
STATE|2|1|7|4|shared?|true
STATE|2|1|7|5|animalCount|[10 6 1 9 9 6 1 6 2 7 7 2 2 5 6 0 4 4 4 0]
STATE|2|1|7|5|forageCount|5.88
STATE|2|1|7|5|forageMass|2.06
STATE|2|1|7|5|fenced?|true
STATE|2|1|7|5|attacked?|false
STATE|2|1|7|5|cropped|true
STATE|2|1|7|5|totalLivestock|[4 1 9 6 0 7 2 9 9 2 5 3 9 3 10 0 5 2 1 1]
STATE|2|1|7|5|treeCount|1.96
STATE|2|1|7|5|grassMass|7.37
STATE|2|1|7|5|pAttack|9.65
STATE|2|1|7|5|arable|false
STATE|2|1|7|5|totalHarvest|4.25
STATE|2|1|7|5|animalLoss|7.31
STATE|2|1|7|5|ownedBy|0
STATE|2|1|7|5|village|0
STATE|2|1|7|5|shared?|true
STATE|2|1|7|6|animalCount|[1 4 6 7 7 3 3 3 3 7 6 4 4 1 10 8 10 3 10 2]
STATE|2|1|7|6|forageCount|5.25
STATE|2|1|7|6|forageMass|8.06
STATE|2|1|7|6|fenced?|false
STATE|2|1|7|6|attacked?|false
STATE|2|1|7|6|cropped|false
STATE|2|1|7|6|totalLivestock|[5 9 0 1 5 10 6 2 4 5 6 3 3 8 8 9 4 9 6 8]
STATE|2|1|7|6|treeCount|7.03
STATE|2|1|7|6|grassMass|3.23
STATE|2|1|7|6|pAttack|7.79
STATE|2|1|7|6|arable|true
STATE|2|1|7|6|totalHarvest|9.11
STATE|2|1|7|6|animalLoss|1.18
STATE|2|1|7|6|ownedBy|0
STATE|2|1|7|6|village|2
STATE|2|1|7|6|shared?|true
STATE|2|1|7|7|animalCount|[3 5 5 3 10 4 10 3 2 0 0 4 9 6 4 3 10 8 9 2]
STATE|2|1|7|7|forageCount|7.43
STATE|2|1|7|7|forageMass|1.46
STATE|2|1|7|7|fenced?|true
STATE|2|1|7|7|attacked?|false
STATE|2|1|7|7|cropped|false
STATE|2|1|7|7|totalLivestock|[1 10 4 8 0 9 8 10 7 7 9 9 7 10 8 7 5 1 9 6]
STATE|2|1|7|7|treeCount|9.63
STATE|2|1|7|7|grassMass|8.18
STATE|2|1|7|7|pAttack|2.87
STATE|2|1|7|7|arable|true
STATE|2|1|7|7|totalHarvest|6.69
STATE|2|1|7|7|animalLoss|2.97
STATE|2|1|7|7|ownedBy|0
STATE|2|1|7|7|village|0
STATE|2|1|7|7|shared?|false
CHOICE|2|1|1|2|5|2|12:18:20.000 PM 28-Sep-2026
CONFIRM|2|1|1|12:18:28.000 PM 28-Sep-2026
CHOICE|2|1|2|2|6|3|12:18:32.000 PM 28-Sep-2026
CONFIRM|2|1|2|12:18:42.000 PM 28-Sep-2026
CHOICE|2|1|3|3|3|2|12:18:55.000 PM 28-Sep-2026
CONFIRM|2|1|3|12:19:03.000 PM 28-Sep-2026
CHOICE|2|1|4|4|4|2|12:19:16.000 PM 28-Sep-2026
CHOICE|2|1|4|3|5|4|12:19:23.000 PM 28-Sep-2026
CONFIRM|2|1|4|12:19:30.000 PM 28-Sep-2026
CHOICE|2|1|5|4|3|2|12:19:38.000 PM 28-Sep-2026
CHOICE|2|1|5|4|3|3|12:19:49.000 PM 28-Sep-2026
CHOICE|2|1|5|4|3|3|12:20:02.000 PM 28-Sep-2026
CONFIRM|2|1|5|12:20:06.000 PM 28-Sep-2026
CHOICE|2|1|6|3|5|4|12:20:09.000 PM 28-Sep-2026
CONFIRM|2|1|6|12:20:20.000 PM 28-Sep-2026
CHOICE|2|1|7|3|7|3|12:20:35.000 PM 28-Sep-2026
CHOICE|2|1|7|2|2|2|12:20:36.000 PM 28-Sep-2026
CONFIRM|2|1|7|12:20:42.000 PM 28-Sep-2026
CHOICE|2|1|8|7|3|-99|12:20:48.000 PM 28-Sep-2026
CONFIRM|2|1|8|12:20:58.000 PM 28-Sep-2026
CHOICE|2|1|9|0|6|-99|12:21:00.000 PM 28-Sep-2026
CHOICE|2|1|9|7|6|2|12:21:15.000 PM 28-Sep-2026
CHOICE|2|1|9|3|2|4|12:21:27.000 PM 28-Sep-2026
CONFIRM|2|1|9|12:21:32.000 PM 28-Sep-2026
CHOICE|2|1|10|5|3|1|12:21:44.000 PM 28-Sep-2026
CHOICE|2|1|10|5|3|1|12:21:59.000 PM 28-Sep-2026
CONFIRM|2|1|10|12:22:13.000 PM 28-Sep-2026
CHOICE|2|1|11|2|5|-99|12:22:22.000 PM 28-Sep-2026
CHOICE|2|1|11|0|5|4|12:22:24.000 PM 28-Sep-2026
CHOICE|2|1|11|5|3|1|12:22:28.000 PM 28-Sep-2026
CONFIRM|2|1|11|12:22:34.000 PM 28-Sep-2026
CHOICE|2|1|12|7|0|3|12:22:41.000 PM 28-Sep-2026
CHOICE|2|1|12|4|7|4|12:22:55.000 PM 28-Sep-2026
CHOICE|2|1|12|2|6|3|12:22:58.000 PM 28-Sep-2026
CONFIRM|2|1|12|12:23:11.000 PM 28-Sep-2026
CHOICE|2|1|13|0|2|4|12:23:13.000 PM 28-Sep-2026
CHOICE|2|1|13|7|2|4|12:23:28.000 PM 28-Sep-2026
CONFIRM|2|1|13|12:23:36.000 PM 28-Sep-2026
CHOICE|2|1|14|6|6|-99|12:23:46.000 PM 28-Sep-2026
CHOICE|2|1|14|6|6|1|12:23:58.000 PM 28-Sep-2026
CHOICE|2|1|14|6|6|4|12:24:08.000 PM 28-Sep-2026
CONFIRM|2|1|14|12:24:10.000 PM 28-Sep-2026
CHOICE|2|1|15|5|0|-99|12:24:22.000 PM 28-Sep-2026
CHOICE|2|1|15|5|0|1|12:24:34.000 PM 28-Sep-2026
CHOICE|2|1|15|0|6|3|12:24:36.000 PM 28-Sep-2026
CONFIRM|2|1|15|12:24:48.000 PM 28-Sep-2026
CHOICE|2|1|16|5|1|-99|12:24:56.000 PM 28-Sep-2026
CHOICE|2|1|16|5|1|1|12:25:00.000 PM 28-Sep-2026
CONFIRM|2|1|16|12:25:09.000 PM 28-Sep-2026
CHOICE|2|1|17|6|6|1|12:25:13.000 PM 28-Sep-2026
CONFIRM|2|1|17|12:25:14.000 PM 28-Sep-2026
CHOICE|2|1|18|0|5|3|12:25:23.000 PM 28-Sep-2026
CHOICE|2|1|18|0|5|4|12:25:24.000 PM 28-Sep-2026
CHOICE|2|1|18|5|4|3|12:25:39.000 PM 28-Sep-2026
CONFIRM|2|1|18|12:25:50.000 PM 28-Sep-2026
CHOICE|2|1|19|3|2|-99|12:25:55.000 PM 28-Sep-2026
CHOICE|2|1|19|3|2|4|12:26:09.000 PM 28-Sep-2026
CHOICE|2|1|19|0|0|2|12:26:12.000 PM 28-Sep-2026
CONFIRM|2|1|19|12:26:21.000 PM 28-Sep-2026
CHOICE|2|1|20|7|6|3|12:26:25.000 PM 28-Sep-2026
CHOICE|2|1|20|7|3|2|12:26:31.000 PM 28-Sep-2026
CONFIRM|2|1|20|12:26:41.000 PM 28-Sep-2026
SCORE|2|1|1|9|40|0
SCORE|2|1|2|6|42|7
SCORE|2|1|3|4|33|19
SCORE|2|1|4|4|53|13
SCORE|2|1|5|6|42|12
SCORE|2|1|6|7|53|1
SCORE|2|1|7|7|7|10
SCORE|2|1|8|0|43|17
SCORE|2|1|9|3|19|0
SCORE|2|1|10|7|34|0
SCORE|2|1|11|19|37|1
SCORE|2|1|12|3|44|16
SCORE|2|1|13|16|64|9
SCORE|2|1|14|20|61|12
SCORE|2|1|15|5|40|5
SCORE|2|1|16|1|35|3
SCORE|2|1|17|9|33|18
SCORE|2|1|18|11|39|18
SCORE|2|1|19|13|21|9
SCORE|2|1|20|0|17|6
PHASE|phase-2-2|12:26:56.000 PM 28-Sep-2026
STATE|2|2|0|0|animalCount|[2 5 4 4 1 7 1 0 6 10 5 7 8 3 5 1 7 4 3 9]
STATE|2|2|0|0|forageCount|6.46
STATE|2|2|0|0|forageMass|3.56
STATE|2|2|0|0|fenced?|true
STATE|2|2|0|0|attacked?|false
STATE|2|2|0|0|cropped|false
STATE|2|2|0|0|totalLivestock|[10 7 6 3 10 5 8 5 4 7 7 7 10 10 5 0 9 2 0 3]
STATE|2|2|0|0|treeCount|1.45
STATE|2|2|0|0|grassMass|9.56
STATE|2|2|0|0|pAttack|2.24
STATE|2|2|0|0|arable|true
STATE|2|2|0|0|totalHarvest|9.84
STATE|2|2|0|0|animalLoss|4.71
STATE|2|2|0|0|ownedBy|3
STATE|2|2|0|0|village|0
STATE|2|2|0|0|shared?|true
STATE|2|2|0|1|animalCount|[6 9 10 9 5 0 1 10 5 2 0 0 0 5 5 6 7 0 5 6]
STATE|2|2|0|1|forageCount|4.12
STATE|2|2|0|1|forageMass|7.46
STATE|2|2|0|1|fenced?|false
STATE|2|2|0|1|attacked?|true
STATE|2|2|0|1|cropped|true
STATE|2|2|0|1|totalLivestock|[8 6 4 8 8 10 10 1 1 2 3 7 10 9 5 3 1 6 7 2]
STATE|2|2|0|1|treeCount|1.56
STATE|2|2|0|1|grassMass|4.83
STATE|2|2|0|1|pAttack|7.79
STATE|2|2|0|1|arable|false
STATE|2|2|0|1|totalHarvest|9.84
STATE|2|2|0|1|animalLoss|6.97
STATE|2|2|0|1|ownedBy|1
STATE|2|2|0|1|village|2
STATE|2|2|0|1|shared?|true
STATE|2|2|0|2|animalCount|[8 8 3 10 9 10 6 1 10 1 2 8 9 10 7 5 4 4 8 9]
STATE|2|2|0|2|forageCount|8.79
STATE|2|2|0|2|forageMass|0.81
STATE|2|2|0|2|fenced?|false
STATE|2|2|0|2|attacked?|false
STATE|2|2|0|2|cropped|false
STATE|2|2|0|2|totalLivestock|[4 2 6 3 1 4 6 3 1 9 3 10 1 6 10 7 0 0 1 8]
STATE|2|2|0|2|treeCount|4.36
STATE|2|2|0|2|grassMass|1.47
STATE|2|2|0|2|pAttack|3.46
STATE|2|2|0|2|arable|false
STATE|2|2|0|2|totalHarvest|3.56
STATE|2|2|0|2|animalLoss|0.45
STATE|2|2|0|2|ownedBy|0
STATE|2|2|0|2|village|0
STATE|2|2|0|2|shared?|true
STATE|2|2|0|3|animalCount|[10 0 9 4 9 3 7 3 9 8 4 3 5 5 8 8 1 1 4 2]
STATE|2|2|0|3|forageCount|6.48
STATE|2|2|0|3|forageMass|3.94
STATE|2|2|0|3|fenced?|true
STATE|2|2|0|3|attacked?|false
STATE|2|2|0|3|cropped|false
STATE|2|2|0|3|totalLivestock|[7 8 10 0 4 0 5 9 1 7 10 9 7 2 5 8 5 0 5 3]
STATE|2|2|0|3|treeCount|6.55
STATE|2|2|0|3|grassMass|8.34
STATE|2|2|0|3|pAttack|7.55
STATE|2|2|0|3|arable|false
STATE|2|2|0|3|totalHarvest|5.11
STATE|2|2|0|3|animalLoss|5.59
STATE|2|2|0|3|ownedBy|0
STATE|2|2|0|3|village|0
STATE|2|2|0|3|shared?|false
STATE|2|2|0|4|animalCount|[3 9 2 2 1 8 9 10 6 10 4 0 2 8 9 3 4 1 8 6]
STATE|2|2|0|4|forageCount|1.81
STATE|2|2|0|4|forageMass|2.77
STATE|2|2|0|4|fenced?|true
STATE|2|2|0|4|attacked?|true
STATE|2|2|0|4|cropped|false
STATE|2|2|0|4|totalLivestock|[0 1 0 7 8 8 6 9 6 10 7 8 2 3 2 7 0 1 3 8]
STATE|2|2|0|4|treeCount|0.64
STATE|2|2|0|4|grassMass|8.39
STATE|2|2|0|4|pAttack|3.97
STATE|2|2|0|4|arable|true
STATE|2|2|0|4|totalHarvest|5.89
STATE|2|2|0|4|animalLoss|5.69
STATE|2|2|0|4|ownedBy|0
STATE|2|2|0|4|village|0
STATE|2|2|0|4|shared?|false
STATE|2|2|0|5|animalCount|[7 8 8 0 1 0 3 3 5 10 0 5 10 2 5 4 10 8 4 8]
STATE|2|2|0|5|forageCount|4.46
STATE|2|2|0|5|forageMass|4.53
STATE|2|2|0|5|fenced?|true
STATE|2|2|0|5|attacked?|true
STATE|2|2|0|5|cropped|false
STATE|2|2|0|5|totalLivestock|[3 8 3 9 7 10 2 4 8 4 8 4 1 10 3 5 4 9 7 0]
STATE|2|2|0|5|treeCount|4.97
STATE|2|2|0|5|grassMass|6.56
STATE|2|2|0|5|pAttack|6.22
STATE|2|2|0|5|arable|true
STATE|2|2|0|5|totalHarvest|7.51
STATE|2|2|0|5|animalLoss|1.48
STATE|2|2|0|5|ownedBy|0
STATE|2|2|0|5|village|1
STATE|2|2|0|5|shared?|true
STATE|2|2|0|6|animalCount|[7 10 5 5 9 7 1 9 1 6 7 6 6 10 1 10 7 3 8 4]
STATE|2|2|0|6|forageCount|4.51
STATE|2|2|0|6|forageMass|5.79
STATE|2|2|0|6|fenced?|true
STATE|2|2|0|6|attacked?|false
STATE|2|2|0|6|cropped|false
STATE|2|2|0|6|totalLivestock|[8 4 3 10 6 1 2 6 0 4 10 10 8 6 1 4 1 7 9 10]
STATE|2|2|0|6|treeCount|2.41
STATE|2|2|0|6|grassMass|9.59
STATE|2|2|0|6|pAttack|5.12
STATE|2|2|0|6|arable|true
STATE|2|2|0|6|totalHarvest|2.71
STATE|2|2|0|6|animalLoss|0.67
STATE|2|2|0|6|ownedBy|0
STATE|2|2|0|6|village|0
STATE|2|2|0|6|shared?|false
STATE|2|2|0|7|animalCount|[4 1 2 5 9 2 0 2 10 8 4 1 8 0 8 8 1 1 6 3]
STATE|2|2|0|7|forageCount|3.01
STATE|2|2|0|7|forageMass|5.22
STATE|2|2|0|7|fenced?|false
STATE|2|2|0|7|attacked?|false
STATE|2|2|0|7|cropped|false
STATE|2|2|0|7|totalLivestock|[5 1 1 6 10 8 1 2 8 7 10 0 10 1 2 4 8 10 1 6]
STATE|2|2|0|7|treeCount|4.93
STATE|2|2|0|7|grassMass|7.97
STATE|2|2|0|7|pAttack|4.32
STATE|2|2|0|7|arable|true
STATE|2|2|0|7|totalHarvest|2.82
STATE|2|2|0|7|animalLoss|9.45
STATE|2|2|0|7|ownedBy|1
STATE|2|2|0|7|village|3
STATE|2|2|0|7|shared?|true
STATE|2|2|1|0|animalCount|[5 1 4 5 3 7 0 0 6 6 3 8 0 9 1 9 7 3 4 10]
STATE|2|2|1|0|forageCount|9.86
STATE|2|2|1|0|forageMass|1.5
STATE|2|2|1|0|fenced?|false
STATE|2|2|1|0|attacked?|true
STATE|2|2|1|0|cropped|true
STATE|2|2|1|0|totalLivestock|[7 9 0 5 4 4 2 0 10 0 1 10 6 4 6 8 6 0 5 5]
STATE|2|2|1|0|treeCount|8.76
STATE|2|2|1|0|grassMass|5.88
STATE|2|2|1|0|pAttack|7.42
STATE|2|2|1|0|arable|false
STATE|2|2|1|0|totalHarvest|2.39
STATE|2|2|1|0|animalLoss|5.57
STATE|2|2|1|0|ownedBy|3
STATE|2|2|1|0|village|1
STATE|2|2|1|0|shared?|true
STATE|2|2|1|1|animalCount|[8 9 0 7 1 8 4 2 10 7 2 2 6 8 4 4 0 6 0 1]
STATE|2|2|1|1|forageCount|5.34
STATE|2|2|1|1|forageMass|4.53
STATE|2|2|1|1|fenced?|false
STATE|2|2|1|1|attacked?|false
STATE|2|2|1|1|cropped|false
STATE|2|2|1|1|totalLivestock|[0 10 0 2 9 6 5 10 1 8 1 1 7 8 0 9 4 1 3 1]
STATE|2|2|1|1|treeCount|3.09
STATE|2|2|1|1|grassMass|0.14
STATE|2|2|1|1|pAttack|9.44
STATE|2|2|1|1|arable|false
STATE|2|2|1|1|totalHarvest|0.26
STATE|2|2|1|1|animalLoss|3.93
STATE|2|2|1|1|ownedBy|3
STATE|2|2|1|1|village|3
STATE|2|2|1|1|shared?|true
STATE|2|2|1|2|animalCount|[4 8 2 9 1 0 3 0 5 4 2 2 0 5 5 10 2 7 10 1]
STATE|2|2|1|2|forageCount|0.91
STATE|2|2|1|2|forageMass|8.79
STATE|2|2|1|2|fenced?|false
STATE|2|2|1|2|attacked?|false
STATE|2|2|1|2|cropped|true
STATE|2|2|1|2|totalLivestock|[7 4 5 10 4 0 9 9 2 8 1 4 5 5 8 7 6 2 10 2]
STATE|2|2|1|2|treeCount|0.98
STATE|2|2|1|2|grassMass|8.07
STATE|2|2|1|2|pAttack|6.35
STATE|2|2|1|2|arable|true
STATE|2|2|1|2|totalHarvest|3.63
STATE|2|2|1|2|animalLoss|3.55
STATE|2|2|1|2|ownedBy|0
STATE|2|2|1|2|village|1
STATE|2|2|1|2|shared?|true
STATE|2|2|1|3|animalCount|[7 10 10 1 4 2 8 3 6 4 9 5 3 4 9 4 2 3 0 7]
STATE|2|2|1|3|forageCount|3.53
STATE|2|2|1|3|forageMass|3.65
STATE|2|2|1|3|fenced?|false
STATE|2|2|1|3|attacked?|true
STATE|2|2|1|3|cropped|false
STATE|2|2|1|3|totalLivestock|[2 0 8 5 1 10 1 1 7 9 3 3 9 8 6 2 10 2 3 1]
STATE|2|2|1|3|treeCount|1.83
STATE|2|2|1|3|grassMass|4.08
STATE|2|2|1|3|pAttack|7.39
STATE|2|2|1|3|arable|true
STATE|2|2|1|3|totalHarvest|1.02
STATE|2|2|1|3|animalLoss|0.77
STATE|2|2|1|3|ownedBy|0
STATE|2|2|1|3|village|2
STATE|2|2|1|3|shared?|false
STATE|2|2|1|4|animalCount|[2 4 0 4 6 6 9 7 2 1 0 3 5 5 2 8 4 7 2 0]
STATE|2|2|1|4|forageCount|7.3
STATE|2|2|1|4|forageMass|8.35
STATE|2|2|1|4|fenced?|false
STATE|2|2|1|4|attacked?|true
STATE|2|2|1|4|cropped|false
STATE|2|2|1|4|totalLivestock|[8 4 4 1 3 0 2 2 1 4 1 3 8 3 10 9 1 2 3 3]
STATE|2|2|1|4|treeCount|4.88
STATE|2|2|1|4|grassMass|7.85
STATE|2|2|1|4|pAttack|2.79
STATE|2|2|1|4|arable|false
STATE|2|2|1|4|totalHarvest|6.16
STATE|2|2|1|4|animalLoss|4.25
STATE|2|2|1|4|ownedBy|1
STATE|2|2|1|4|village|2
STATE|2|2|1|4|shared?|false
STATE|2|2|1|5|animalCount|[5 3 6 0 7 4 1 8 3 8 9 9 1 1 5 2 6 9 3 0]
STATE|2|2|1|5|forageCount|7.52
STATE|2|2|1|5|forageMass|2.27
STATE|2|2|1|5|fenced?|false
STATE|2|2|1|5|attacked?|false
STATE|2|2|1|5|cropped|true
STATE|2|2|1|5|totalLivestock|[1 7 2 0 5 3 4 10 5 9 10 5 2 5 9 6 9 10 2 5]
STATE|2|2|1|5|treeCount|1.41
STATE|2|2|1|5|grassMass|7.59
STATE|2|2|1|5|pAttack|6.55
STATE|2|2|1|5|arable|true
STATE|2|2|1|5|totalHarvest|3.9
STATE|2|2|1|5|animalLoss|9.9
STATE|2|2|1|5|ownedBy|3
STATE|2|2|1|5|village|0
STATE|2|2|1|5|shared?|false
STATE|2|2|1|6|animalCount|[7 10 10 0 3 8 10 6 3 9 2 1 3 8 2 5 10 6 7 4]
STATE|2|2|1|6|forageCount|7.26
STATE|2|2|1|6|forageMass|9.43
STATE|2|2|1|6|fenced?|true
STATE|2|2|1|6|attacked?|true
STATE|2|2|1|6|cropped|true
STATE|2|2|1|6|totalLivestock|[4 3 2 0 1 9 4 8 10 4 8 2 6 10 10 5 7 6 10 5]
STATE|2|2|1|6|treeCount|7.77
STATE|2|2|1|6|grassMass|0.81
STATE|2|2|1|6|pAttack|8.24
STATE|2|2|1|6|arable|false
STATE|2|2|1|6|totalHarvest|2.9
STATE|2|2|1|6|animalLoss|5.71
STATE|2|2|1|6|ownedBy|0
STATE|2|2|1|6|village|1
STATE|2|2|1|6|shared?|true
STATE|2|2|1|7|animalCount|[4 2 10 9 10 6 3 1 7 0 4 3 6 3 8 5 6 3 3 0]
STATE|2|2|1|7|forageCount|2.84
STATE|2|2|1|7|forageMass|2.33
STATE|2|2|1|7|fenced?|true
STATE|2|2|1|7|attacked?|true
STATE|2|2|1|7|cropped|true
STATE|2|2|1|7|totalLivestock|[8 9 3 6 5 4 2 0 9 5 2 1 1 3 9 3 7 9 8 4]
STATE|2|2|1|7|treeCount|8.1
STATE|2|2|1|7|grassMass|3.75
STATE|2|2|1|7|pAttack|9.79
STATE|2|2|1|7|arable|false
STATE|2|2|1|7|totalHarvest|5.18
STATE|2|2|1|7|animalLoss|2.51
STATE|2|2|1|7|ownedBy|1
STATE|2|2|1|7|village|1
STATE|2|2|1|7|shared?|false
STATE|2|2|2|0|animalCount|[4 10 6 3 5 4 10 6 5 3 1 2 1 4 0 9 4 10 3 4]
STATE|2|2|2|0|forageCount|3.85
STATE|2|2|2|0|forageMass|2.95
STATE|2|2|2|0|fenced?|false
STATE|2|2|2|0|attacked?|false
STATE|2|2|2|0|cropped|false
STATE|2|2|2|0|totalLivestock|[4 8 10 10 2 1 1 8 4 1 6 3 6 6 2 5 2 8 1 5]
STATE|2|2|2|0|treeCount|3.32
STATE|2|2|2|0|grassMass|4.07
STATE|2|2|2|0|pAttack|4.05
STATE|2|2|2|0|arable|true
STATE|2|2|2|0|totalHarvest|6.55
STATE|2|2|2|0|animalLoss|3.77
STATE|2|2|2|0|ownedBy|2
STATE|2|2|2|0|village|0
STATE|2|2|2|0|shared?|false
STATE|2|2|2|1|animalCount|[3 9 9 1 5 7 3 4 2 7 8 3 10 5 4 5 2 6 10 3]
STATE|2|2|2|1|forageCount|7.57
STATE|2|2|2|1|forageMass|7.35
STATE|2|2|2|1|fenced?|false
STATE|2|2|2|1|attacked?|false
STATE|2|2|2|1|cropped|true
STATE|2|2|2|1|totalLivestock|[1 8 9 10 7 10 3 5 1 2 2 10 6 6 4 3 4 3 4 0]
STATE|2|2|2|1|treeCount|0.09
STATE|2|2|2|1|grassMass|3.59
STATE|2|2|2|1|pAttack|1.19
STATE|2|2|2|1|arable|true
STATE|2|2|2|1|totalHarvest|8.29
STATE|2|2|2|1|animalLoss|3.21
STATE|2|2|2|1|ownedBy|0
STATE|2|2|2|1|village|1
STATE|2|2|2|1|shared?|true
STATE|2|2|2|2|animalCount|[6 1 9 1 2 2 9 6 6 9 10 9 3 9 3 3 0 5 8 3]
STATE|2|2|2|2|forageCount|2.75
STATE|2|2|2|2|forageMass|1.41
STATE|2|2|2|2|fenced?|false
STATE|2|2|2|2|attacked?|false
STATE|2|2|2|2|cropped|false
STATE|2|2|2|2|totalLivestock|[8 10 4 3 3 1 4 0 3 3 10 0 8 1 5 2 7 3 10 7]
STATE|2|2|2|2|treeCount|0.44
STATE|2|2|2|2|grassMass|8.1
STATE|2|2|2|2|pAttack|5.91
STATE|2|2|2|2|arable|true
STATE|2|2|2|2|totalHarvest|2.35
STATE|2|2|2|2|animalLoss|3.16
STATE|2|2|2|2|ownedBy|0
STATE|2|2|2|2|village|1
STATE|2|2|2|2|shared?|true
STATE|2|2|2|3|animalCount|[5 9 10 7 7 1 8 10 9 3 7 4 9 3 3 9 2 10 9 6]
STATE|2|2|2|3|forageCount|9.59
STATE|2|2|2|3|forageMass|1.41
STATE|2|2|2|3|fenced?|true
STATE|2|2|2|3|attacked?|false
STATE|2|2|2|3|cropped|true
STATE|2|2|2|3|totalLivestock|[4 9 9 3 3 3 7 2 9 4 4 5 0 8 0 2 1 5 1 6]
STATE|2|2|2|3|treeCount|7.14
STATE|2|2|2|3|grassMass|6.8
STATE|2|2|2|3|pAttack|7.98
STATE|2|2|2|3|arable|true
STATE|2|2|2|3|totalHarvest|9.37
STATE|2|2|2|3|animalLoss|6.76
STATE|2|2|2|3|ownedBy|3
STATE|2|2|2|3|village|1
STATE|2|2|2|3|shared?|false
STATE|2|2|2|4|animalCount|[0 9 5 1 3 5 6 5 3 10 3 6 7 3 6 3 8 0 5 1]
STATE|2|2|2|4|forageCount|1.84
STATE|2|2|2|4|forageMass|5.35
STATE|2|2|2|4|fenced?|true
STATE|2|2|2|4|attacked?|false
STATE|2|2|2|4|cropped|false
STATE|2|2|2|4|totalLivestock|[7 7 4 8 6 9 10 4 10 1 2 9 10 2 5 10 8 7 5 2]
STATE|2|2|2|4|treeCount|8.21
STATE|2|2|2|4|grassMass|8.44
STATE|2|2|2|4|pAttack|8.82
STATE|2|2|2|4|arable|false
STATE|2|2|2|4|totalHarvest|8.48
STATE|2|2|2|4|animalLoss|6.77
STATE|2|2|2|4|ownedBy|1
STATE|2|2|2|4|village|1
STATE|2|2|2|4|shared?|false
STATE|2|2|2|5|animalCount|[5 1 1 8 2 3 4 0 8 4 6 7 9 6 7 8 5 9 7 5]
STATE|2|2|2|5|forageCount|0.01
STATE|2|2|2|5|forageMass|6.08
STATE|2|2|2|5|fenced?|true
STATE|2|2|2|5|attacked?|false
STATE|2|2|2|5|cropped|true
STATE|2|2|2|5|totalLivestock|[4 10 2 0 2 8 10 7 3 1 6 5 6 0 8 3 4 4 8 1]
STATE|2|2|2|5|treeCount|3.75
STATE|2|2|2|5|grassMass|3.46
STATE|2|2|2|5|pAttack|9.49
STATE|2|2|2|5|arable|false
STATE|2|2|2|5|totalHarvest|6.6
STATE|2|2|2|5|animalLoss|4.12
STATE|2|2|2|5|ownedBy|2
STATE|2|2|2|5|village|1
STATE|2|2|2|5|shared?|false
STATE|2|2|2|6|animalCount|[6 10 8 6 7 6 9 9 9 4 2 2 5 1 8 9 8 5 9 2]
STATE|2|2|2|6|forageCount|4.65
STATE|2|2|2|6|forageMass|8.35
STATE|2|2|2|6|fenced?|false
STATE|2|2|2|6|attacked?|false
STATE|2|2|2|6|cropped|false
STATE|2|2|2|6|totalLivestock|[4 4 3 8 3 7 3 10 2 4 5 2 6 6 10 6 7 4 4 10]
STATE|2|2|2|6|treeCount|9.62
STATE|2|2|2|6|grassMass|5.88
STATE|2|2|2|6|pAttack|8.88
STATE|2|2|2|6|arable|true
STATE|2|2|2|6|totalHarvest|8.37
STATE|2|2|2|6|animalLoss|1.64
STATE|2|2|2|6|ownedBy|0
STATE|2|2|2|6|village|2
STATE|2|2|2|6|shared?|true
STATE|2|2|2|7|animalCount|[4 6 9 5 10 1 6 1 5 5 7 2 8 5 4 8 6 2 4 10]
STATE|2|2|2|7|forageCount|4.74
STATE|2|2|2|7|forageMass|3.25
STATE|2|2|2|7|fenced?|false
STATE|2|2|2|7|attacked?|false
STATE|2|2|2|7|cropped|true
STATE|2|2|2|7|totalLivestock|[7 10 9 8 1 0 5 1 10 1 10 2 10 6 0 9 9 5 10 7]
STATE|2|2|2|7|treeCount|6.76
STATE|2|2|2|7|grassMass|3.34
STATE|2|2|2|7|pAttack|5.14
STATE|2|2|2|7|arable|true
STATE|2|2|2|7|totalHarvest|3.82
STATE|2|2|2|7|animalLoss|6.39
STATE|2|2|2|7|ownedBy|0
STATE|2|2|2|7|village|1
STATE|2|2|2|7|shared?|true
STATE|2|2|3|0|animalCount|[1 3 5 6 10 6 7 2 7 3 8 4 2 0 1 5 10 2 5 7]
STATE|2|2|3|0|forageCount|4.82
STATE|2|2|3|0|forageMass|3.75
STATE|2|2|3|0|fenced?|true
STATE|2|2|3|0|attacked?|false
STATE|2|2|3|0|cropped|false
STATE|2|2|3|0|totalLivestock|[10 4 3 1 1 6 4 10 3 7 2 6 8 4 0 0 3 7 5 2]
STATE|2|2|3|0|treeCount|4.67
STATE|2|2|3|0|grassMass|1.51
STATE|2|2|3|0|pAttack|7.08
STATE|2|2|3|0|arable|false
STATE|2|2|3|0|totalHarvest|2.41
STATE|2|2|3|0|animalLoss|5.18
STATE|2|2|3|0|ownedBy|0
STATE|2|2|3|0|village|1
STATE|2|2|3|0|shared?|false
STATE|2|2|3|1|animalCount|[8 2 8 0 5 1 6 1 6 8 2 3 7 5 10 0 3 10 7 9]
STATE|2|2|3|1|forageCount|8.68
STATE|2|2|3|1|forageMass|0.98
STATE|2|2|3|1|fenced?|false
STATE|2|2|3|1|attacked?|true
STATE|2|2|3|1|cropped|true
STATE|2|2|3|1|totalLivestock|[9 7 1 6 10 2 7 2 10 4 4 8 7 2 10 6 2 8 7 0]
STATE|2|2|3|1|treeCount|2.32
STATE|2|2|3|1|grassMass|3.16
STATE|2|2|3|1|pAttack|6.77
STATE|2|2|3|1|arable|false
STATE|2|2|3|1|totalHarvest|8.55
STATE|2|2|3|1|animalLoss|9.48
STATE|2|2|3|1|ownedBy|3
STATE|2|2|3|1|village|1
STATE|2|2|3|1|shared?|false
STATE|2|2|3|2|animalCount|[8 10 2 4 0 4 5 10 2 2 10 9 6 7 9 0 2 9 9 10]
STATE|2|2|3|2|forageCount|1.47
STATE|2|2|3|2|forageMass|6.88
STATE|2|2|3|2|fenced?|true
STATE|2|2|3|2|attacked?|false
STATE|2|2|3|2|cropped|false
STATE|2|2|3|2|totalLivestock|[3 6 3 5 1 7 2 6 8 3 10 1 5 1 2 6 10 5 4 1]
STATE|2|2|3|2|treeCount|7.28
STATE|2|2|3|2|grassMass|6.44
STATE|2|2|3|2|pAttack|0.43
STATE|2|2|3|2|arable|false
STATE|2|2|3|2|totalHarvest|4.47
STATE|2|2|3|2|animalLoss|6.61
STATE|2|2|3|2|ownedBy|3
STATE|2|2|3|2|village|0
STATE|2|2|3|2|shared?|false
STATE|2|2|3|3|animalCount|[4 7 0 4 3 10 10 0 3 5 4 2 1 9 1 2 8 7 4 10]
STATE|2|2|3|3|forageCount|8.91
STATE|2|2|3|3|forageMass|3.19
STATE|2|2|3|3|fenced?|true
STATE|2|2|3|3|attacked?|false
STATE|2|2|3|3|cropped|false
STATE|2|2|3|3|totalLivestock|[9 9 5 5 3 1 10 3 6 7 7 5 0 10 1 8 6 0 3 5]
STATE|2|2|3|3|treeCount|0.42
STATE|2|2|3|3|grassMass|1.23
STATE|2|2|3|3|pAttack|7.72
STATE|2|2|3|3|arable|false
STATE|2|2|3|3|totalHarvest|1.76
STATE|2|2|3|3|animalLoss|0.6
STATE|2|2|3|3|ownedBy|3
STATE|2|2|3|3|village|1
STATE|2|2|3|3|shared?|false
STATE|2|2|3|4|animalCount|[2 3 8 1 10 3 5 7 7 9 1 3 0 9 6 4 4 10 4 9]
STATE|2|2|3|4|forageCount|8.34
STATE|2|2|3|4|forageMass|6.6
STATE|2|2|3|4|fenced?|true
STATE|2|2|3|4|attacked?|true
STATE|2|2|3|4|cropped|false
STATE|2|2|3|4|totalLivestock|[7 1 9 3 10 5 0 0 6 5 4 3 10 10 5 9 4 4 9 5]
STATE|2|2|3|4|treeCount|7.28
STATE|2|2|3|4|grassMass|6.41
STATE|2|2|3|4|pAttack|6.46
STATE|2|2|3|4|arable|true
STATE|2|2|3|4|totalHarvest|9.33
STATE|2|2|3|4|animalLoss|5.37
STATE|2|2|3|4|ownedBy|3
STATE|2|2|3|4|village|3
STATE|2|2|3|4|shared?|false
STATE|2|2|3|5|animalCount|[4 1 4 7 10 5 8 5 4 7 0 8 5 1 2 10 9 6 5 6]
STATE|2|2|3|5|forageCount|5.73
STATE|2|2|3|5|forageMass|3.71
STATE|2|2|3|5|fenced?|true
STATE|2|2|3|5|attacked?|true
STATE|2|2|3|5|cropped|true
STATE|2|2|3|5|totalLivestock|[3 6 2 4 7 7 3 5 4 1 6 7 3 2 1 9 4 6 9 2]
STATE|2|2|3|5|treeCount|0.31
STATE|2|2|3|5|grassMass|3.13
STATE|2|2|3|5|pAttack|1.21
STATE|2|2|3|5|arable|true
STATE|2|2|3|5|totalHarvest|8.69
STATE|2|2|3|5|animalLoss|5.34
STATE|2|2|3|5|ownedBy|3
STATE|2|2|3|5|village|2
STATE|2|2|3|5|shared?|true
STATE|2|2|3|6|animalCount|[1 5 5 6 5 9 2 0 7 8 4 1 8 8 1 3 9 0 10 5]
STATE|2|2|3|6|forageCount|4.98
STATE|2|2|3|6|forageMass|6.82
STATE|2|2|3|6|fenced?|true
STATE|2|2|3|6|attacked?|false
STATE|2|2|3|6|cropped|false
STATE|2|2|3|6|totalLivestock|[10 8 9 2 8 7 9 6 10 1 8 2 8 6 7 8 9 8 2 1]
STATE|2|2|3|6|treeCount|0.74
STATE|2|2|3|6|grassMass|4.06
STATE|2|2|3|6|pAttack|8.27
STATE|2|2|3|6|arable|true
STATE|2|2|3|6|totalHarvest|4.96
STATE|2|2|3|6|animalLoss|6.98
STATE|2|2|3|6|ownedBy|3
STATE|2|2|3|6|village|0
STATE|2|2|3|6|shared?|true
STATE|2|2|3|7|animalCount|[6 1 6 7 1 4 4 7 1 3 0 5 10 0 9 9 7 9 8 1]
STATE|2|2|3|7|forageCount|8.16
STATE|2|2|3|7|forageMass|1.94
STATE|2|2|3|7|fenced?|false
STATE|2|2|3|7|attacked?|false
STATE|2|2|3|7|cropped|false
STATE|2|2|3|7|totalLivestock|[2 2 6 9 4 9 5 4 1 9 6 3 7 1 4 8 2 0 3 2]
STATE|2|2|3|7|treeCount|2.92
STATE|2|2|3|7|grassMass|3.66
STATE|2|2|3|7|pAttack|1.76
STATE|2|2|3|7|arable|false
STATE|2|2|3|7|totalHarvest|8.65
STATE|2|2|3|7|animalLoss|0.68
STATE|2|2|3|7|ownedBy|1
STATE|2|2|3|7|village|2
STATE|2|2|3|7|shared?|false
STATE|2|2|4|0|animalCount|[5 3 8 3 5 7 1 4 8 10 6 3 2 3 10 3 8 9 2 5]
STATE|2|2|4|0|forageCount|3.65
STATE|2|2|4|0|forageMass|6.7
STATE|2|2|4|0|fenced?|false
STATE|2|2|4|0|attacked?|true
STATE|2|2|4|0|cropped|false
STATE|2|2|4|0|totalLivestock|[5 10 2 2 9 5 8 1 8 7 5 8 9 10 0 2 5 8 9 4]
STATE|2|2|4|0|treeCount|8.18
STATE|2|2|4|0|grassMass|4.51
STATE|2|2|4|0|pAttack|8.67
STATE|2|2|4|0|arable|false
STATE|2|2|4|0|totalHarvest|9.22
STATE|2|2|4|0|animalLoss|1.35
STATE|2|2|4|0|ownedBy|1
STATE|2|2|4|0|village|2
STATE|2|2|4|0|shared?|true
STATE|2|2|4|1|animalCount|[3 0 7 9 6 4 5 5 10 5 2 7 6 8 10 3 9 6 7 8]
STATE|2|2|4|1|forageCount|9.95
STATE|2|2|4|1|forageMass|9.65
STATE|2|2|4|1|fenced?|true
STATE|2|2|4|1|attacked?|false
STATE|2|2|4|1|cropped|true
STATE|2|2|4|1|totalLivestock|[9 7 1 7 10 2 4 3 2 9 5 6 10 9 5 2 4 2 10 4]
STATE|2|2|4|1|treeCount|8.19
STATE|2|2|4|1|grassMass|4.29
STATE|2|2|4|1|pAttack|2.77
STATE|2|2|4|1|arable|false
STATE|2|2|4|1|totalHarvest|4.15
STATE|2|2|4|1|animalLoss|2.15
STATE|2|2|4|1|ownedBy|3
STATE|2|2|4|1|village|0
STATE|2|2|4|1|shared?|false
STATE|2|2|4|2|animalCount|[5 10 7 3 3 8 9 9 3 0 10 3 3 8 3 5 2 8 2 8]
STATE|2|2|4|2|forageCount|3.2
STATE|2|2|4|2|forageMass|6.88
STATE|2|2|4|2|fenced?|false
STATE|2|2|4|2|attacked?|false
STATE|2|2|4|2|cropped|false
STATE|2|2|4|2|totalLivestock|[2 5 7 9 7 1 3 4 5 4 1 9 6 0 4 8 6 0 7 9]
STATE|2|2|4|2|treeCount|4.54
STATE|2|2|4|2|grassMass|8.41
STATE|2|2|4|2|pAttack|3.02
STATE|2|2|4|2|arable|false
STATE|2|2|4|2|totalHarvest|8.05
STATE|2|2|4|2|animalLoss|3.88
STATE|2|2|4|2|ownedBy|0
STATE|2|2|4|2|village|0
STATE|2|2|4|2|shared?|false
STATE|2|2|4|3|animalCount|[5 3 8 7 7 9 2 3 3 8 5 4 7 5 2 7 5 10 5 2]
STATE|2|2|4|3|forageCount|1.12
STATE|2|2|4|3|forageMass|6.68
STATE|2|2|4|3|fenced?|false
STATE|2|2|4|3|attacked?|false
STATE|2|2|4|3|cropped|false
STATE|2|2|4|3|totalLivestock|[4 2 0 3 4 1 2 8 7 1 1 7 3 3 5 2 3 0 4 2]
STATE|2|2|4|3|treeCount|8.79
STATE|2|2|4|3|grassMass|9.45
STATE|2|2|4|3|pAttack|4.39
STATE|2|2|4|3|arable|false
STATE|2|2|4|3|totalHarvest|5.97
STATE|2|2|4|3|animalLoss|4.05
STATE|2|2|4|3|ownedBy|2
STATE|2|2|4|3|village|2
STATE|2|2|4|3|shared?|true
STATE|2|2|4|4|animalCount|[1 2 9 9 0 9 1 6 7 4 9 0 9 7 0 2 6 1 8 5]
STATE|2|2|4|4|forageCount|0.55
STATE|2|2|4|4|forageMass|2.99
STATE|2|2|4|4|fenced?|true
STATE|2|2|4|4|attacked?|false
STATE|2|2|4|4|cropped|false
STATE|2|2|4|4|totalLivestock|[6 1 9 1 8 9 2 10 4 10 0 7 6 8 1 4 0 1 10 7]
STATE|2|2|4|4|treeCount|5.95
STATE|2|2|4|4|grassMass|7.3
STATE|2|2|4|4|pAttack|6.76
STATE|2|2|4|4|arable|false
STATE|2|2|4|4|totalHarvest|0.66
STATE|2|2|4|4|animalLoss|4.07
STATE|2|2|4|4|ownedBy|3
STATE|2|2|4|4|village|0
STATE|2|2|4|4|shared?|true
STATE|2|2|4|5|animalCount|[3 9 9 7 7 3 8 4 2 8 5 2 1 10 9 1 1 5 3 5]
STATE|2|2|4|5|forageCount|4.96
STATE|2|2|4|5|forageMass|7.08
STATE|2|2|4|5|fenced?|true
STATE|2|2|4|5|attacked?|true
STATE|2|2|4|5|cropped|false
STATE|2|2|4|5|totalLivestock|[4 8 7 5 9 2 1 9 5 8 0 5 1 4 3 10 9 7 7 6]
STATE|2|2|4|5|treeCount|9.12
STATE|2|2|4|5|grassMass|4.59
STATE|2|2|4|5|pAttack|2.6
STATE|2|2|4|5|arable|true
STATE|2|2|4|5|totalHarvest|6.22
STATE|2|2|4|5|animalLoss|4.96
STATE|2|2|4|5|ownedBy|3
STATE|2|2|4|5|village|2
STATE|2|2|4|5|shared?|true
STATE|2|2|4|6|animalCount|[8 1 5 7 4 10 7 4 8 9 5 9 3 7 9 10 9 1 6 10]
STATE|2|2|4|6|forageCount|3.16
STATE|2|2|4|6|forageMass|0.3
STATE|2|2|4|6|fenced?|true
STATE|2|2|4|6|attacked?|false
STATE|2|2|4|6|cropped|false
STATE|2|2|4|6|totalLivestock|[10 10 6 8 1 7 9 4 3 9 1 1 1 5 8 4 0 6 0 2]
STATE|2|2|4|6|treeCount|9.83
STATE|2|2|4|6|grassMass|7.84
STATE|2|2|4|6|pAttack|7.02
STATE|2|2|4|6|arable|true
STATE|2|2|4|6|totalHarvest|3.82
STATE|2|2|4|6|animalLoss|5.66
STATE|2|2|4|6|ownedBy|0
STATE|2|2|4|6|village|2
STATE|2|2|4|6|shared?|false
STATE|2|2|4|7|animalCount|[6 3 3 2 7 1 8 2 6 3 1 8 6 6 2 6 2 4 1 8]
STATE|2|2|4|7|forageCount|0.63
STATE|2|2|4|7|forageMass|7.79
STATE|2|2|4|7|fenced?|false
STATE|2|2|4|7|attacked?|true
STATE|2|2|4|7|cropped|false
STATE|2|2|4|7|totalLivestock|[10 6 0 0 8 10 8 6 3 5 2 6 2 9 4 5 5 10 0 3]
STATE|2|2|4|7|treeCount|7.45
STATE|2|2|4|7|grassMass|1.01
STATE|2|2|4|7|pAttack|1.82
STATE|2|2|4|7|arable|true
STATE|2|2|4|7|totalHarvest|7.39
STATE|2|2|4|7|animalLoss|2.05
STATE|2|2|4|7|ownedBy|1
STATE|2|2|4|7|village|3
STATE|2|2|4|7|shared?|false
STATE|2|2|5|0|animalCount|[6 7 2 9 1 7 5 0 1 8 6 1 2 0 9 6 3 9 3 7]
STATE|2|2|5|0|forageCount|5.0
STATE|2|2|5|0|forageMass|8.5
STATE|2|2|5|0|fenced?|false
STATE|2|2|5|0|attacked?|false
STATE|2|2|5|0|cropped|true
STATE|2|2|5|0|totalLivestock|[5 6 3 2 3 1 7 0 3 7 9 8 3 6 0 2 0 8 9 7]
STATE|2|2|5|0|treeCount|4.34
STATE|2|2|5|0|grassMass|8.54
STATE|2|2|5|0|pAttack|0.01
STATE|2|2|5|0|arable|true
STATE|2|2|5|0|totalHarvest|6.37
STATE|2|2|5|0|animalLoss|0.4
STATE|2|2|5|0|ownedBy|1
STATE|2|2|5|0|village|3
STATE|2|2|5|0|shared?|true
STATE|2|2|5|1|animalCount|[10 7 0 2 5 8 2 9 0 3 0 10 4 10 3 0 1 3 2 6]
STATE|2|2|5|1|forageCount|6.99
STATE|2|2|5|1|forageMass|9.51
STATE|2|2|5|1|fenced?|false
STATE|2|2|5|1|attacked?|true
STATE|2|2|5|1|cropped|false
STATE|2|2|5|1|totalLivestock|[0 6 8 7 0 8 9 10 6 1 10 0 9 1 3 5 4 2 0 2]
STATE|2|2|5|1|treeCount|5.64
STATE|2|2|5|1|grassMass|8.51
STATE|2|2|5|1|pAttack|7.57
STATE|2|2|5|1|arable|false
STATE|2|2|5|1|totalHarvest|3.4
STATE|2|2|5|1|animalLoss|7.92
STATE|2|2|5|1|ownedBy|0
STATE|2|2|5|1|village|3
STATE|2|2|5|1|shared?|true
STATE|2|2|5|2|animalCount|[2 8 5 2 9 8 6 2 4 6 1 9 9 0 7 4 6 6 7 0]
STATE|2|2|5|2|forageCount|5.91
STATE|2|2|5|2|forageMass|8.29
STATE|2|2|5|2|fenced?|true
STATE|2|2|5|2|attacked?|true
STATE|2|2|5|2|cropped|true
STATE|2|2|5|2|totalLivestock|[8 10 6 0 9 0 10 0 4 10 7 7 6 5 0 6 1 9 3 1]
STATE|2|2|5|2|treeCount|1.12
STATE|2|2|5|2|grassMass|1.03
STATE|2|2|5|2|pAttack|4.41
STATE|2|2|5|2|arable|true
STATE|2|2|5|2|totalHarvest|9.36
STATE|2|2|5|2|animalLoss|4.32
STATE|2|2|5|2|ownedBy|1
STATE|2|2|5|2|village|0
STATE|2|2|5|2|shared?|true
STATE|2|2|5|3|animalCount|[7 0 3 9 3 0 1 8 0 5 9 10 3 4 8 4 3 9 7 9]
STATE|2|2|5|3|forageCount|3.68
STATE|2|2|5|3|forageMass|1.87
STATE|2|2|5|3|fenced?|true
STATE|2|2|5|3|attacked?|false
STATE|2|2|5|3|cropped|false
STATE|2|2|5|3|totalLivestock|[9 7 7 9 0 1 7 6 10 8 1 5 4 7 3 3 2 2 0 1]
STATE|2|2|5|3|treeCount|0.42
STATE|2|2|5|3|grassMass|0.7
STATE|2|2|5|3|pAttack|9.59
STATE|2|2|5|3|arable|false
STATE|2|2|5|3|totalHarvest|1.67
STATE|2|2|5|3|animalLoss|9.04
STATE|2|2|5|3|ownedBy|0
STATE|2|2|5|3|village|0
STATE|2|2|5|3|shared?|true
STATE|2|2|5|4|animalCount|[5 7 2 10 2 9 3 5 0 2 0 9 9 10 10 0 4 6 7 5]
STATE|2|2|5|4|forageCount|5.99
STATE|2|2|5|4|forageMass|8.83
STATE|2|2|5|4|fenced?|false
STATE|2|2|5|4|attacked?|false
STATE|2|2|5|4|cropped|false
STATE|2|2|5|4|totalLivestock|[3 5 10 8 7 10 1 8 7 9 4 1 9 0 5 10 9 3 0 5]
STATE|2|2|5|4|treeCount|1.84
STATE|2|2|5|4|grassMass|6.19
STATE|2|2|5|4|pAttack|8.52
STATE|2|2|5|4|arable|false
STATE|2|2|5|4|totalHarvest|4.06
STATE|2|2|5|4|animalLoss|4.26
STATE|2|2|5|4|ownedBy|0
STATE|2|2|5|4|village|2
STATE|2|2|5|4|shared?|true
STATE|2|2|5|5|animalCount|[1 1 5 0 1 9 5 8 6 4 6 5 5 5 10 1 7 10 4 10]
STATE|2|2|5|5|forageCount|0.84
STATE|2|2|5|5|forageMass|4.32
STATE|2|2|5|5|fenced?|false
STATE|2|2|5|5|attacked?|true
STATE|2|2|5|5|cropped|true
STATE|2|2|5|5|totalLivestock|[4 10 1 2 2 3 10 6 0 4 9 7 1 0 5 4 8 4 3 0]
STATE|2|2|5|5|treeCount|6.87
STATE|2|2|5|5|grassMass|8.73
STATE|2|2|5|5|pAttack|1.14
STATE|2|2|5|5|arable|true
STATE|2|2|5|5|totalHarvest|6.73
STATE|2|2|5|5|animalLoss|1.12
STATE|2|2|5|5|ownedBy|2
STATE|2|2|5|5|village|2
STATE|2|2|5|5|shared?|false
STATE|2|2|5|6|animalCount|[5 6 9 2 6 2 9 9 0 8 9 6 8 9 5 2 1 1 8 7]
STATE|2|2|5|6|forageCount|3.87
STATE|2|2|5|6|forageMass|5.1
STATE|2|2|5|6|fenced?|false
STATE|2|2|5|6|attacked?|true
STATE|2|2|5|6|cropped|false
STATE|2|2|5|6|totalLivestock|[9 4 0 10 8 9 10 4 4 5 6 1 8 9 5 4 4 6 7 0]
STATE|2|2|5|6|treeCount|5.58
STATE|2|2|5|6|grassMass|1.03
STATE|2|2|5|6|pAttack|6.28
STATE|2|2|5|6|arable|true
STATE|2|2|5|6|totalHarvest|7.63
STATE|2|2|5|6|animalLoss|1.86
STATE|2|2|5|6|ownedBy|1
STATE|2|2|5|6|village|2
STATE|2|2|5|6|shared?|false
STATE|2|2|5|7|animalCount|[1 0 2 1 6 6 3 2 5 10 7 10 9 2 1 4 7 3 5 9]
STATE|2|2|5|7|forageCount|5.57
STATE|2|2|5|7|forageMass|1.92
STATE|2|2|5|7|fenced?|false
STATE|2|2|5|7|attacked?|true
STATE|2|2|5|7|cropped|false
STATE|2|2|5|7|totalLivestock|[3 1 8 10 5 5 1 6 10 8 4 4 5 10 3 5 8 10 6 1]
STATE|2|2|5|7|treeCount|0.22
STATE|2|2|5|7|grassMass|3.16
STATE|2|2|5|7|pAttack|6.4
STATE|2|2|5|7|arable|false
STATE|2|2|5|7|totalHarvest|0.02
STATE|2|2|5|7|animalLoss|5.42
STATE|2|2|5|7|ownedBy|0
STATE|2|2|5|7|village|3
STATE|2|2|5|7|shared?|true
STATE|2|2|6|0|animalCount|[4 5 1 0 4 9 4 0 6 10 7 8 2 8 5 4 8 9 7 4]
STATE|2|2|6|0|forageCount|7.53
STATE|2|2|6|0|forageMass|0.34
STATE|2|2|6|0|fenced?|false
STATE|2|2|6|0|attacked?|false
STATE|2|2|6|0|cropped|true
STATE|2|2|6|0|totalLivestock|[6 6 6 3 6 4 6 5 9 3 1 5 10 8 6 5 8 2 10 9]
STATE|2|2|6|0|treeCount|0.67
STATE|2|2|6|0|grassMass|5.73
STATE|2|2|6|0|pAttack|6.89
STATE|2|2|6|0|arable|true
STATE|2|2|6|0|totalHarvest|2.25
STATE|2|2|6|0|animalLoss|4.53
STATE|2|2|6|0|ownedBy|3
STATE|2|2|6|0|village|3
STATE|2|2|6|0|shared?|true
STATE|2|2|6|1|animalCount|[1 4 0 4 8 4 1 1 3 5 0 1 5 1 7 1 2 4 1 5]
STATE|2|2|6|1|forageCount|4.15
STATE|2|2|6|1|forageMass|0.17
STATE|2|2|6|1|fenced?|true
STATE|2|2|6|1|attacked?|true
STATE|2|2|6|1|cropped|true
STATE|2|2|6|1|totalLivestock|[9 3 6 7 10 0 4 4 10 5 0 9 1 1 8 9 1 1 5 4]
STATE|2|2|6|1|treeCount|4.67
STATE|2|2|6|1|grassMass|6.28
STATE|2|2|6|1|pAttack|3.36
STATE|2|2|6|1|arable|true
STATE|2|2|6|1|totalHarvest|1.66
STATE|2|2|6|1|animalLoss|9.59
STATE|2|2|6|1|ownedBy|0
STATE|2|2|6|1|village|3
STATE|2|2|6|1|shared?|false
STATE|2|2|6|2|animalCount|[10 4 3 5 10 6 7 5 7 9 10 7 9 9 3 9 8 0 3 0]
STATE|2|2|6|2|forageCount|3.7
STATE|2|2|6|2|forageMass|3.21
STATE|2|2|6|2|fenced?|false
STATE|2|2|6|2|attacked?|false
STATE|2|2|6|2|cropped|true
STATE|2|2|6|2|totalLivestock|[8 4 9 5 0 1 2 1 4 5 5 2 4 8 8 3 6 4 5 4]
STATE|2|2|6|2|treeCount|4.36
STATE|2|2|6|2|grassMass|4.01
STATE|2|2|6|2|pAttack|5.35
STATE|2|2|6|2|arable|true
STATE|2|2|6|2|totalHarvest|1.05
STATE|2|2|6|2|animalLoss|0.83
STATE|2|2|6|2|ownedBy|0
STATE|2|2|6|2|village|3
STATE|2|2|6|2|shared?|true
STATE|2|2|6|3|animalCount|[6 7 7 10 0 0 8 7 6 9 5 2 3 2 9 9 8 8 1 0]
STATE|2|2|6|3|forageCount|6.27
STATE|2|2|6|3|forageMass|9.06
STATE|2|2|6|3|fenced?|true
STATE|2|2|6|3|attacked?|true
STATE|2|2|6|3|cropped|true
STATE|2|2|6|3|totalLivestock|[10 6 0 1 10 2 3 5 5 3 8 2 10 8 7 2 10 2 8 6]
STATE|2|2|6|3|treeCount|7.66
STATE|2|2|6|3|grassMass|6.7
STATE|2|2|6|3|pAttack|5.21
STATE|2|2|6|3|arable|true
STATE|2|2|6|3|totalHarvest|4.75
STATE|2|2|6|3|animalLoss|9.5
STATE|2|2|6|3|ownedBy|2
STATE|2|2|6|3|village|3
STATE|2|2|6|3|shared?|false
STATE|2|2|6|4|animalCount|[4 3 1 10 0 10 0 6 7 8 9 9 10 4 3 9 10 4 0 0]
STATE|2|2|6|4|forageCount|1.14
STATE|2|2|6|4|forageMass|8.53
STATE|2|2|6|4|fenced?|true
STATE|2|2|6|4|attacked?|false
STATE|2|2|6|4|cropped|false
STATE|2|2|6|4|totalLivestock|[7 2 2 0 2 0 1 1 6 7 6 3 1 8 2 1 7 10 5 2]
STATE|2|2|6|4|treeCount|2.74
STATE|2|2|6|4|grassMass|8.65
STATE|2|2|6|4|pAttack|6.5
STATE|2|2|6|4|arable|true
STATE|2|2|6|4|totalHarvest|1.59
STATE|2|2|6|4|animalLoss|7.89
STATE|2|2|6|4|ownedBy|0
STATE|2|2|6|4|village|0
STATE|2|2|6|4|shared?|false
STATE|2|2|6|5|animalCount|[8 2 1 3 6 3 5 6 9 9 3 5 4 2 8 1 0 9 7 1]
STATE|2|2|6|5|forageCount|8.12
STATE|2|2|6|5|forageMass|0.71
STATE|2|2|6|5|fenced?|false
STATE|2|2|6|5|attacked?|false
STATE|2|2|6|5|cropped|false
STATE|2|2|6|5|totalLivestock|[3 7 0 5 0 5 9 5 9 0 6 7 7 1 0 7 0 3 10 4]
STATE|2|2|6|5|treeCount|4.58
STATE|2|2|6|5|grassMass|0.72
STATE|2|2|6|5|pAttack|9.82
STATE|2|2|6|5|arable|true
STATE|2|2|6|5|totalHarvest|5.8
STATE|2|2|6|5|animalLoss|2.88
STATE|2|2|6|5|ownedBy|0
STATE|2|2|6|5|village|1
STATE|2|2|6|5|shared?|true
STATE|2|2|6|6|animalCount|[0 6 7 9 10 4 7 8 9 9 3 6 1 10 2 0 9 1 1 0]
STATE|2|2|6|6|forageCount|6.56
STATE|2|2|6|6|forageMass|6.24
STATE|2|2|6|6|fenced?|false
STATE|2|2|6|6|attacked?|true
STATE|2|2|6|6|cropped|true
STATE|2|2|6|6|totalLivestock|[1 5 0 7 5 9 9 9 0 6 2 1 7 10 3 1 7 0 2 1]
STATE|2|2|6|6|treeCount|5.26
STATE|2|2|6|6|grassMass|1.87
STATE|2|2|6|6|pAttack|1.28
STATE|2|2|6|6|arable|true
STATE|2|2|6|6|totalHarvest|2.5
STATE|2|2|6|6|animalLoss|1.76
STATE|2|2|6|6|ownedBy|3
STATE|2|2|6|6|village|3
STATE|2|2|6|6|shared?|true
STATE|2|2|6|7|animalCount|[9 9 8 0 0 8 8 3 9 7 10 6 5 5 0 6 4 0 1 1]
STATE|2|2|6|7|forageCount|2.59
STATE|2|2|6|7|forageMass|0.1
STATE|2|2|6|7|fenced?|false
STATE|2|2|6|7|attacked?|true
STATE|2|2|6|7|cropped|false
STATE|2|2|6|7|totalLivestock|[7 5 10 3 1 7 3 2 10 0 2 8 6 3 1 10 5 7 1 5]
STATE|2|2|6|7|treeCount|1.08
STATE|2|2|6|7|grassMass|5.13
STATE|2|2|6|7|pAttack|1.41
STATE|2|2|6|7|arable|true
STATE|2|2|6|7|totalHarvest|9.99
STATE|2|2|6|7|animalLoss|4.93
STATE|2|2|6|7|ownedBy|2
STATE|2|2|6|7|village|2
STATE|2|2|6|7|shared?|false
STATE|2|2|7|0|animalCount|[5 7 1 5 9 10 9 0 2 0 4 0 2 9 1 1 5 7 6 3]
STATE|2|2|7|0|forageCount|4.12
STATE|2|2|7|0|forageMass|2.16
STATE|2|2|7|0|fenced?|false
STATE|2|2|7|0|attacked?|false
STATE|2|2|7|0|cropped|true
STATE|2|2|7|0|totalLivestock|[10 9 0 0 6 10 0 4 2 10 3 8 4 2 7 7 7 7 3 9]
STATE|2|2|7|0|treeCount|6.18
STATE|2|2|7|0|grassMass|8.19
STATE|2|2|7|0|pAttack|9.4
STATE|2|2|7|0|arable|false
STATE|2|2|7|0|totalHarvest|6.3
STATE|2|2|7|0|animalLoss|7.45
STATE|2|2|7|0|ownedBy|3
STATE|2|2|7|0|village|0
STATE|2|2|7|0|shared?|true
STATE|2|2|7|1|animalCount|[10 2 8 7 1 10 10 1 5 8 9 6 4 9 1 10 0 10 0 0]
STATE|2|2|7|1|forageCount|0.19
STATE|2|2|7|1|forageMass|4.4
STATE|2|2|7|1|fenced?|false
STATE|2|2|7|1|attacked?|true
STATE|2|2|7|1|cropped|true
STATE|2|2|7|1|totalLivestock|[7 2 3 2 2 1 6 2 6 4 4 8 10 10 5 7 7 10 5 1]
STATE|2|2|7|1|treeCount|6.17
STATE|2|2|7|1|grassMass|0.53
STATE|2|2|7|1|pAttack|8.43
STATE|2|2|7|1|arable|false
STATE|2|2|7|1|totalHarvest|6.34
STATE|2|2|7|1|animalLoss|2.12
STATE|2|2|7|1|ownedBy|0
STATE|2|2|7|1|village|2
STATE|2|2|7|1|shared?|false
STATE|2|2|7|2|animalCount|[1 9 6 6 9 5 4 7 0 7 9 8 3 5 3 1 2 4 5 5]
STATE|2|2|7|2|forageCount|4.88
STATE|2|2|7|2|forageMass|0.83
STATE|2|2|7|2|fenced?|true
STATE|2|2|7|2|attacked?|true
STATE|2|2|7|2|cropped|true
STATE|2|2|7|2|totalLivestock|[5 7 0 0 2 1 10 4 2 5 6 7 0 8 1 0 7 3 3 9]
STATE|2|2|7|2|treeCount|6.01
STATE|2|2|7|2|grassMass|3.4
STATE|2|2|7|2|pAttack|6.68
STATE|2|2|7|2|arable|false
STATE|2|2|7|2|totalHarvest|8.56
STATE|2|2|7|2|animalLoss|8.03
STATE|2|2|7|2|ownedBy|0
STATE|2|2|7|2|village|1
STATE|2|2|7|2|shared?|true
STATE|2|2|7|3|animalCount|[3 7 0 6 2 6 10 1 8 7 1 8 8 3 3 9 0 4 10 6]
STATE|2|2|7|3|forageCount|6.88
STATE|2|2|7|3|forageMass|1.78
STATE|2|2|7|3|fenced?|true
STATE|2|2|7|3|attacked?|true
STATE|2|2|7|3|cropped|false
STATE|2|2|7|3|totalLivestock|[1 0 4 3 3 8 3 10 1 0 4 10 10 8 6 0 6 1 2 1]
STATE|2|2|7|3|treeCount|1.72
STATE|2|2|7|3|grassMass|5.76
STATE|2|2|7|3|pAttack|6.92
STATE|2|2|7|3|arable|true
STATE|2|2|7|3|totalHarvest|0.14
STATE|2|2|7|3|animalLoss|4.61
STATE|2|2|7|3|ownedBy|2
STATE|2|2|7|3|village|3
STATE|2|2|7|3|shared?|true
STATE|2|2|7|4|animalCount|[4 3 10 0 8 9 3 10 6 0 0 10 5 3 7 8 0 1 3 2]
STATE|2|2|7|4|forageCount|8.09
STATE|2|2|7|4|forageMass|9.75
STATE|2|2|7|4|fenced?|true
STATE|2|2|7|4|attacked?|false
STATE|2|2|7|4|cropped|true
STATE|2|2|7|4|totalLivestock|[7 7 7 1 3 8 1 7 2 0 4 7 5 9 4 9 1 7 4 3]
STATE|2|2|7|4|treeCount|5.71
STATE|2|2|7|4|grassMass|8.66
STATE|2|2|7|4|pAttack|7.92
STATE|2|2|7|4|arable|true
STATE|2|2|7|4|totalHarvest|6.46
STATE|2|2|7|4|animalLoss|7.47
STATE|2|2|7|4|ownedBy|2
STATE|2|2|7|4|village|1
STATE|2|2|7|4|shared?|true
STATE|2|2|7|5|animalCount|[8 2 7 7 10 4 6 10 7 7 0 9 1 3 6 4 10 7 3 4]
STATE|2|2|7|5|forageCount|7.21
STATE|2|2|7|5|forageMass|5.5
STATE|2|2|7|5|fenced?|false
STATE|2|2|7|5|attacked?|true
STATE|2|2|7|5|cropped|false
STATE|2|2|7|5|totalLivestock|[9 7 0 8 4 2 3 10 6 5 6 5 5 6 7 1 0 0 7 3]
STATE|2|2|7|5|treeCount|8.88
STATE|2|2|7|5|grassMass|0.43
STATE|2|2|7|5|pAttack|9.7
STATE|2|2|7|5|arable|true
STATE|2|2|7|5|totalHarvest|9.28
STATE|2|2|7|5|animalLoss|9.75
STATE|2|2|7|5|ownedBy|0
STATE|2|2|7|5|village|3
STATE|2|2|7|5|shared?|true
STATE|2|2|7|6|animalCount|[10 7 8 0 6 9 5 5 3 2 4 8 5 6 4 7 10 10 9 7]
STATE|2|2|7|6|forageCount|3.57
STATE|2|2|7|6|forageMass|0.21
STATE|2|2|7|6|fenced?|true
STATE|2|2|7|6|attacked?|false
STATE|2|2|7|6|cropped|false
STATE|2|2|7|6|totalLivestock|[0 10 2 10 6 5 0 6 3 2 9 5 2 2 10 8 0 10 7 7]
STATE|2|2|7|6|treeCount|1.41
STATE|2|2|7|6|grassMass|3.99
STATE|2|2|7|6|pAttack|3.53
STATE|2|2|7|6|arable|false
STATE|2|2|7|6|totalHarvest|3.7
STATE|2|2|7|6|animalLoss|1.11
STATE|2|2|7|6|ownedBy|0
STATE|2|2|7|6|village|3
STATE|2|2|7|6|shared?|true
STATE|2|2|7|7|animalCount|[1 10 10 7 9 0 6 7 7 7 10 9 7 7 5 0 2 5 8 9]
STATE|2|2|7|7|forageCount|3.37
STATE|2|2|7|7|forageMass|5.1
STATE|2|2|7|7|fenced?|true
STATE|2|2|7|7|attacked?|false
STATE|2|2|7|7|cropped|true
STATE|2|2|7|7|totalLivestock|[2 6 8 1 9 7 2 8 10 7 9 1 5 4 0 0 10 3 8 4]
STATE|2|2|7|7|treeCount|8.72
STATE|2|2|7|7|grassMass|6.52
STATE|2|2|7|7|pAttack|0.65
STATE|2|2|7|7|arable|false
STATE|2|2|7|7|totalHarvest|7.12
STATE|2|2|7|7|animalLoss|3.62
STATE|2|2|7|7|ownedBy|2
STATE|2|2|7|7|village|2
STATE|2|2|7|7|shared?|false
CHOICE|2|2|1|1|4|2|12:27:10.000 PM 28-Sep-2026
CHOICE|2|2|1|1|4|3|12:27:14.000 PM 28-Sep-2026
CHOICE|2|2|1|1|7|4|12:27:18.000 PM 28-Sep-2026
CONFIRM|2|2|1|12:27:27.000 PM 28-Sep-2026
CHOICE|2|2|2|1|6|1|12:27:36.000 PM 28-Sep-2026
CHOICE|2|2|2|1|6|-99|12:27:40.000 PM 28-Sep-2026
CHOICE|2|2|2|7|0|-99|12:27:52.000 PM 28-Sep-2026
CONFIRM|2|2|2|12:28:06.000 PM 28-Sep-2026
CHOICE|2|2|3|4|4|1|12:28:11.000 PM 28-Sep-2026
CHOICE|2|2|3|1|4|1|12:28:21.000 PM 28-Sep-2026
CONFIRM|2|2|3|12:28:23.000 PM 28-Sep-2026
CHOICE|2|2|4|2|1|1|12:28:31.000 PM 28-Sep-2026
CONFIRM|2|2|4|12:28:34.000 PM 28-Sep-2026
CHOICE|2|2|5|0|4|-99|12:28:49.000 PM 28-Sep-2026
CHOICE|2|2|5|5|7|1|12:28:51.000 PM 28-Sep-2026
CONFIRM|2|2|5|12:28:57.000 PM 28-Sep-2026
CHOICE|2|2|6|1|1|1|12:29:03.000 PM 28-Sep-2026
CHOICE|2|2|6|2|6|1|12:29:07.000 PM 28-Sep-2026
CONFIRM|2|2|6|12:29:12.000 PM 28-Sep-2026
CHOICE|2|2|7|3|6|1|12:29:13.000 PM 28-Sep-2026
CONFIRM|2|2|7|12:29:16.000 PM 28-Sep-2026
CHOICE|2|2|8|1|7|2|12:29:18.000 PM 28-Sep-2026
CHOICE|2|2|8|7|6|-99|12:29:21.000 PM 28-Sep-2026
CONFIRM|2|2|8|12:29:35.000 PM 28-Sep-2026
CHOICE|2|2|9|2|4|3|12:29:49.000 PM 28-Sep-2026
CHOICE|2|2|9|1|3|2|12:30:01.000 PM 28-Sep-2026
CONFIRM|2|2|9|12:30:06.000 PM 28-Sep-2026
CHOICE|2|2|10|1|0|1|12:30:20.000 PM 28-Sep-2026
CONFIRM|2|2|10|12:30:26.000 PM 28-Sep-2026
CHOICE|2|2|11|5|5|2|12:30:27.000 PM 28-Sep-2026
CHOICE|2|2|11|1|4|2|12:30:37.000 PM 28-Sep-2026
CONFIRM|2|2|11|12:30:46.000 PM 28-Sep-2026
CHOICE|2|2|12|6|5|4|12:30:49.000 PM 28-Sep-2026
CHOICE|2|2|12|6|5|2|12:31:02.000 PM 28-Sep-2026
CHOICE|2|2|12|6|5|4|12:31:03.000 PM 28-Sep-2026
CONFIRM|2|2|12|12:31:09.000 PM 28-Sep-2026
CHOICE|2|2|13|6|5|3|12:31:20.000 PM 28-Sep-2026
CHOICE|2|2|13|4|7|1|12:31:23.000 PM 28-Sep-2026
CONFIRM|2|2|13|12:31:33.000 PM 28-Sep-2026
CHOICE|2|2|14|3|6|1|12:31:43.000 PM 28-Sep-2026
CONFIRM|2|2|14|12:31:49.000 PM 28-Sep-2026
CHOICE|2|2|15|5|7|-99|12:31:50.000 PM 28-Sep-2026
CONFIRM|2|2|15|12:31:54.000 PM 28-Sep-2026
CHOICE|2|2|16|6|5|1|12:32:06.000 PM 28-Sep-2026
CHOICE|2|2|16|6|2|4|12:32:20.000 PM 28-Sep-2026
CONFIRM|2|2|16|12:32:33.000 PM 28-Sep-2026
CHOICE|2|2|17|7|1|4|12:32:43.000 PM 28-Sep-2026
CONFIRM|2|2|17|12:32:47.000 PM 28-Sep-2026
CHOICE|2|2|18|5|0|1|12:32:50.000 PM 28-Sep-2026
CHOICE|2|2|18|5|0|2|12:32:58.000 PM 28-Sep-2026
CHOICE|2|2|18|5|0|3|12:33:11.000 PM 28-Sep-2026
CONFIRM|2|2|18|12:33:16.000 PM 28-Sep-2026
CHOICE|2|2|19|4|0|2|12:33:26.000 PM 28-Sep-2026
CHOICE|2|2|19|4|4|1|12:33:31.000 PM 28-Sep-2026
CONFIRM|2|2|19|12:33:44.000 PM 28-Sep-2026
CHOICE|2|2|20|7|3|-99|12:33:55.000 PM 28-Sep-2026
CHOICE|2|2|20|6|4|-99|12:33:59.000 PM 28-Sep-2026
CONFIRM|2|2|20|12:34:14.000 PM 28-Sep-2026
SCORE|2|2|1|14|21|9
SCORE|2|2|2|2|11|19
SCORE|2|2|3|0|2|15
SCORE|2|2|4|8|18|6
SCORE|2|2|5|8|43|7
SCORE|2|2|6|5|42|16
SCORE|2|2|7|14|16|20
SCORE|2|2|8|6|40|14
SCORE|2|2|9|20|66|10
SCORE|2|2|10|4|34|0
SCORE|2|2|11|19|28|2
SCORE|2|2|12|5|27|16
SCORE|2|2|13|13|24|14
SCORE|2|2|14|11|54|8
SCORE|2|2|15|6|14|19
SCORE|2|2|16|17|67|14
SCORE|2|2|17|2|5|10
SCORE|2|2|18|8|18|10
SCORE|2|2|19|9|38|16
SCORE|2|2|20|1|31|12
PHASE|phase-3-1|12:34:25.000 PM 28-Sep-2026
STATE|3|1|0|0|animalCount|[6 4 4 5 7 2 7 2 0 0 7 7 4 7 7 1 5 10 4 4]
STATE|3|1|0|0|forageCount|7.74
STATE|3|1|0|0|forageMass|7.15
STATE|3|1|0|0|fenced?|false
STATE|3|1|0|0|attacked?|true
STATE|3|1|0|0|cropped|false
STATE|3|1|0|0|totalLivestock|[1 9 7 1 6 0 4 6 3 8 3 4 7 3 9 6 10 5 6 0]
STATE|3|1|0|0|treeCount|7.91
STATE|3|1|0|0|grassMass|6.05
STATE|3|1|0|0|pAttack|8.62
STATE|3|1|0|0|arable|true
STATE|3|1|0|0|totalHarvest|7.91
STATE|3|1|0|0|animalLoss|9.49
STATE|3|1|0|0|ownedBy|3
STATE|3|1|0|0|village|3
STATE|3|1|0|0|shared?|false
STATE|3|1|0|1|animalCount|[8 0 2 2 6 9 6 5 1 7 5 10 0 7 5 0 4 4 5 7]
STATE|3|1|0|1|forageCount|9.09
STATE|3|1|0|1|forageMass|2.4
STATE|3|1|0|1|fenced?|false
STATE|3|1|0|1|attacked?|false
STATE|3|1|0|1|cropped|false
STATE|3|1|0|1|totalLivestock|[3 5 3 1 9 7 4 7 7 0 10 6 3 4 0 4 1 1 1 9]
STATE|3|1|0|1|treeCount|8.02
STATE|3|1|0|1|grassMass|1.36
STATE|3|1|0|1|pAttack|1.83
STATE|3|1|0|1|arable|false
STATE|3|1|0|1|totalHarvest|6.47
STATE|3|1|0|1|animalLoss|8.3
STATE|3|1|0|1|ownedBy|0
STATE|3|1|0|1|village|3
STATE|3|1|0|1|shared?|true
STATE|3|1|0|2|animalCount|[8 7 0 2 5 8 0 2 3 10 0 4 4 3 3 7 1 6 9 9]
STATE|3|1|0|2|forageCount|1.41
STATE|3|1|0|2|forageMass|4.31
STATE|3|1|0|2|fenced?|false
STATE|3|1|0|2|attacked?|false
STATE|3|1|0|2|cropped|false
STATE|3|1|0|2|totalLivestock|[1 2 1 4 9 0 3 9 10 1 2 9 2 5 0 3 10 9 6 10]
STATE|3|1|0|2|treeCount|4.84
STATE|3|1|0|2|grassMass|3.69
STATE|3|1|0|2|pAttack|8.61
STATE|3|1|0|2|arable|true
STATE|3|1|0|2|totalHarvest|1.34
STATE|3|1|0|2|animalLoss|5.17
STATE|3|1|0|2|ownedBy|3
STATE|3|1|0|2|village|0
STATE|3|1|0|2|shared?|true
STATE|3|1|0|3|animalCount|[10 2 9 7 7 3 7 7 3 3 8 5 4 9 9 10 6 4 2 0]
STATE|3|1|0|3|forageCount|2.43
STATE|3|1|0|3|forageMass|0.84
STATE|3|1|0|3|fenced?|false
STATE|3|1|0|3|attacked?|false
STATE|3|1|0|3|cropped|true
STATE|3|1|0|3|totalLivestock|[5 0 10 10 3 1 10 0 1 4 6 5 2 3 0 2 1 9 1 9]
STATE|3|1|0|3|treeCount|9.19
STATE|3|1|0|3|grassMass|2.67
STATE|3|1|0|3|pAttack|3.73
STATE|3|1|0|3|arable|true
STATE|3|1|0|3|totalHarvest|7.07
STATE|3|1|0|3|animalLoss|1.3
STATE|3|1|0|3|ownedBy|1
STATE|3|1|0|3|village|1
STATE|3|1|0|3|shared?|false
STATE|3|1|0|4|animalCount|[8 4 10 2 10 6 6 6 7 1 7 8 3 9 0 6 10 4 4 5]
STATE|3|1|0|4|forageCount|4.11
STATE|3|1|0|4|forageMass|5.71
STATE|3|1|0|4|fenced?|false
STATE|3|1|0|4|attacked?|false
STATE|3|1|0|4|cropped|true
STATE|3|1|0|4|totalLivestock|[2 6 6 0 7 3 2 8 7 7 8 8 10 3 0 1 0 6 2 4]
STATE|3|1|0|4|treeCount|6.03
STATE|3|1|0|4|grassMass|3.75
STATE|3|1|0|4|pAttack|8.9
STATE|3|1|0|4|arable|true
STATE|3|1|0|4|totalHarvest|2.02
STATE|3|1|0|4|animalLoss|7.13
STATE|3|1|0|4|ownedBy|2
STATE|3|1|0|4|village|1
STATE|3|1|0|4|shared?|true
STATE|3|1|0|5|animalCount|[9 9 1 0 2 7 5 0 2 1 10 10 7 6 7 0 8 0 8 2]
STATE|3|1|0|5|forageCount|5.52
STATE|3|1|0|5|forageMass|1.28
STATE|3|1|0|5|fenced?|false
STATE|3|1|0|5|attacked?|false
STATE|3|1|0|5|cropped|false
STATE|3|1|0|5|totalLivestock|[6 5 2 3 7 7 8 1 7 8 7 3 7 0 3 8 10 3 3 3]
STATE|3|1|0|5|treeCount|6.97
STATE|3|1|0|5|grassMass|3.37
STATE|3|1|0|5|pAttack|4.76
STATE|3|1|0|5|arable|false
STATE|3|1|0|5|totalHarvest|1.16
STATE|3|1|0|5|animalLoss|1.53
STATE|3|1|0|5|ownedBy|0
STATE|3|1|0|5|village|2
STATE|3|1|0|5|shared?|true
STATE|3|1|0|6|animalCount|[0 3 9 5 4 5 1 6 5 6 4 6 8 5 0 5 10 9 7 9]
STATE|3|1|0|6|forageCount|3.86
STATE|3|1|0|6|forageMass|3.07
STATE|3|1|0|6|fenced?|true
STATE|3|1|0|6|attacked?|true
STATE|3|1|0|6|cropped|true
STATE|3|1|0|6|totalLivestock|[2 8 7 2 7 1 5 9 0 3 0 6 2 10 10 6 10 3 8 8]
STATE|3|1|0|6|treeCount|2.51
STATE|3|1|0|6|grassMass|2.38
STATE|3|1|0|6|pAttack|3.17
STATE|3|1|0|6|arable|true
STATE|3|1|0|6|totalHarvest|0.25
STATE|3|1|0|6|animalLoss|0.14
STATE|3|1|0|6|ownedBy|0
STATE|3|1|0|6|village|3
STATE|3|1|0|6|shared?|true
STATE|3|1|0|7|animalCount|[7 6 10 4 2 2 3 0 3 2 6 5 9 2 0 3 8 1 3 1]
STATE|3|1|0|7|forageCount|2.0
STATE|3|1|0|7|forageMass|6.7
STATE|3|1|0|7|fenced?|false
STATE|3|1|0|7|attacked?|false
STATE|3|1|0|7|cropped|false
STATE|3|1|0|7|totalLivestock|[9 1 9 8 10 2 4 8 8 1 2 2 1 6 10 4 4 2 1 8]
STATE|3|1|0|7|treeCount|0.34
STATE|3|1|0|7|grassMass|5.43
STATE|3|1|0|7|pAttack|5.94
STATE|3|1|0|7|arable|false
STATE|3|1|0|7|totalHarvest|3.03
STATE|3|1|0|7|animalLoss|8.53
STATE|3|1|0|7|ownedBy|3
STATE|3|1|0|7|village|2
STATE|3|1|0|7|shared?|false
STATE|3|1|1|0|animalCount|[5 8 0 1 10 0 0 4 0 2 1 4 1 9 1 5 6 10 10 9]
STATE|3|1|1|0|forageCount|6.7
STATE|3|1|1|0|forageMass|6.99
STATE|3|1|1|0|fenced?|false
STATE|3|1|1|0|attacked?|false
STATE|3|1|1|0|cropped|true
STATE|3|1|1|0|totalLivestock|[6 10 8 6 4 8 4 3 2 7 0 2 9 8 5 1 1 9 4 4]
STATE|3|1|1|0|treeCount|2.98
STATE|3|1|1|0|grassMass|9.64
STATE|3|1|1|0|pAttack|8.92
STATE|3|1|1|0|arable|true
STATE|3|1|1|0|totalHarvest|7.87
STATE|3|1|1|0|animalLoss|3.38
STATE|3|1|1|0|ownedBy|0
STATE|3|1|1|0|village|1
STATE|3|1|1|0|shared?|false
STATE|3|1|1|1|animalCount|[5 6 1 7 2 9 3 4 0 3 0 1 8 2 3 5 0 4 4 6]
STATE|3|1|1|1|forageCount|7.45
STATE|3|1|1|1|forageMass|7.77
STATE|3|1|1|1|fenced?|true
STATE|3|1|1|1|attacked?|true
STATE|3|1|1|1|cropped|false
STATE|3|1|1|1|totalLivestock|[1 4 7 5 9 8 5 9 4 0 4 4 5 7 9 6 1 7 7 9]
STATE|3|1|1|1|treeCount|5.13
STATE|3|1|1|1|grassMass|2.31
STATE|3|1|1|1|pAttack|3.7
STATE|3|1|1|1|arable|false
STATE|3|1|1|1|totalHarvest|8.25
STATE|3|1|1|1|animalLoss|3.68
STATE|3|1|1|1|ownedBy|0
STATE|3|1|1|1|village|0
STATE|3|1|1|1|shared?|false
STATE|3|1|1|2|animalCount|[4 3 10 9 1 8 6 6 7 1 10 1 0 1 6 10 6 4 2 9]
STATE|3|1|1|2|forageCount|3.81
STATE|3|1|1|2|forageMass|2.02
STATE|3|1|1|2|fenced?|true
STATE|3|1|1|2|attacked?|true
STATE|3|1|1|2|cropped|false
STATE|3|1|1|2|totalLivestock|[9 2 10 7 9 8 10 4 7 9 4 10 1 1 3 7 5 9 8 5]
STATE|3|1|1|2|treeCount|3.74
STATE|3|1|1|2|grassMass|8.62
STATE|3|1|1|2|pAttack|0.84
STATE|3|1|1|2|arable|false
STATE|3|1|1|2|totalHarvest|0.6
STATE|3|1|1|2|animalLoss|0.43
STATE|3|1|1|2|ownedBy|1
STATE|3|1|1|2|village|0
STATE|3|1|1|2|shared?|true
STATE|3|1|1|3|animalCount|[6 8 3 2 6 3 8 5 10 8 8 10 1 8 0 8 7 6 4 1]
STATE|3|1|1|3|forageCount|8.6
STATE|3|1|1|3|forageMass|6.41
STATE|3|1|1|3|fenced?|false
STATE|3|1|1|3|attacked?|false
STATE|3|1|1|3|cropped|true
STATE|3|1|1|3|totalLivestock|[6 3 10 7 10 9 6 10 7 1 8 3 2 2 5 0 8 4 7 10]
STATE|3|1|1|3|treeCount|6.69
STATE|3|1|1|3|grassMass|6.27
STATE|3|1|1|3|pAttack|1.61
STATE|3|1|1|3|arable|false
STATE|3|1|1|3|totalHarvest|0.33
STATE|3|1|1|3|animalLoss|3.63
STATE|3|1|1|3|ownedBy|2
STATE|3|1|1|3|village|2
STATE|3|1|1|3|shared?|false
STATE|3|1|1|4|animalCount|[6 2 2 10 9 5 0 3 5 0 7 7 1 9 9 5 0 5 9 4]
STATE|3|1|1|4|forageCount|4.25
STATE|3|1|1|4|forageMass|1.81
STATE|3|1|1|4|fenced?|true
STATE|3|1|1|4|attacked?|true
STATE|3|1|1|4|cropped|false
STATE|3|1|1|4|totalLivestock|[0 5 7 4 9 1 7 9 8 9 9 2 3 0 3 3 10 4 1 9]
STATE|3|1|1|4|treeCount|1.11
STATE|3|1|1|4|grassMass|9.38
STATE|3|1|1|4|pAttack|1.99
STATE|3|1|1|4|arable|true
STATE|3|1|1|4|totalHarvest|4.37
STATE|3|1|1|4|animalLoss|2.95
STATE|3|1|1|4|ownedBy|0
STATE|3|1|1|4|village|0
STATE|3|1|1|4|shared?|true
STATE|3|1|1|5|animalCount|[9 3 9 7 6 2 4 2 3 3 1 9 4 10 3 0 2 1 7 8]
STATE|3|1|1|5|forageCount|3.17
STATE|3|1|1|5|forageMass|2.6
STATE|3|1|1|5|fenced?|true
STATE|3|1|1|5|attacked?|false
STATE|3|1|1|5|cropped|false
STATE|3|1|1|5|totalLivestock|[8 9 7 9 4 10 4 1 2 8 2 10 4 6 10 5 5 8 4 10]
STATE|3|1|1|5|treeCount|1.24
STATE|3|1|1|5|grassMass|6.28
STATE|3|1|1|5|pAttack|7.28
STATE|3|1|1|5|arable|true
STATE|3|1|1|5|totalHarvest|4.07
STATE|3|1|1|5|animalLoss|8.08
STATE|3|1|1|5|ownedBy|3
STATE|3|1|1|5|village|2
STATE|3|1|1|5|shared?|false
STATE|3|1|1|6|animalCount|[4 1 4 7 1 3 3 2 0 2 4 3 6 5 8 8 4 0 9 10]
STATE|3|1|1|6|forageCount|8.94
STATE|3|1|1|6|forageMass|3.83
STATE|3|1|1|6|fenced?|true
STATE|3|1|1|6|attacked?|false
STATE|3|1|1|6|cropped|true
STATE|3|1|1|6|totalLivestock|[6 3 5 6 5 2 5 9 2 4 3 7 4 2 8 1 4 3 6 1]
STATE|3|1|1|6|treeCount|0.31
STATE|3|1|1|6|grassMass|1.3
STATE|3|1|1|6|pAttack|9.24
STATE|3|1|1|6|arable|true
STATE|3|1|1|6|totalHarvest|6.9
STATE|3|1|1|6|animalLoss|4.53
STATE|3|1|1|6|ownedBy|0
STATE|3|1|1|6|village|0
STATE|3|1|1|6|shared?|true
STATE|3|1|1|7|animalCount|[1 9 5 3 1 0 5 2 1 1 8 9 4 9 8 2 2 5 4 3]
STATE|3|1|1|7|forageCount|2.07
STATE|3|1|1|7|forageMass|4.27
STATE|3|1|1|7|fenced?|false
STATE|3|1|1|7|attacked?|false
STATE|3|1|1|7|cropped|true
STATE|3|1|1|7|totalLivestock|[10 1 0 0 1 9 8 3 2 2 5 1 0 4 10 9 3 0 8 3]
STATE|3|1|1|7|treeCount|0.43
STATE|3|1|1|7|grassMass|2.26
STATE|3|1|1|7|pAttack|1.49
STATE|3|1|1|7|arable|true
STATE|3|1|1|7|totalHarvest|3.89
STATE|3|1|1|7|animalLoss|5.06
STATE|3|1|1|7|ownedBy|0
STATE|3|1|1|7|village|0
STATE|3|1|1|7|shared?|true
STATE|3|1|2|0|animalCount|[6 10 3 6 4 8 4 7 0 7 7 2 7 2 8 0 8 8 0 7]
STATE|3|1|2|0|forageCount|5.7
STATE|3|1|2|0|forageMass|4.87
STATE|3|1|2|0|fenced?|false
STATE|3|1|2|0|attacked?|true
STATE|3|1|2|0|cropped|false
STATE|3|1|2|0|totalLivestock|[9 3 9 8 10 9 5 8 3 5 9 2 6 0 10 5 9 5 0 9]
STATE|3|1|2|0|treeCount|7.34
STATE|3|1|2|0|grassMass|2.65
STATE|3|1|2|0|pAttack|2.79
STATE|3|1|2|0|arable|false
STATE|3|1|2|0|totalHarvest|3.54
STATE|3|1|2|0|animalLoss|9.67
STATE|3|1|2|0|ownedBy|3
STATE|3|1|2|0|village|0
STATE|3|1|2|0|shared?|true
STATE|3|1|2|1|animalCount|[1 4 7 0 9 2 6 5 6 0 0 3 4 4 3 7 2 10 3 9]
STATE|3|1|2|1|forageCount|3.4
STATE|3|1|2|1|forageMass|1.12
STATE|3|1|2|1|fenced?|false
STATE|3|1|2|1|attacked?|false
STATE|3|1|2|1|cropped|true
STATE|3|1|2|1|totalLivestock|[9 2 1 5 2 8 2 1 0 10 5 9 0 1 8 8 3 10 0 9]
STATE|3|1|2|1|treeCount|4.51
STATE|3|1|2|1|grassMass|0.21
STATE|3|1|2|1|pAttack|2.76
STATE|3|1|2|1|arable|false
STATE|3|1|2|1|totalHarvest|0.82
STATE|3|1|2|1|animalLoss|6.89
STATE|3|1|2|1|ownedBy|1
STATE|3|1|2|1|village|0
STATE|3|1|2|1|shared?|true
STATE|3|1|2|2|animalCount|[3 4 4 9 3 5 2 5 1 0 0 7 5 0 0 6 10 5 7 5]
STATE|3|1|2|2|forageCount|4.96
STATE|3|1|2|2|forageMass|8.54
STATE|3|1|2|2|fenced?|true
STATE|3|1|2|2|attacked?|true
STATE|3|1|2|2|cropped|true
STATE|3|1|2|2|totalLivestock|[1 0 3 4 7 7 0 5 4 6 9 7 1 9 2 0 6 3 4 6]
STATE|3|1|2|2|treeCount|4.25
STATE|3|1|2|2|grassMass|0.65
STATE|3|1|2|2|pAttack|5.4
STATE|3|1|2|2|arable|true
STATE|3|1|2|2|totalHarvest|1.58
STATE|3|1|2|2|animalLoss|4.1
STATE|3|1|2|2|ownedBy|1
STATE|3|1|2|2|village|3
STATE|3|1|2|2|shared?|true
STATE|3|1|2|3|animalCount|[7 2 4 7 7 5 2 1 1 10 10 9 3 0 4 3 7 2 3 3]
STATE|3|1|2|3|forageCount|0.97
STATE|3|1|2|3|forageMass|2.78
STATE|3|1|2|3|fenced?|false
STATE|3|1|2|3|attacked?|false
STATE|3|1|2|3|cropped|false
STATE|3|1|2|3|totalLivestock|[8 1 7 6 6 2 4 3 3 9 4 3 8 8 2 7 8 1 9 2]
STATE|3|1|2|3|treeCount|8.12
STATE|3|1|2|3|grassMass|5.32
STATE|3|1|2|3|pAttack|4.85
STATE|3|1|2|3|arable|true
STATE|3|1|2|3|totalHarvest|1.61
STATE|3|1|2|3|animalLoss|4.9
STATE|3|1|2|3|ownedBy|3
STATE|3|1|2|3|village|3
STATE|3|1|2|3|shared?|true
STATE|3|1|2|4|animalCount|[10 6 0 8 5 3 10 9 6 5 4 1 8 0 10 6 3 7 2 1]
STATE|3|1|2|4|forageCount|6.55
STATE|3|1|2|4|forageMass|5.39
STATE|3|1|2|4|fenced?|false
STATE|3|1|2|4|attacked?|true
STATE|3|1|2|4|cropped|true
STATE|3|1|2|4|totalLivestock|[10 5 0 5 3 7 4 5 9 8 0 2 4 3 6 5 6 4 2 9]
STATE|3|1|2|4|treeCount|9.82
STATE|3|1|2|4|grassMass|1.51
STATE|3|1|2|4|pAttack|1.55
STATE|3|1|2|4|arable|false
STATE|3|1|2|4|totalHarvest|4.8
STATE|3|1|2|4|animalLoss|9.29
STATE|3|1|2|4|ownedBy|0
STATE|3|1|2|4|village|3
STATE|3|1|2|4|shared?|true
STATE|3|1|2|5|animalCount|[0 8 4 0 1 9 6 0 4 9 3 4 2 9 9 7 6 2 6 0]
STATE|3|1|2|5|forageCount|5.2
STATE|3|1|2|5|forageMass|2.98
STATE|3|1|2|5|fenced?|true
STATE|3|1|2|5|attacked?|false
STATE|3|1|2|5|cropped|false
STATE|3|1|2|5|totalLivestock|[0 6 2 1 4 0 4 2 7 9 8 5 3 8 9 5 8 1 1 7]
STATE|3|1|2|5|treeCount|5.27
STATE|3|1|2|5|grassMass|2.05
STATE|3|1|2|5|pAttack|7.24
STATE|3|1|2|5|arable|false
STATE|3|1|2|5|totalHarvest|6.94
STATE|3|1|2|5|animalLoss|3.45
STATE|3|1|2|5|ownedBy|2
STATE|3|1|2|5|village|3
STATE|3|1|2|5|shared?|false
STATE|3|1|2|6|animalCount|[6 1 6 10 9 6 7 10 2 8 1 0 6 4 9 8 5 7 7 4]
STATE|3|1|2|6|forageCount|9.88
STATE|3|1|2|6|forageMass|7.2
STATE|3|1|2|6|fenced?|false
STATE|3|1|2|6|attacked?|false
STATE|3|1|2|6|cropped|true
STATE|3|1|2|6|totalLivestock|[0 5 8 0 3 6 2 3 2 5 0 3 10 1 4 6 7 0 9 1]
STATE|3|1|2|6|treeCount|3.05
STATE|3|1|2|6|grassMass|0.74
STATE|3|1|2|6|pAttack|4.42
STATE|3|1|2|6|arable|false
STATE|3|1|2|6|totalHarvest|3.71
STATE|3|1|2|6|animalLoss|5.9
STATE|3|1|2|6|ownedBy|3
STATE|3|1|2|6|village|3
STATE|3|1|2|6|shared?|false
STATE|3|1|2|7|animalCount|[5 9 5 0 3 2 5 10 3 6 9 9 7 7 0 7 7 9 8 2]
STATE|3|1|2|7|forageCount|8.23
STATE|3|1|2|7|forageMass|1.93
STATE|3|1|2|7|fenced?|false
STATE|3|1|2|7|attacked?|false
STATE|3|1|2|7|cropped|false
STATE|3|1|2|7|totalLivestock|[8 2 4 10 7 4 7 10 5 10 1 1 10 8 0 9 6 6 0 7]
STATE|3|1|2|7|treeCount|2.09
STATE|3|1|2|7|grassMass|2.11
STATE|3|1|2|7|pAttack|3.9
STATE|3|1|2|7|arable|true
STATE|3|1|2|7|totalHarvest|9.85
STATE|3|1|2|7|animalLoss|3.19
STATE|3|1|2|7|ownedBy|0
STATE|3|1|2|7|village|1
STATE|3|1|2|7|shared?|true
STATE|3|1|3|0|animalCount|[3 2 4 2 1 6 4 8 5 1 1 9 8 7 7 8 1 4 1 10]
STATE|3|1|3|0|forageCount|5.19
STATE|3|1|3|0|forageMass|6.21
STATE|3|1|3|0|fenced?|true
STATE|3|1|3|0|attacked?|true
STATE|3|1|3|0|cropped|true
STATE|3|1|3|0|totalLivestock|[9 1 1 3 2 1 8 0 6 6 2 2 1 7 8 0 5 6 7 6]
STATE|3|1|3|0|treeCount|8.45
STATE|3|1|3|0|grassMass|6.59
STATE|3|1|3|0|pAttack|3.7
STATE|3|1|3|0|arable|false
STATE|3|1|3|0|totalHarvest|3.43
STATE|3|1|3|0|animalLoss|6.67
STATE|3|1|3|0|ownedBy|2
STATE|3|1|3|0|village|1
STATE|3|1|3|0|shared?|true
STATE|3|1|3|1|animalCount|[9 2 6 7 2 5 2 10 7 0 5 0 4 2 8 1 9 6 5 1]
STATE|3|1|3|1|forageCount|8.14
STATE|3|1|3|1|forageMass|8.18
STATE|3|1|3|1|fenced?|true
STATE|3|1|3|1|attacked?|false
STATE|3|1|3|1|cropped|true
STATE|3|1|3|1|totalLivestock|[4 2 10 6 7 1 9 5 1 4 5 4 6 5 10 6 6 8 3 0]
STATE|3|1|3|1|treeCount|4.17
STATE|3|1|3|1|grassMass|4.95
STATE|3|1|3|1|pAttack|4.08
STATE|3|1|3|1|arable|true
STATE|3|1|3|1|totalHarvest|8.73
STATE|3|1|3|1|animalLoss|7.39
STATE|3|1|3|1|ownedBy|3
STATE|3|1|3|1|village|3
STATE|3|1|3|1|shared?|true
STATE|3|1|3|2|animalCount|[1 9 6 5 10 0 10 10 3 0 9 5 9 5 2 7 5 6 0 4]
STATE|3|1|3|2|forageCount|6.85
STATE|3|1|3|2|forageMass|2.8
STATE|3|1|3|2|fenced?|false
STATE|3|1|3|2|attacked?|true
STATE|3|1|3|2|cropped|true
STATE|3|1|3|2|totalLivestock|[3 9 9 7 2 7 10 0 8 4 10 7 6 5 5 4 8 9 7 2]
STATE|3|1|3|2|treeCount|1.06
STATE|3|1|3|2|grassMass|3.91
STATE|3|1|3|2|pAttack|1.55
STATE|3|1|3|2|arable|true
STATE|3|1|3|2|totalHarvest|2.37
STATE|3|1|3|2|animalLoss|7.59
STATE|3|1|3|2|ownedBy|0
STATE|3|1|3|2|village|2
STATE|3|1|3|2|shared?|true
STATE|3|1|3|3|animalCount|[1 6 6 0 1 10 10 0 4 0 4 1 1 0 8 5 6 6 8 5]
STATE|3|1|3|3|forageCount|3.84
STATE|3|1|3|3|forageMass|5.43
STATE|3|1|3|3|fenced?|true
STATE|3|1|3|3|attacked?|true
STATE|3|1|3|3|cropped|true
STATE|3|1|3|3|totalLivestock|[10 1 8 1 7 8 7 6 0 5 9 5 7 2 7 10 6 3 7 1]
STATE|3|1|3|3|treeCount|2.27
STATE|3|1|3|3|grassMass|0.6
STATE|3|1|3|3|pAttack|3.14
STATE|3|1|3|3|arable|true
STATE|3|1|3|3|totalHarvest|0.31
STATE|3|1|3|3|animalLoss|2.25
STATE|3|1|3|3|ownedBy|1
STATE|3|1|3|3|village|3
STATE|3|1|3|3|shared?|false
STATE|3|1|3|4|animalCount|[7 10 4 0 0 2 2 4 4 3 4 4 2 7 9 1 6 6 5 6]
STATE|3|1|3|4|forageCount|3.76
STATE|3|1|3|4|forageMass|8.65
STATE|3|1|3|4|fenced?|true
STATE|3|1|3|4|attacked?|true
STATE|3|1|3|4|cropped|false
STATE|3|1|3|4|totalLivestock|[9 8 9 2 10 4 3 1 5 3 2 2 2 5 1 3 8 9 4 10]
STATE|3|1|3|4|treeCount|0.22
STATE|3|1|3|4|grassMass|4.56
STATE|3|1|3|4|pAttack|9.17
STATE|3|1|3|4|arable|false
STATE|3|1|3|4|totalHarvest|6.58
STATE|3|1|3|4|animalLoss|0.51
STATE|3|1|3|4|ownedBy|1
STATE|3|1|3|4|village|0
STATE|3|1|3|4|shared?|true
STATE|3|1|3|5|animalCount|[3 8 0 7 2 10 6 6 9 1 2 1 2 3 8 7 9 3 3 0]
STATE|3|1|3|5|forageCount|3.23
STATE|3|1|3|5|forageMass|8.96
STATE|3|1|3|5|fenced?|false
STATE|3|1|3|5|attacked?|false
STATE|3|1|3|5|cropped|true
STATE|3|1|3|5|totalLivestock|[5 4 4 10 10 4 5 8 0 0 5 10 6 7 5 3 5 9 3 6]
STATE|3|1|3|5|treeCount|9.31
STATE|3|1|3|5|grassMass|1.47
STATE|3|1|3|5|pAttack|1.28
STATE|3|1|3|5|arable|false
STATE|3|1|3|5|totalHarvest|8.52
STATE|3|1|3|5|animalLoss|4.5
STATE|3|1|3|5|ownedBy|1
STATE|3|1|3|5|village|2
STATE|3|1|3|5|shared?|true
STATE|3|1|3|6|animalCount|[9 2 2 0 8 1 3 10 10 9 0 6 7 4 10 3 5 7 9 6]
STATE|3|1|3|6|forageCount|9.48
STATE|3|1|3|6|forageMass|1.98
STATE|3|1|3|6|fenced?|false
STATE|3|1|3|6|attacked?|true
STATE|3|1|3|6|cropped|true
STATE|3|1|3|6|totalLivestock|[3 6 5 5 5 6 9 7 0 4 1 8 6 4 8 0 10 9 5 4]
STATE|3|1|3|6|treeCount|1.13
STATE|3|1|3|6|grassMass|4.16
STATE|3|1|3|6|pAttack|1.65
STATE|3|1|3|6|arable|false
STATE|3|1|3|6|totalHarvest|3.86
STATE|3|1|3|6|animalLoss|3.68
STATE|3|1|3|6|ownedBy|1
STATE|3|1|3|6|village|0
STATE|3|1|3|6|shared?|false
STATE|3|1|3|7|animalCount|[5 8 8 4 10 4 10 5 10 7 7 3 6 9 10 7 2 9 2 8]
STATE|3|1|3|7|forageCount|2.46
STATE|3|1|3|7|forageMass|0.36
STATE|3|1|3|7|fenced?|false
STATE|3|1|3|7|attacked?|true
STATE|3|1|3|7|cropped|false
STATE|3|1|3|7|totalLivestock|[4 6 7 3 9 10 5 10 7 3 8 2 7 0 8 10 4 8 8 5]
STATE|3|1|3|7|treeCount|3.38
STATE|3|1|3|7|grassMass|3.3
STATE|3|1|3|7|pAttack|8.15
STATE|3|1|3|7|arable|false
STATE|3|1|3|7|totalHarvest|7.6
STATE|3|1|3|7|animalLoss|5.19
STATE|3|1|3|7|ownedBy|3
STATE|3|1|3|7|village|0
STATE|3|1|3|7|shared?|false
STATE|3|1|4|0|animalCount|[7 2 9 8 5 10 3 1 10 6 7 8 5 3 9 1 4 5 4 1]
STATE|3|1|4|0|forageCount|0.42
STATE|3|1|4|0|forageMass|5.83
STATE|3|1|4|0|fenced?|true
STATE|3|1|4|0|attacked?|true
STATE|3|1|4|0|cropped|false
STATE|3|1|4|0|totalLivestock|[7 3 4 0 8 7 7 6 4 6 3 0 0 7 7 6 6 1 0 8]
STATE|3|1|4|0|treeCount|5.55
STATE|3|1|4|0|grassMass|2.23
STATE|3|1|4|0|pAttack|6.82
STATE|3|1|4|0|arable|true
STATE|3|1|4|0|totalHarvest|6.7
STATE|3|1|4|0|animalLoss|2.44
STATE|3|1|4|0|ownedBy|3
STATE|3|1|4|0|village|1
STATE|3|1|4|0|shared?|false
STATE|3|1|4|1|animalCount|[0 5 9 10 1 4 4 9 0 0 9 0 9 4 5 4 6 0 5 3]
STATE|3|1|4|1|forageCount|4.82
STATE|3|1|4|1|forageMass|2.77
STATE|3|1|4|1|fenced?|false
STATE|3|1|4|1|attacked?|true
STATE|3|1|4|1|cropped|true
STATE|3|1|4|1|totalLivestock|[1 1 8 0 2 8 9 7 4 3 10 10 6 5 9 9 9 5 1 3]
STATE|3|1|4|1|treeCount|3.54
STATE|3|1|4|1|grassMass|3.2
STATE|3|1|4|1|pAttack|3.83
STATE|3|1|4|1|arable|false
STATE|3|1|4|1|totalHarvest|5.02
STATE|3|1|4|1|animalLoss|2.63
STATE|3|1|4|1|ownedBy|3
STATE|3|1|4|1|village|0
STATE|3|1|4|1|shared?|false
STATE|3|1|4|2|animalCount|[2 3 7 7 2 3 5 2 6 9 8 6 9 5 6 4 9 8 4 3]
STATE|3|1|4|2|forageCount|3.56
STATE|3|1|4|2|forageMass|1.56
STATE|3|1|4|2|fenced?|false
STATE|3|1|4|2|attacked?|false
STATE|3|1|4|2|cropped|false
STATE|3|1|4|2|totalLivestock|[9 3 8 0 7 9 1 3 7 7 8 6 6 4 9 9 1 6 3 10]
STATE|3|1|4|2|treeCount|3.65
STATE|3|1|4|2|grassMass|3.07
STATE|3|1|4|2|pAttack|8.32
STATE|3|1|4|2|arable|true
STATE|3|1|4|2|totalHarvest|8.76
STATE|3|1|4|2|animalLoss|3.98
STATE|3|1|4|2|ownedBy|1
STATE|3|1|4|2|village|2
STATE|3|1|4|2|shared?|true
STATE|3|1|4|3|animalCount|[10 8 8 10 1 8 5 10 2 10 3 2 7 0 7 9 9 3 8 10]
STATE|3|1|4|3|forageCount|3.53
STATE|3|1|4|3|forageMass|2.94
STATE|3|1|4|3|fenced?|true
STATE|3|1|4|3|attacked?|true
STATE|3|1|4|3|cropped|true
STATE|3|1|4|3|totalLivestock|[9 5 1 4 2 6 0 2 6 3 10 4 9 6 5 4 6 6 7 8]
STATE|3|1|4|3|treeCount|4.66
STATE|3|1|4|3|grassMass|2.56
STATE|3|1|4|3|pAttack|5.36
STATE|3|1|4|3|arable|true
STATE|3|1|4|3|totalHarvest|8.61
STATE|3|1|4|3|animalLoss|0.6
STATE|3|1|4|3|ownedBy|2
STATE|3|1|4|3|village|0
STATE|3|1|4|3|shared?|false
STATE|3|1|4|4|animalCount|[10 9 2 1 6 0 0 3 6 10 2 3 0 1 6 7 5 7 5 0]
STATE|3|1|4|4|forageCount|4.51
STATE|3|1|4|4|forageMass|3.72
STATE|3|1|4|4|fenced?|true
STATE|3|1|4|4|attacked?|true
STATE|3|1|4|4|cropped|false
STATE|3|1|4|4|totalLivestock|[0 9 7 4 3 0 0 5 5 9 3 5 5 8 0 9 4 9 5 7]
STATE|3|1|4|4|treeCount|4.23
STATE|3|1|4|4|grassMass|3.53
STATE|3|1|4|4|pAttack|6.14
STATE|3|1|4|4|arable|false
STATE|3|1|4|4|totalHarvest|8.79
STATE|3|1|4|4|animalLoss|8.84
STATE|3|1|4|4|ownedBy|2
STATE|3|1|4|4|village|1
STATE|3|1|4|4|shared?|false
STATE|3|1|4|5|animalCount|[7 2 6 5 0 7 1 10 9 5 5 1 5 2 3 1 0 3 3 7]
STATE|3|1|4|5|forageCount|8.46
STATE|3|1|4|5|forageMass|6.38
STATE|3|1|4|5|fenced?|false
STATE|3|1|4|5|attacked?|false
STATE|3|1|4|5|cropped|false
STATE|3|1|4|5|totalLivestock|[6 3 7 9 3 5 4 6 4 5 1 0 7 9 7 7 4 1 10 5]
STATE|3|1|4|5|treeCount|8.2
STATE|3|1|4|5|grassMass|2.62
STATE|3|1|4|5|pAttack|6.31
STATE|3|1|4|5|arable|true
STATE|3|1|4|5|totalHarvest|3.67
STATE|3|1|4|5|animalLoss|4.91
STATE|3|1|4|5|ownedBy|0
STATE|3|1|4|5|village|3
STATE|3|1|4|5|shared?|false
STATE|3|1|4|6|animalCount|[1 10 7 2 3 2 0 8 8 9 3 0 0 6 10 7 0 2 4 2]
STATE|3|1|4|6|forageCount|3.37
STATE|3|1|4|6|forageMass|2.13
STATE|3|1|4|6|fenced?|false
STATE|3|1|4|6|attacked?|false
STATE|3|1|4|6|cropped|true
STATE|3|1|4|6|totalLivestock|[2 9 0 8 3 9 6 7 2 10 9 6 2 6 10 0 10 9 0 9]
STATE|3|1|4|6|treeCount|1.64
STATE|3|1|4|6|grassMass|2.66
STATE|3|1|4|6|pAttack|8.01
STATE|3|1|4|6|arable|false
STATE|3|1|4|6|totalHarvest|6.15
STATE|3|1|4|6|animalLoss|6.34
STATE|3|1|4|6|ownedBy|1
STATE|3|1|4|6|village|3
STATE|3|1|4|6|shared?|true
STATE|3|1|4|7|animalCount|[9 5 8 9 3 3 6 6 6 0 1 7 0 6 10 6 0 8 9 2]
STATE|3|1|4|7|forageCount|0.4
STATE|3|1|4|7|forageMass|6.17
STATE|3|1|4|7|fenced?|true
STATE|3|1|4|7|attacked?|true
STATE|3|1|4|7|cropped|false
STATE|3|1|4|7|totalLivestock|[3 10 1 0 8 1 2 0 6 1 5 3 9 3 3 10 6 7 5 4]
STATE|3|1|4|7|treeCount|6.46
STATE|3|1|4|7|grassMass|2.15
STATE|3|1|4|7|pAttack|1.48
STATE|3|1|4|7|arable|false
STATE|3|1|4|7|totalHarvest|2.21
STATE|3|1|4|7|animalLoss|5.27
STATE|3|1|4|7|ownedBy|1
STATE|3|1|4|7|village|0
STATE|3|1|4|7|shared?|false
STATE|3|1|5|0|animalCount|[9 0 3 9 6 4 9 5 8 5 4 3 3 10 8 3 9 2 4 6]
STATE|3|1|5|0|forageCount|3.64
STATE|3|1|5|0|forageMass|3.3
STATE|3|1|5|0|fenced?|true
STATE|3|1|5|0|attacked?|false
STATE|3|1|5|0|cropped|true
STATE|3|1|5|0|totalLivestock|[0 0 10 8 9 10 2 4 3 7 6 3 8 5 4 9 7 5 9 2]
STATE|3|1|5|0|treeCount|7.04
STATE|3|1|5|0|grassMass|7.78
STATE|3|1|5|0|pAttack|3.83
STATE|3|1|5|0|arable|false
STATE|3|1|5|0|totalHarvest|8.11
STATE|3|1|5|0|animalLoss|7.82
STATE|3|1|5|0|ownedBy|1
STATE|3|1|5|0|village|3
STATE|3|1|5|0|shared?|false
STATE|3|1|5|1|animalCount|[6 2 7 8 9 2 8 8 4 6 9 4 0 1 0 3 3 7 3 10]
STATE|3|1|5|1|forageCount|0.34
STATE|3|1|5|1|forageMass|7.02
STATE|3|1|5|1|fenced?|false
STATE|3|1|5|1|attacked?|true
STATE|3|1|5|1|cropped|true
STATE|3|1|5|1|totalLivestock|[3 9 4 3 8 6 1 6 0 5 7 10 6 5 4 0 7 1 10 1]
STATE|3|1|5|1|treeCount|3.9
STATE|3|1|5|1|grassMass|1.35
STATE|3|1|5|1|pAttack|4.31
STATE|3|1|5|1|arable|true
STATE|3|1|5|1|totalHarvest|7.55
STATE|3|1|5|1|animalLoss|5.49
STATE|3|1|5|1|ownedBy|3
STATE|3|1|5|1|village|3
STATE|3|1|5|1|shared?|false
STATE|3|1|5|2|animalCount|[9 5 7 8 9 2 7 10 3 3 7 1 1 2 9 1 7 10 7 5]
STATE|3|1|5|2|forageCount|3.02
STATE|3|1|5|2|forageMass|9.24
STATE|3|1|5|2|fenced?|true
STATE|3|1|5|2|attacked?|false
STATE|3|1|5|2|cropped|false
STATE|3|1|5|2|totalLivestock|[5 4 6 4 0 2 5 7 7 6 0 6 8 9 6 7 4 4 4 7]
STATE|3|1|5|2|treeCount|9.26
STATE|3|1|5|2|grassMass|7.91
STATE|3|1|5|2|pAttack|9.52
STATE|3|1|5|2|arable|false
STATE|3|1|5|2|totalHarvest|7.44
STATE|3|1|5|2|animalLoss|2.97
STATE|3|1|5|2|ownedBy|1
STATE|3|1|5|2|village|0
STATE|3|1|5|2|shared?|true
STATE|3|1|5|3|animalCount|[4 7 6 7 1 6 7 3 4 4 8 0 6 5 0 1 5 1 9 4]
STATE|3|1|5|3|forageCount|0.8
STATE|3|1|5|3|forageMass|1.33
STATE|3|1|5|3|fenced?|true
STATE|3|1|5|3|attacked?|false
STATE|3|1|5|3|cropped|true
STATE|3|1|5|3|totalLivestock|[1 0 10 6 8 3 9 0 3 9 9 1 10 4 8 9 5 3 0 1]
STATE|3|1|5|3|treeCount|0.06
STATE|3|1|5|3|grassMass|4.86
STATE|3|1|5|3|pAttack|8.57
STATE|3|1|5|3|arable|false
STATE|3|1|5|3|totalHarvest|5.29
STATE|3|1|5|3|animalLoss|2.8
STATE|3|1|5|3|ownedBy|3
STATE|3|1|5|3|village|2
STATE|3|1|5|3|shared?|true
STATE|3|1|5|4|animalCount|[1 4 5 5 10 1 6 0 9 7 8 0 4 3 0 3 10 5 7 5]
STATE|3|1|5|4|forageCount|1.63
STATE|3|1|5|4|forageMass|9.07
STATE|3|1|5|4|fenced?|true
STATE|3|1|5|4|attacked?|false
STATE|3|1|5|4|cropped|false
STATE|3|1|5|4|totalLivestock|[5 3 3 8 8 9 3 1 1 7 1 8 4 2 6 8 4 1 1 5]
STATE|3|1|5|4|treeCount|7.49
STATE|3|1|5|4|grassMass|3.21
STATE|3|1|5|4|pAttack|5.13
STATE|3|1|5|4|arable|false
STATE|3|1|5|4|totalHarvest|1.28
STATE|3|1|5|4|animalLoss|0.28
STATE|3|1|5|4|ownedBy|1
STATE|3|1|5|4|village|0
STATE|3|1|5|4|shared?|false
STATE|3|1|5|5|animalCount|[10 4 3 4 10 1 3 2 8 1 5 0 2 4 3 5 5 10 0 2]
STATE|3|1|5|5|forageCount|8.23
STATE|3|1|5|5|forageMass|0.95
STATE|3|1|5|5|fenced?|false
STATE|3|1|5|5|attacked?|true
STATE|3|1|5|5|cropped|false
STATE|3|1|5|5|totalLivestock|[9 1 9 2 0 7 5 7 8 1 2 6 10 10 7 6 6 3 7 2]
STATE|3|1|5|5|treeCount|2.24
STATE|3|1|5|5|grassMass|6.39
STATE|3|1|5|5|pAttack|6.87
STATE|3|1|5|5|arable|false
STATE|3|1|5|5|totalHarvest|1.29
STATE|3|1|5|5|animalLoss|4.83
STATE|3|1|5|5|ownedBy|2
STATE|3|1|5|5|village|3
STATE|3|1|5|5|shared?|true
STATE|3|1|5|6|animalCount|[10 0 10 7 4 1 0 1 8 6 9 5 4 6 1 9 1 0 8 7]
STATE|3|1|5|6|forageCount|0.72
STATE|3|1|5|6|forageMass|1.62
STATE|3|1|5|6|fenced?|false
STATE|3|1|5|6|attacked?|true
STATE|3|1|5|6|cropped|false
STATE|3|1|5|6|totalLivestock|[0 5 2 2 6 6 10 0 1 2 5 2 1 10 6 3 3 9 0 3]
STATE|3|1|5|6|treeCount|6.0
STATE|3|1|5|6|grassMass|1.64
STATE|3|1|5|6|pAttack|2.8
STATE|3|1|5|6|arable|true
STATE|3|1|5|6|totalHarvest|4.28
STATE|3|1|5|6|animalLoss|4.25
STATE|3|1|5|6|ownedBy|1
STATE|3|1|5|6|village|3
STATE|3|1|5|6|shared?|true
STATE|3|1|5|7|animalCount|[7 9 2 5 8 8 9 8 3 7 1 3 3 4 7 0 4 8 0 0]
STATE|3|1|5|7|forageCount|4.0
STATE|3|1|5|7|forageMass|7.32
STATE|3|1|5|7|fenced?|true
STATE|3|1|5|7|attacked?|true
STATE|3|1|5|7|cropped|false
STATE|3|1|5|7|totalLivestock|[1 2 0 7 0 10 7 5 3 10 4 2 3 5 0 9 6 4 2 0]
STATE|3|1|5|7|treeCount|3.47
STATE|3|1|5|7|grassMass|9.31
STATE|3|1|5|7|pAttack|9.65
STATE|3|1|5|7|arable|true
STATE|3|1|5|7|totalHarvest|0.85
STATE|3|1|5|7|animalLoss|3.21
STATE|3|1|5|7|ownedBy|3
STATE|3|1|5|7|village|1
STATE|3|1|5|7|shared?|true
STATE|3|1|6|0|animalCount|[1 4 0 8 2 7 10 0 7 6 6 5 7 3 8 8 10 10 9 8]
STATE|3|1|6|0|forageCount|3.7
STATE|3|1|6|0|forageMass|0.76
STATE|3|1|6|0|fenced?|false
STATE|3|1|6|0|attacked?|true
STATE|3|1|6|0|cropped|true
STATE|3|1|6|0|totalLivestock|[10 1 2 9 3 8 5 3 4 0 4 4 8 0 6 1 8 7 6 10]
STATE|3|1|6|0|treeCount|4.99
STATE|3|1|6|0|grassMass|0.47
STATE|3|1|6|0|pAttack|7.85
STATE|3|1|6|0|arable|true
STATE|3|1|6|0|totalHarvest|8.44
STATE|3|1|6|0|animalLoss|9.79
STATE|3|1|6|0|ownedBy|3
STATE|3|1|6|0|village|0
STATE|3|1|6|0|shared?|true
STATE|3|1|6|1|animalCount|[6 8 8 4 5 6 8 10 10 10 9 6 2 9 6 3 5 9 3 7]
STATE|3|1|6|1|forageCount|9.78
STATE|3|1|6|1|forageMass|7.05
STATE|3|1|6|1|fenced?|false
STATE|3|1|6|1|attacked?|true
STATE|3|1|6|1|cropped|false
STATE|3|1|6|1|totalLivestock|[3 1 2 9 5 9 0 0 8 5 6 3 9 1 9 3 5 7 1 2]
STATE|3|1|6|1|treeCount|7.47
STATE|3|1|6|1|grassMass|7.31
STATE|3|1|6|1|pAttack|8.72
STATE|3|1|6|1|arable|true
STATE|3|1|6|1|totalHarvest|8.42
STATE|3|1|6|1|animalLoss|9.61
STATE|3|1|6|1|ownedBy|0
STATE|3|1|6|1|village|0
STATE|3|1|6|1|shared?|true
STATE|3|1|6|2|animalCount|[9 10 10 8 8 2 9 2 6 4 2 10 2 10 0 5 8 1 6 3]
STATE|3|1|6|2|forageCount|4.61
STATE|3|1|6|2|forageMass|8.56
STATE|3|1|6|2|fenced?|true
STATE|3|1|6|2|attacked?|false
STATE|3|1|6|2|cropped|false
STATE|3|1|6|2|totalLivestock|[1 2 0 9 4 1 9 7 3 10 5 3 3 7 2 2 0 8 8 9]
STATE|3|1|6|2|treeCount|4.68
STATE|3|1|6|2|grassMass|0.98
STATE|3|1|6|2|pAttack|4.85
STATE|3|1|6|2|arable|false
STATE|3|1|6|2|totalHarvest|1.99
STATE|3|1|6|2|animalLoss|2.59
STATE|3|1|6|2|ownedBy|2
STATE|3|1|6|2|village|2
STATE|3|1|6|2|shared?|true
STATE|3|1|6|3|animalCount|[8 8 0 4 9 0 1 7 4 0 5 9 8 4 5 4 4 5 1 9]
STATE|3|1|6|3|forageCount|7.19
STATE|3|1|6|3|forageMass|2.32
STATE|3|1|6|3|fenced?|false
STATE|3|1|6|3|attacked?|false
STATE|3|1|6|3|cropped|true
STATE|3|1|6|3|totalLivestock|[2 3 10 9 6 2 8 2 0 5 9 5 4 3 4 8 2 1 2 2]
STATE|3|1|6|3|treeCount|8.72
STATE|3|1|6|3|grassMass|3.69
STATE|3|1|6|3|pAttack|6.25
STATE|3|1|6|3|arable|true
STATE|3|1|6|3|totalHarvest|9.58
STATE|3|1|6|3|animalLoss|0.32
STATE|3|1|6|3|ownedBy|2
STATE|3|1|6|3|village|2
STATE|3|1|6|3|shared?|true
STATE|3|1|6|4|animalCount|[8 6 7 8 0 2 10 5 4 9 4 5 0 10 7 1 9 7 2 5]
STATE|3|1|6|4|forageCount|5.91
STATE|3|1|6|4|forageMass|5.07
STATE|3|1|6|4|fenced?|true
STATE|3|1|6|4|attacked?|false
STATE|3|1|6|4|cropped|true
STATE|3|1|6|4|totalLivestock|[2 6 4 3 1 1 0 6 9 9 6 0 5 3 5 10 9 7 2 2]
STATE|3|1|6|4|treeCount|8.87
STATE|3|1|6|4|grassMass|9.53
STATE|3|1|6|4|pAttack|5.42
STATE|3|1|6|4|arable|true
STATE|3|1|6|4|totalHarvest|4.06
STATE|3|1|6|4|animalLoss|2.27
STATE|3|1|6|4|ownedBy|3
STATE|3|1|6|4|village|2
STATE|3|1|6|4|shared?|true
STATE|3|1|6|5|animalCount|[8 6 10 2 10 5 4 9 4 8 2 1 4 7 3 9 8 10 7 2]
STATE|3|1|6|5|forageCount|0.14
STATE|3|1|6|5|forageMass|8.4
STATE|3|1|6|5|fenced?|false
STATE|3|1|6|5|attacked?|false
STATE|3|1|6|5|cropped|true
STATE|3|1|6|5|totalLivestock|[1 9 8 0 6 1 1 3 0 4 2 3 3 9 0 1 8 4 1 4]
STATE|3|1|6|5|treeCount|1.03
STATE|3|1|6|5|grassMass|6.8
STATE|3|1|6|5|pAttack|1.57
STATE|3|1|6|5|arable|true
STATE|3|1|6|5|totalHarvest|4.79
STATE|3|1|6|5|animalLoss|9.71
STATE|3|1|6|5|ownedBy|3
STATE|3|1|6|5|village|0
STATE|3|1|6|5|shared?|false
STATE|3|1|6|6|animalCount|[9 3 9 1 10 1 9 2 4 0 1 3 1 5 5 3 7 4 5 8]
STATE|3|1|6|6|forageCount|1.27
STATE|3|1|6|6|forageMass|3.12
STATE|3|1|6|6|fenced?|false
STATE|3|1|6|6|attacked?|true
STATE|3|1|6|6|cropped|false
STATE|3|1|6|6|totalLivestock|[2 1 1 2 0 6 1 9 4 4 5 3 7 9 5 7 8 2 9 2]
STATE|3|1|6|6|treeCount|7.12
STATE|3|1|6|6|grassMass|1.23
STATE|3|1|6|6|pAttack|4.85
STATE|3|1|6|6|arable|false
STATE|3|1|6|6|totalHarvest|3.5
STATE|3|1|6|6|animalLoss|4.64
STATE|3|1|6|6|ownedBy|3
STATE|3|1|6|6|village|3
STATE|3|1|6|6|shared?|true
STATE|3|1|6|7|animalCount|[6 4 5 9 2 2 7 2 0 3 2 0 5 9 7 5 6 3 6 0]
STATE|3|1|6|7|forageCount|2.58
STATE|3|1|6|7|forageMass|8.04
STATE|3|1|6|7|fenced?|false
STATE|3|1|6|7|attacked?|false
STATE|3|1|6|7|cropped|true
STATE|3|1|6|7|totalLivestock|[2 6 7 6 9 4 0 10 7 0 10 6 6 5 10 1 10 1 6 4]
STATE|3|1|6|7|treeCount|4.16
STATE|3|1|6|7|grassMass|1.35
STATE|3|1|6|7|pAttack|5.64
STATE|3|1|6|7|arable|false
STATE|3|1|6|7|totalHarvest|9.86
STATE|3|1|6|7|animalLoss|5.55
STATE|3|1|6|7|ownedBy|3
STATE|3|1|6|7|village|3
STATE|3|1|6|7|shared?|true
STATE|3|1|7|0|animalCount|[9 10 1 8 1 0 7 8 4 10 10 7 5 6 5 2 5 7 5 8]
STATE|3|1|7|0|forageCount|1.08
STATE|3|1|7|0|forageMass|6.47
STATE|3|1|7|0|fenced?|true
STATE|3|1|7|0|attacked?|false
STATE|3|1|7|0|cropped|false
STATE|3|1|7|0|totalLivestock|[1 6 6 9 6 8 9 4 5 8 3 7 2 0 0 10 5 3 2 5]
STATE|3|1|7|0|treeCount|2.64
STATE|3|1|7|0|grassMass|9.51
STATE|3|1|7|0|pAttack|0.53
STATE|3|1|7|0|arable|true
STATE|3|1|7|0|totalHarvest|2.59
STATE|3|1|7|0|animalLoss|9.4
STATE|3|1|7|0|ownedBy|1
STATE|3|1|7|0|village|1
STATE|3|1|7|0|shared?|false
STATE|3|1|7|1|animalCount|[5 6 1 0 8 0 8 1 8 10 7 5 9 2 2 8 1 8 6 7]
STATE|3|1|7|1|forageCount|9.06
STATE|3|1|7|1|forageMass|0.01
STATE|3|1|7|1|fenced?|false
STATE|3|1|7|1|attacked?|true
STATE|3|1|7|1|cropped|true
STATE|3|1|7|1|totalLivestock|[4 5 0 7 8 10 8 3 10 10 7 4 0 7 9 0 7 10 4 3]
STATE|3|1|7|1|treeCount|0.91
STATE|3|1|7|1|grassMass|1.68
STATE|3|1|7|1|pAttack|6.97
STATE|3|1|7|1|arable|false
STATE|3|1|7|1|totalHarvest|7.13
STATE|3|1|7|1|animalLoss|8.31
STATE|3|1|7|1|ownedBy|2
STATE|3|1|7|1|village|0
STATE|3|1|7|1|shared?|true
STATE|3|1|7|2|animalCount|[5 4 6 5 7 7 9 7 7 9 1 8 0 1 8 1 4 7 8 6]
STATE|3|1|7|2|forageCount|0.43
STATE|3|1|7|2|forageMass|2.48
STATE|3|1|7|2|fenced?|true
STATE|3|1|7|2|attacked?|false
STATE|3|1|7|2|cropped|true
STATE|3|1|7|2|totalLivestock|[7 9 0 6 4 6 9 0 3 10 2 6 4 7 9 3 9 10 3 9]
STATE|3|1|7|2|treeCount|5.74
STATE|3|1|7|2|grassMass|7.85
STATE|3|1|7|2|pAttack|2.43
STATE|3|1|7|2|arable|false
STATE|3|1|7|2|totalHarvest|8.67
STATE|3|1|7|2|animalLoss|8.0
STATE|3|1|7|2|ownedBy|1
STATE|3|1|7|2|village|3
STATE|3|1|7|2|shared?|false
STATE|3|1|7|3|animalCount|[2 10 3 0 6 6 1 4 7 4 3 8 3 8 5 1 7 5 5 9]
STATE|3|1|7|3|forageCount|2.04
STATE|3|1|7|3|forageMass|6.12
STATE|3|1|7|3|fenced?|true
STATE|3|1|7|3|attacked?|true
STATE|3|1|7|3|cropped|true
STATE|3|1|7|3|totalLivestock|[7 8 4 2 9 7 6 10 9 3 8 4 0 9 8 2 0 4 2 10]
STATE|3|1|7|3|treeCount|7.91
STATE|3|1|7|3|grassMass|7.52
STATE|3|1|7|3|pAttack|3.02
STATE|3|1|7|3|arable|false
STATE|3|1|7|3|totalHarvest|8.07
STATE|3|1|7|3|animalLoss|5.38
STATE|3|1|7|3|ownedBy|0
STATE|3|1|7|3|village|0
STATE|3|1|7|3|shared?|false
STATE|3|1|7|4|animalCount|[10 10 10 1 10 5 5 3 0 5 8 4 5 5 2 9 5 0 2 6]
STATE|3|1|7|4|forageCount|1.98
STATE|3|1|7|4|forageMass|2.29
STATE|3|1|7|4|fenced?|true
STATE|3|1|7|4|attacked?|false
STATE|3|1|7|4|cropped|true
STATE|3|1|7|4|totalLivestock|[5 2 10 4 3 9 6 2 6 7 0 10 5 0 8 2 5 3 1 1]
STATE|3|1|7|4|treeCount|3.68
STATE|3|1|7|4|grassMass|8.41
STATE|3|1|7|4|pAttack|5.11
STATE|3|1|7|4|arable|false
STATE|3|1|7|4|totalHarvest|1.71
STATE|3|1|7|4|animalLoss|8.28
STATE|3|1|7|4|ownedBy|2
STATE|3|1|7|4|village|3
STATE|3|1|7|4|shared?|false
STATE|3|1|7|5|animalCount|[7 6 2 1 2 8 6 7 4 0 1 8 0 5 4 5 4 2 5 1]
STATE|3|1|7|5|forageCount|7.58
STATE|3|1|7|5|forageMass|9.69
STATE|3|1|7|5|fenced?|false
STATE|3|1|7|5|attacked?|false
STATE|3|1|7|5|cropped|false
STATE|3|1|7|5|totalLivestock|[2 6 5 9 8 1 0 5 5 1 6 10 4 5 7 7 2 2 7 10]
STATE|3|1|7|5|treeCount|4.98
STATE|3|1|7|5|grassMass|1.81
STATE|3|1|7|5|pAttack|8.3
STATE|3|1|7|5|arable|true
STATE|3|1|7|5|totalHarvest|4.07
STATE|3|1|7|5|animalLoss|6.09
STATE|3|1|7|5|ownedBy|3
STATE|3|1|7|5|village|1
STATE|3|1|7|5|shared?|false
STATE|3|1|7|6|animalCount|[10 4 4 3 4 1 4 0 0 6 2 1 5 8 0 6 4 3 10 4]
STATE|3|1|7|6|forageCount|1.24
STATE|3|1|7|6|forageMass|7.36
STATE|3|1|7|6|fenced?|false
STATE|3|1|7|6|attacked?|true
STATE|3|1|7|6|cropped|true
STATE|3|1|7|6|totalLivestock|[7 7 4 8 10 7 4 0 2 9 4 8 3 8 9 10 10 9 4 9]
STATE|3|1|7|6|treeCount|6.93
STATE|3|1|7|6|grassMass|7.06
STATE|3|1|7|6|pAttack|5.95
STATE|3|1|7|6|arable|true
STATE|3|1|7|6|totalHarvest|5.14
STATE|3|1|7|6|animalLoss|2.65
STATE|3|1|7|6|ownedBy|0
STATE|3|1|7|6|village|0
STATE|3|1|7|6|shared?|true
STATE|3|1|7|7|animalCount|[6 7 1 10 5 9 5 10 9 9 3 2 2 8 8 2 6 8 6 1]
STATE|3|1|7|7|forageCount|4.43
STATE|3|1|7|7|forageMass|5.16
STATE|3|1|7|7|fenced?|false
STATE|3|1|7|7|attacked?|true
STATE|3|1|7|7|cropped|false
STATE|3|1|7|7|totalLivestock|[6 8 5 5 10 8 9 0 1 10 2 8 3 1 9 6 1 0 9 4]
STATE|3|1|7|7|treeCount|2.58
STATE|3|1|7|7|grassMass|7.68
STATE|3|1|7|7|pAttack|8.21
STATE|3|1|7|7|arable|false
STATE|3|1|7|7|totalHarvest|6.29
STATE|3|1|7|7|animalLoss|7.79
STATE|3|1|7|7|ownedBy|2
STATE|3|1|7|7|village|0
STATE|3|1|7|7|shared?|false
CHOICE|3|1|1|7|3|4|12:34:31.000 PM 28-Sep-2026
CHOICE|3|1|1|5|7|-99|12:34:46.000 PM 28-Sep-2026
CHOICE|3|1|1|5|7|1|12:34:48.000 PM 28-Sep-2026
CONFIRM|3|1|1|12:34:49.000 PM 28-Sep-2026
CHOICE|3|1|2|4|2|4|12:34:57.000 PM 28-Sep-2026
CHOICE|3|1|2|1|4|3|12:35:00.000 PM 28-Sep-2026
CONFIRM|3|1|2|12:35:11.000 PM 28-Sep-2026
CHOICE|3|1|3|3|4|-99|12:35:14.000 PM 28-Sep-2026
CHOICE|3|1|3|1|2|1|12:35:25.000 PM 28-Sep-2026
CHOICE|3|1|3|7|3|4|12:35:28.000 PM 28-Sep-2026
CONFIRM|3|1|3|12:35:30.000 PM 28-Sep-2026
CHOICE|3|1|4|1|1|-99|12:35:42.000 PM 28-Sep-2026
CONFIRM|3|1|4|12:35:57.000 PM 28-Sep-2026
CHOICE|3|1|5|6|2|2|12:35:58.000 PM 28-Sep-2026
CONFIRM|3|1|5|12:36:05.000 PM 28-Sep-2026
CHOICE|3|1|6|6|7|4|12:36:13.000 PM 28-Sep-2026
CHOICE|3|1|6|6|7|4|12:36:20.000 PM 28-Sep-2026
CHOICE|3|1|6|7|1|2|12:36:25.000 PM 28-Sep-2026
CONFIRM|3|1|6|12:36:32.000 PM 28-Sep-2026
CHOICE|3|1|7|7|1|1|12:36:41.000 PM 28-Sep-2026
CONFIRM|3|1|7|12:36:51.000 PM 28-Sep-2026
CHOICE|3|1|8|1|6|-99|12:36:57.000 PM 28-Sep-2026
CONFIRM|3|1|8|12:37:02.000 PM 28-Sep-2026
CHOICE|3|1|9|0|5|3|12:37:03.000 PM 28-Sep-2026
CHOICE|3|1|9|0|5|3|12:37:08.000 PM 28-Sep-2026
CHOICE|3|1|9|0|5|3|12:37:11.000 PM 28-Sep-2026
CONFIRM|3|1|9|12:37:12.000 PM 28-Sep-2026
CHOICE|3|1|10|5|7|-99|12:37:19.000 PM 28-Sep-2026
CHOICE|3|1|10|3|4|-99|12:37:27.000 PM 28-Sep-2026
CONFIRM|3|1|10|12:37:28.000 PM 28-Sep-2026
CHOICE|3|1|11|4|4|1|12:37:30.000 PM 28-Sep-2026
CHOICE|3|1|11|6|0|2|12:37:41.000 PM 28-Sep-2026
CHOICE|3|1|11|6|0|1|12:37:42.000 PM 28-Sep-2026
CONFIRM|3|1|11|12:37:47.000 PM 28-Sep-2026
CHOICE|3|1|12|7|0|1|12:37:54.000 PM 28-Sep-2026
CHOICE|3|1|12|7|0|1|12:38:00.000 PM 28-Sep-2026
CHOICE|3|1|12|4|4|1|12:38:10.000 PM 28-Sep-2026
CONFIRM|3|1|12|12:38:21.000 PM 28-Sep-2026
CHOICE|3|1|13|0|0|3|12:38:30.000 PM 28-Sep-2026
CHOICE|3|1|13|0|0|2|12:38:36.000 PM 28-Sep-2026
CONFIRM|3|1|13|12:38:42.000 PM 28-Sep-2026
CHOICE|3|1|14|2|5|1|12:38:49.000 PM 28-Sep-2026
CHOICE|3|1|14|4|2|4|12:38:51.000 PM 28-Sep-2026
CHOICE|3|1|14|4|2|3|12:39:06.000 PM 28-Sep-2026
CONFIRM|3|1|14|12:39:10.000 PM 28-Sep-2026
CHOICE|3|1|15|3|7|2|12:39:18.000 PM 28-Sep-2026
CHOICE|3|1|15|6|0|1|12:39:23.000 PM 28-Sep-2026
CONFIRM|3|1|15|12:39:37.000 PM 28-Sep-2026
CHOICE|3|1|16|5|0|3|12:39:39.000 PM 28-Sep-2026
CHOICE|3|1|16|5|0|4|12:39:53.000 PM 28-Sep-2026
CONFIRM|3|1|16|12:40:08.000 PM 28-Sep-2026
CHOICE|3|1|17|7|1|4|12:40:11.000 PM 28-Sep-2026
CHOICE|3|1|17|6|0|1|12:40:23.000 PM 28-Sep-2026
CHOICE|3|1|17|6|0|2|12:40:31.000 PM 28-Sep-2026
CONFIRM|3|1|17|12:40:35.000 PM 28-Sep-2026
CHOICE|3|1|18|2|7|1|12:40:44.000 PM 28-Sep-2026
CHOICE|3|1|18|2|7|3|12:40:59.000 PM 28-Sep-2026
CHOICE|3|1|18|7|5|2|12:41:08.000 PM 28-Sep-2026
CONFIRM|3|1|18|12:41:18.000 PM 28-Sep-2026
CHOICE|3|1|19|3|3|2|12:41:26.000 PM 28-Sep-2026
CHOICE|3|1|19|4|2|2|12:41:35.000 PM 28-Sep-2026
CHOICE|3|1|19|3|5|1|12:41:40.000 PM 28-Sep-2026
CONFIRM|3|1|19|12:41:43.000 PM 28-Sep-2026
CHOICE|3|1|20|1|7|3|12:41:49.000 PM 28-Sep-2026
CHOICE|3|1|20|3|4|3|12:41:56.000 PM 28-Sep-2026
CHOICE|3|1|20|0|5|3|12:41:59.000 PM 28-Sep-2026
CONFIRM|3|1|20|12:42:13.000 PM 28-Sep-2026
SCORE|3|1|1|5|55|1
SCORE|3|1|2|11|60|0
SCORE|3|1|3|16|51|0
SCORE|3|1|4|6|55|3
SCORE|3|1|5|15|38|17
SCORE|3|1|6|0|29|9
SCORE|3|1|7|2|37|17
SCORE|3|1|8|9|20|14
SCORE|3|1|9|9|42|3
SCORE|3|1|10|8|36|16
SCORE|3|1|11|1|21|4
SCORE|3|1|12|12|56|18
SCORE|3|1|13|19|23|2
SCORE|3|1|14|18|44|6
SCORE|3|1|15|15|47|15
SCORE|3|1|16|14|15|17
SCORE|3|1|17|2|31|15
SCORE|3|1|18|7|22|9
SCORE|3|1|19|3|26|0
SCORE|3|1|20|17|21|12
PHASE|phase-3-2|12:42:22.000 PM 28-Sep-2026
STATE|3|2|0|0|animalCount|[4 6 2 2 1 2 2 1 7 4 9 3 0 1 0 0 6 9 0 4]
STATE|3|2|0|0|forageCount|5.93
STATE|3|2|0|0|forageMass|1.63
STATE|3|2|0|0|fenced?|false
STATE|3|2|0|0|attacked?|true
STATE|3|2|0|0|cropped|false
STATE|3|2|0|0|totalLivestock|[0 3 6 8 0 4 2 6 10 3 10 0 10 6 10 10 0 5 6 2]
STATE|3|2|0|0|treeCount|8.39
STATE|3|2|0|0|grassMass|3.19
STATE|3|2|0|0|pAttack|7.93
STATE|3|2|0|0|arable|true
STATE|3|2|0|0|totalHarvest|1.24
STATE|3|2|0|0|animalLoss|1.24
STATE|3|2|0|0|ownedBy|3
STATE|3|2|0|0|village|0
STATE|3|2|0|0|shared?|false
STATE|3|2|0|1|animalCount|[0 0 10 5 10 8 4 0 10 0 3 1 0 0 9 2 10 5 4 1]
STATE|3|2|0|1|forageCount|1.18
STATE|3|2|0|1|forageMass|9.66
STATE|3|2|0|1|fenced?|false
STATE|3|2|0|1|attacked?|false
STATE|3|2|0|1|cropped|false
STATE|3|2|0|1|totalLivestock|[9 0 9 8 5 5 2 8 9 7 5 1 7 9 3 2 3 9 8 5]
STATE|3|2|0|1|treeCount|0.67
STATE|3|2|0|1|grassMass|5.59
STATE|3|2|0|1|pAttack|0.51
STATE|3|2|0|1|arable|true
STATE|3|2|0|1|totalHarvest|0.11
STATE|3|2|0|1|animalLoss|9.08
STATE|3|2|0|1|ownedBy|3
STATE|3|2|0|1|village|2
STATE|3|2|0|1|shared?|false
STATE|3|2|0|2|animalCount|[1 3 3 6 9 0 8 10 1 9 5 6 3 4 1 2 6 2 2 8]
STATE|3|2|0|2|forageCount|3.4
STATE|3|2|0|2|forageMass|5.51
STATE|3|2|0|2|fenced?|true
STATE|3|2|0|2|attacked?|false
STATE|3|2|0|2|cropped|false
STATE|3|2|0|2|totalLivestock|[10 3 4 9 3 6 0 10 2 6 10 6 2 9 0 0 2 0 6 7]
STATE|3|2|0|2|treeCount|6.12
STATE|3|2|0|2|grassMass|9.62
STATE|3|2|0|2|pAttack|5.4
STATE|3|2|0|2|arable|false
STATE|3|2|0|2|totalHarvest|9.72
STATE|3|2|0|2|animalLoss|0.3
STATE|3|2|0|2|ownedBy|1
STATE|3|2|0|2|village|1
STATE|3|2|0|2|shared?|false
STATE|3|2|0|3|animalCount|[5 7 4 2 10 7 8 10 4 3 0 10 3 1 2 10 2 0 3 1]
STATE|3|2|0|3|forageCount|5.49
STATE|3|2|0|3|forageMass|1.96
STATE|3|2|0|3|fenced?|true
STATE|3|2|0|3|attacked?|true
STATE|3|2|0|3|cropped|true
STATE|3|2|0|3|totalLivestock|[1 7 7 4 5 4 7 8 7 8 3 2 10 1 10 7 3 2 1 4]
STATE|3|2|0|3|treeCount|5.44
STATE|3|2|0|3|grassMass|3.54
STATE|3|2|0|3|pAttack|8.27
STATE|3|2|0|3|arable|true
STATE|3|2|0|3|totalHarvest|2.92
STATE|3|2|0|3|animalLoss|8.83
STATE|3|2|0|3|ownedBy|3
STATE|3|2|0|3|village|0
STATE|3|2|0|3|shared?|true
STATE|3|2|0|4|animalCount|[1 4 8 4 4 6 2 9 0 3 6 2 9 0 1 0 2 3 0 4]
STATE|3|2|0|4|forageCount|9.14
STATE|3|2|0|4|forageMass|3.9
STATE|3|2|0|4|fenced?|false
STATE|3|2|0|4|attacked?|false
STATE|3|2|0|4|cropped|true
STATE|3|2|0|4|totalLivestock|[3 4 2 0 8 4 6 9 6 10 10 1 9 3 6 8 2 3 2 6]
STATE|3|2|0|4|treeCount|3.94
STATE|3|2|0|4|grassMass|6.11
STATE|3|2|0|4|pAttack|9.15
STATE|3|2|0|4|arable|false
STATE|3|2|0|4|totalHarvest|8.74
STATE|3|2|0|4|animalLoss|1.55
STATE|3|2|0|4|ownedBy|0
STATE|3|2|0|4|village|3
STATE|3|2|0|4|shared?|false
STATE|3|2|0|5|animalCount|[0 6 3 0 5 3 5 10 0 4 6 8 10 2 6 4 1 8 9 10]
STATE|3|2|0|5|forageCount|2.64
STATE|3|2|0|5|forageMass|9.13
STATE|3|2|0|5|fenced?|true
STATE|3|2|0|5|attacked?|false
STATE|3|2|0|5|cropped|false
STATE|3|2|0|5|totalLivestock|[5 2 2 0 1 2 6 5 9 6 9 1 10 3 9 5 3 10 10 9]
STATE|3|2|0|5|treeCount|6.84
STATE|3|2|0|5|grassMass|9.21
STATE|3|2|0|5|pAttack|5.7
STATE|3|2|0|5|arable|false
STATE|3|2|0|5|totalHarvest|0.99
STATE|3|2|0|5|animalLoss|3.37
STATE|3|2|0|5|ownedBy|2
STATE|3|2|0|5|village|3
STATE|3|2|0|5|shared?|false
STATE|3|2|0|6|animalCount|[8 0 1 3 5 2 2 6 7 10 1 1 0 8 7 5 5 6 5 2]
STATE|3|2|0|6|forageCount|4.78
STATE|3|2|0|6|forageMass|3.46
STATE|3|2|0|6|fenced?|false
STATE|3|2|0|6|attacked?|true
STATE|3|2|0|6|cropped|true
STATE|3|2|0|6|totalLivestock|[10 0 4 0 7 0 8 0 2 7 6 8 9 6 5 7 0 0 9 2]
STATE|3|2|0|6|treeCount|1.76
STATE|3|2|0|6|grassMass|0.54
STATE|3|2|0|6|pAttack|2.22
STATE|3|2|0|6|arable|true
STATE|3|2|0|6|totalHarvest|8.09
STATE|3|2|0|6|animalLoss|7.97
STATE|3|2|0|6|ownedBy|2
STATE|3|2|0|6|village|1
STATE|3|2|0|6|shared?|false
STATE|3|2|0|7|animalCount|[7 9 7 7 1 9 0 9 3 5 2 4 2 2 4 4 7 5 2 4]
STATE|3|2|0|7|forageCount|7.18
STATE|3|2|0|7|forageMass|4.14
STATE|3|2|0|7|fenced?|false
STATE|3|2|0|7|attacked?|false
STATE|3|2|0|7|cropped|true
STATE|3|2|0|7|totalLivestock|[4 2 10 10 5 1 8 6 1 0 7 7 3 0 9 8 4 3 1 4]
STATE|3|2|0|7|treeCount|1.66
STATE|3|2|0|7|grassMass|0.51
STATE|3|2|0|7|pAttack|7.92
STATE|3|2|0|7|arable|false
STATE|3|2|0|7|totalHarvest|9.32
STATE|3|2|0|7|animalLoss|1.79
STATE|3|2|0|7|ownedBy|3
STATE|3|2|0|7|village|3
STATE|3|2|0|7|shared?|true
STATE|3|2|1|0|animalCount|[8 2 7 0 8 7 7 3 9 9 3 10 6 9 8 1 3 8 9 6]
STATE|3|2|1|0|forageCount|4.07
STATE|3|2|1|0|forageMass|8.35
STATE|3|2|1|0|fenced?|false
STATE|3|2|1|0|attacked?|false
STATE|3|2|1|0|cropped|true
STATE|3|2|1|0|totalLivestock|[3 10 6 1 4 9 5 1 3 2 7 0 7 2 0 5 5 2 0 2]
STATE|3|2|1|0|treeCount|4.85
STATE|3|2|1|0|grassMass|9.42
STATE|3|2|1|0|pAttack|6.91
STATE|3|2|1|0|arable|true
STATE|3|2|1|0|totalHarvest|9.97
STATE|3|2|1|0|animalLoss|1.29
STATE|3|2|1|0|ownedBy|3
STATE|3|2|1|0|village|0
STATE|3|2|1|0|shared?|false
STATE|3|2|1|1|animalCount|[2 3 7 0 10 4 4 1 7 10 7 2 8 1 7 8 9 7 5 8]
STATE|3|2|1|1|forageCount|8.14
STATE|3|2|1|1|forageMass|5.66
STATE|3|2|1|1|fenced?|false
STATE|3|2|1|1|attacked?|false
STATE|3|2|1|1|cropped|true
STATE|3|2|1|1|totalLivestock|[9 2 3 6 0 10 8 2 3 0 2 2 7 2 8 7 7 7 1 1]
STATE|3|2|1|1|treeCount|9.93
STATE|3|2|1|1|grassMass|0.67
STATE|3|2|1|1|pAttack|5.61
STATE|3|2|1|1|arable|false
STATE|3|2|1|1|totalHarvest|5.3
STATE|3|2|1|1|animalLoss|8.28
STATE|3|2|1|1|ownedBy|2
STATE|3|2|1|1|village|3
STATE|3|2|1|1|shared?|true
STATE|3|2|1|2|animalCount|[5 4 5 6 1 2 1 3 8 1 2 0 9 8 4 1 7 9 6 1]
STATE|3|2|1|2|forageCount|2.19
STATE|3|2|1|2|forageMass|0.34
STATE|3|2|1|2|fenced?|true
STATE|3|2|1|2|attacked?|false
STATE|3|2|1|2|cropped|true
STATE|3|2|1|2|totalLivestock|[5 4 2 4 6 3 8 5 10 3 1 9 1 2 2 1 4 8 10 2]
STATE|3|2|1|2|treeCount|0.1
STATE|3|2|1|2|grassMass|8.53
STATE|3|2|1|2|pAttack|5.8
STATE|3|2|1|2|arable|true
STATE|3|2|1|2|totalHarvest|3.07
STATE|3|2|1|2|animalLoss|6.82
STATE|3|2|1|2|ownedBy|0
STATE|3|2|1|2|village|3
STATE|3|2|1|2|shared?|true
STATE|3|2|1|3|animalCount|[2 10 6 7 9 7 7 6 3 8 10 5 3 0 1 0 1 5 3 10]
STATE|3|2|1|3|forageCount|2.59
STATE|3|2|1|3|forageMass|2.77
STATE|3|2|1|3|fenced?|true
STATE|3|2|1|3|attacked?|false
STATE|3|2|1|3|cropped|false
STATE|3|2|1|3|totalLivestock|[2 6 4 9 9 0 10 3 6 5 7 3 7 4 2 0 9 3 9 9]
STATE|3|2|1|3|treeCount|3.4
STATE|3|2|1|3|grassMass|6.64
STATE|3|2|1|3|pAttack|3.27
STATE|3|2|1|3|arable|true
STATE|3|2|1|3|totalHarvest|1.04
STATE|3|2|1|3|animalLoss|0.19
STATE|3|2|1|3|ownedBy|2
STATE|3|2|1|3|village|1
STATE|3|2|1|3|shared?|false
STATE|3|2|1|4|animalCount|[1 10 9 10 6 4 10 4 5 10 5 4 3 0 0 4 6 1 6 8]
STATE|3|2|1|4|forageCount|7.7
STATE|3|2|1|4|forageMass|4.81
STATE|3|2|1|4|fenced?|false
STATE|3|2|1|4|attacked?|true
STATE|3|2|1|4|cropped|false
STATE|3|2|1|4|totalLivestock|[10 1 4 3 10 0 3 8 10 0 7 9 6 0 8 6 8 0 5 3]
STATE|3|2|1|4|treeCount|7.51
STATE|3|2|1|4|grassMass|9.46
STATE|3|2|1|4|pAttack|6.83
STATE|3|2|1|4|arable|false
STATE|3|2|1|4|totalHarvest|6.0
STATE|3|2|1|4|animalLoss|8.53
STATE|3|2|1|4|ownedBy|1
STATE|3|2|1|4|village|2
STATE|3|2|1|4|shared?|true
STATE|3|2|1|5|animalCount|[9 6 9 0 7 4 7 5 8 9 1 6 4 4 6 10 6 8 4 3]
STATE|3|2|1|5|forageCount|2.45
STATE|3|2|1|5|forageMass|8.56
STATE|3|2|1|5|fenced?|true
STATE|3|2|1|5|attacked?|true
STATE|3|2|1|5|cropped|true
STATE|3|2|1|5|totalLivestock|[2 9 7 5 9 2 3 4 10 1 7 1 5 3 2 1 2 7 5 2]
STATE|3|2|1|5|treeCount|2.7
STATE|3|2|1|5|grassMass|1.99
STATE|3|2|1|5|pAttack|2.44
STATE|3|2|1|5|arable|false
STATE|3|2|1|5|totalHarvest|5.94
STATE|3|2|1|5|animalLoss|6.58
STATE|3|2|1|5|ownedBy|0
STATE|3|2|1|5|village|3
STATE|3|2|1|5|shared?|true
STATE|3|2|1|6|animalCount|[9 5 4 0 6 5 9 0 3 10 8 2 9 3 1 5 6 1 6 9]
STATE|3|2|1|6|forageCount|1.26
STATE|3|2|1|6|forageMass|2.05
STATE|3|2|1|6|fenced?|true
STATE|3|2|1|6|attacked?|false
STATE|3|2|1|6|cropped|false
STATE|3|2|1|6|totalLivestock|[3 10 10 3 0 3 0 10 1 7 1 3 1 6 8 5 2 8 3 1]
STATE|3|2|1|6|treeCount|0.85
STATE|3|2|1|6|grassMass|2.9
STATE|3|2|1|6|pAttack|8.18
STATE|3|2|1|6|arable|false
STATE|3|2|1|6|totalHarvest|7.24
STATE|3|2|1|6|animalLoss|5.58
STATE|3|2|1|6|ownedBy|3
STATE|3|2|1|6|village|2
STATE|3|2|1|6|shared?|true
STATE|3|2|1|7|animalCount|[5 4 4 3 5 0 1 0 8 3 5 2 5 5 5 2 10 2 7 10]
STATE|3|2|1|7|forageCount|4.7
STATE|3|2|1|7|forageMass|7.96
STATE|3|2|1|7|fenced?|false
STATE|3|2|1|7|attacked?|false
STATE|3|2|1|7|cropped|true
STATE|3|2|1|7|totalLivestock|[6 5 0 4 1 3 8 2 1 6 9 8 9 8 10 0 7 4 9 2]
STATE|3|2|1|7|treeCount|8.92
STATE|3|2|1|7|grassMass|3.12
STATE|3|2|1|7|pAttack|2.04
STATE|3|2|1|7|arable|true
STATE|3|2|1|7|totalHarvest|6.54
STATE|3|2|1|7|animalLoss|6.07
STATE|3|2|1|7|ownedBy|2
STATE|3|2|1|7|village|0
STATE|3|2|1|7|shared?|true
STATE|3|2|2|0|animalCount|[0 0 2 2 1 9 7 2 8 8 7 6 3 0 2 6 5 4 5 7]
STATE|3|2|2|0|forageCount|4.31
STATE|3|2|2|0|forageMass|9.59
STATE|3|2|2|0|fenced?|false
STATE|3|2|2|0|attacked?|true
STATE|3|2|2|0|cropped|false
STATE|3|2|2|0|totalLivestock|[4 8 2 1 8 3 4 9 3 2 0 7 3 7 10 10 8 4 6 0]
STATE|3|2|2|0|treeCount|7.17
STATE|3|2|2|0|grassMass|9.27
STATE|3|2|2|0|pAttack|3.67
STATE|3|2|2|0|arable|false
STATE|3|2|2|0|totalHarvest|9.37
STATE|3|2|2|0|animalLoss|2.21
STATE|3|2|2|0|ownedBy|1
STATE|3|2|2|0|village|0
STATE|3|2|2|0|shared?|false
STATE|3|2|2|1|animalCount|[5 9 6 7 10 9 8 0 1 3 3 6 4 7 8 4 2 10 9 2]
STATE|3|2|2|1|forageCount|7.81
STATE|3|2|2|1|forageMass|6.31
STATE|3|2|2|1|fenced?|false
STATE|3|2|2|1|attacked?|true
STATE|3|2|2|1|cropped|true
STATE|3|2|2|1|totalLivestock|[3 1 0 6 0 2 8 0 10 10 9 5 9 1 6 4 2 6 6 4]
STATE|3|2|2|1|treeCount|3.54
STATE|3|2|2|1|grassMass|8.94
STATE|3|2|2|1|pAttack|0.1
STATE|3|2|2|1|arable|true
STATE|3|2|2|1|totalHarvest|9.9
STATE|3|2|2|1|animalLoss|5.75
STATE|3|2|2|1|ownedBy|0
STATE|3|2|2|1|village|0
STATE|3|2|2|1|shared?|true
STATE|3|2|2|2|animalCount|[2 4 6 7 5 6 3 6 8 7 5 10 5 7 1 9 3 8 6 10]
STATE|3|2|2|2|forageCount|6.84
STATE|3|2|2|2|forageMass|9.77
STATE|3|2|2|2|fenced?|true
STATE|3|2|2|2|attacked?|false
STATE|3|2|2|2|cropped|true
STATE|3|2|2|2|totalLivestock|[1 7 5 6 8 10 2 8 3 4 8 4 1 0 2 9 6 6 6 0]
STATE|3|2|2|2|treeCount|9.1
STATE|3|2|2|2|grassMass|7.73
STATE|3|2|2|2|pAttack|3.83
STATE|3|2|2|2|arable|true
STATE|3|2|2|2|totalHarvest|9.9
STATE|3|2|2|2|animalLoss|5.39
STATE|3|2|2|2|ownedBy|3
STATE|3|2|2|2|village|1
STATE|3|2|2|2|shared?|true
STATE|3|2|2|3|animalCount|[3 0 8 2 3 6 2 4 3 3 4 2 6 10 9 5 2 6 3 6]
STATE|3|2|2|3|forageCount|4.01
STATE|3|2|2|3|forageMass|8.98
STATE|3|2|2|3|fenced?|false
STATE|3|2|2|3|attacked?|true
STATE|3|2|2|3|cropped|true
STATE|3|2|2|3|totalLivestock|[4 0 8 10 5 7 4 6 8 2 0 2 0 8 0 4 5 7 8 1]
STATE|3|2|2|3|treeCount|2.23
STATE|3|2|2|3|grassMass|1.88
STATE|3|2|2|3|pAttack|6.5
STATE|3|2|2|3|arable|false
STATE|3|2|2|3|totalHarvest|8.79
STATE|3|2|2|3|animalLoss|2.18
STATE|3|2|2|3|ownedBy|0
STATE|3|2|2|3|village|1
STATE|3|2|2|3|shared?|true
STATE|3|2|2|4|animalCount|[7 0 10 0 9 2 1 5 3 9 4 3 4 10 5 8 10 9 4 0]
STATE|3|2|2|4|forageCount|5.1
STATE|3|2|2|4|forageMass|4.33
STATE|3|2|2|4|fenced?|false
STATE|3|2|2|4|attacked?|false
STATE|3|2|2|4|cropped|false
STATE|3|2|2|4|totalLivestock|[8 9 10 8 9 10 9 3 0 9 6 7 5 9 8 9 4 7 7 1]
STATE|3|2|2|4|treeCount|8.35
STATE|3|2|2|4|grassMass|9.29
STATE|3|2|2|4|pAttack|0.55
STATE|3|2|2|4|arable|true
STATE|3|2|2|4|totalHarvest|5.21
STATE|3|2|2|4|animalLoss|2.88
STATE|3|2|2|4|ownedBy|2
STATE|3|2|2|4|village|3
STATE|3|2|2|4|shared?|true
STATE|3|2|2|5|animalCount|[10 8 1 10 8 3 10 2 7 10 6 4 5 5 10 3 7 1 10 6]
STATE|3|2|2|5|forageCount|6.38
STATE|3|2|2|5|forageMass|0.2
STATE|3|2|2|5|fenced?|false
STATE|3|2|2|5|attacked?|false
STATE|3|2|2|5|cropped|true
STATE|3|2|2|5|totalLivestock|[0 8 1 10 8 4 4 3 9 4 9 7 7 8 6 9 1 9 9 9]
STATE|3|2|2|5|treeCount|1.62
STATE|3|2|2|5|grassMass|8.15
STATE|3|2|2|5|pAttack|1.6
STATE|3|2|2|5|arable|false
STATE|3|2|2|5|totalHarvest|2.6
STATE|3|2|2|5|animalLoss|4.36
STATE|3|2|2|5|ownedBy|0
STATE|3|2|2|5|village|3
STATE|3|2|2|5|shared?|false
STATE|3|2|2|6|animalCount|[2 6 6 6 2 4 4 5 6 2 5 10 9 0 9 6 1 8 1 3]
STATE|3|2|2|6|forageCount|7.08
STATE|3|2|2|6|forageMass|5.72
STATE|3|2|2|6|fenced?|true
STATE|3|2|2|6|attacked?|false
STATE|3|2|2|6|cropped|true
STATE|3|2|2|6|totalLivestock|[5 4 3 6 1 2 5 6 5 1 8 9 0 7 4 10 10 10 2 1]
STATE|3|2|2|6|treeCount|3.75
STATE|3|2|2|6|grassMass|3.95
STATE|3|2|2|6|pAttack|9.28
STATE|3|2|2|6|arable|false
STATE|3|2|2|6|totalHarvest|6.68
STATE|3|2|2|6|animalLoss|3.05
STATE|3|2|2|6|ownedBy|3
STATE|3|2|2|6|village|3
STATE|3|2|2|6|shared?|false
STATE|3|2|2|7|animalCount|[3 7 4 5 3 10 6 8 4 9 7 1 8 9 7 9 9 3 4 2]
STATE|3|2|2|7|forageCount|8.13
STATE|3|2|2|7|forageMass|9.36
STATE|3|2|2|7|fenced?|false
STATE|3|2|2|7|attacked?|false
STATE|3|2|2|7|cropped|false
STATE|3|2|2|7|totalLivestock|[10 2 7 7 7 3 5 2 6 7 9 8 0 1 8 8 7 8 8 8]
STATE|3|2|2|7|treeCount|8.74
STATE|3|2|2|7|grassMass|8.15
STATE|3|2|2|7|pAttack|7.24
STATE|3|2|2|7|arable|false
STATE|3|2|2|7|totalHarvest|4.0
STATE|3|2|2|7|animalLoss|6.23
STATE|3|2|2|7|ownedBy|0
STATE|3|2|2|7|village|2
STATE|3|2|2|7|shared?|false
STATE|3|2|3|0|animalCount|[0 10 4 2 6 4 8 1 5 7 6 0 5 8 9 3 8 10 4 4]
STATE|3|2|3|0|forageCount|1.43
STATE|3|2|3|0|forageMass|0.33
STATE|3|2|3|0|fenced?|true
STATE|3|2|3|0|attacked?|true
STATE|3|2|3|0|cropped|false
STATE|3|2|3|0|totalLivestock|[3 4 4 1 8 9 9 10 5 2 1 5 4 9 6 9 0 6 6 4]
STATE|3|2|3|0|treeCount|2.31
STATE|3|2|3|0|grassMass|1.97
STATE|3|2|3|0|pAttack|3.83
STATE|3|2|3|0|arable|true
STATE|3|2|3|0|totalHarvest|7.82
STATE|3|2|3|0|animalLoss|0.44
STATE|3|2|3|0|ownedBy|3
STATE|3|2|3|0|village|1
STATE|3|2|3|0|shared?|false
STATE|3|2|3|1|animalCount|[9 6 7 1 4 6 1 0 7 2 0 2 4 9 8 5 10 4 1 6]
STATE|3|2|3|1|forageCount|7.37
STATE|3|2|3|1|forageMass|5.58
STATE|3|2|3|1|fenced?|false
STATE|3|2|3|1|attacked?|true
STATE|3|2|3|1|cropped|true
STATE|3|2|3|1|totalLivestock|[9 0 2 6 10 9 4 1 8 0 2 1 8 3 6 0 7 0 5 0]
STATE|3|2|3|1|treeCount|5.58
STATE|3|2|3|1|grassMass|0.12
STATE|3|2|3|1|pAttack|3.44
STATE|3|2|3|1|arable|true
STATE|3|2|3|1|totalHarvest|4.24
STATE|3|2|3|1|animalLoss|9.35
STATE|3|2|3|1|ownedBy|1
STATE|3|2|3|1|village|3
STATE|3|2|3|1|shared?|true
STATE|3|2|3|2|animalCount|[6 10 5 7 2 6 5 4 2 5 9 6 6 10 2 0 9 0 5 10]
STATE|3|2|3|2|forageCount|5.62
STATE|3|2|3|2|forageMass|9.68
STATE|3|2|3|2|fenced?|false
STATE|3|2|3|2|attacked?|false
STATE|3|2|3|2|cropped|true
STATE|3|2|3|2|totalLivestock|[1 3 1 5 0 9 9 7 1 0 4 6 1 5 4 7 9 3 7 9]
STATE|3|2|3|2|treeCount|9.77
STATE|3|2|3|2|grassMass|1.23
STATE|3|2|3|2|pAttack|5.64
STATE|3|2|3|2|arable|false
STATE|3|2|3|2|totalHarvest|6.61
STATE|3|2|3|2|animalLoss|4.08
STATE|3|2|3|2|ownedBy|0
STATE|3|2|3|2|village|2
STATE|3|2|3|2|shared?|true
STATE|3|2|3|3|animalCount|[10 10 10 9 10 3 5 7 10 5 9 9 10 10 7 8 9 2 4 7]
STATE|3|2|3|3|forageCount|2.52
STATE|3|2|3|3|forageMass|8.7
STATE|3|2|3|3|fenced?|false
STATE|3|2|3|3|attacked?|false
STATE|3|2|3|3|cropped|true
STATE|3|2|3|3|totalLivestock|[5 1 10 10 5 2 6 9 8 5 6 0 5 2 0 8 7 7 9 3]
STATE|3|2|3|3|treeCount|1.06
STATE|3|2|3|3|grassMass|0.75
STATE|3|2|3|3|pAttack|7.01
STATE|3|2|3|3|arable|false
STATE|3|2|3|3|totalHarvest|6.82
STATE|3|2|3|3|animalLoss|8.62
STATE|3|2|3|3|ownedBy|3
STATE|3|2|3|3|village|0
STATE|3|2|3|3|shared?|false
STATE|3|2|3|4|animalCount|[5 9 1 8 3 10 1 10 9 4 3 7 8 7 3 10 6 0 10 9]
STATE|3|2|3|4|forageCount|3.28
STATE|3|2|3|4|forageMass|6.02
STATE|3|2|3|4|fenced?|false
STATE|3|2|3|4|attacked?|false
STATE|3|2|3|4|cropped|true
STATE|3|2|3|4|totalLivestock|[5 5 7 4 8 4 4 3 3 7 0 2 7 0 3 3 4 1 0 7]
STATE|3|2|3|4|treeCount|7.7
STATE|3|2|3|4|grassMass|8.32
STATE|3|2|3|4|pAttack|2.25
STATE|3|2|3|4|arable|true
STATE|3|2|3|4|totalHarvest|7.25
STATE|3|2|3|4|animalLoss|7.91
STATE|3|2|3|4|ownedBy|0
STATE|3|2|3|4|village|3
STATE|3|2|3|4|shared?|true
STATE|3|2|3|5|animalCount|[10 7 2 3 8 9 5 4 6 0 4 10 5 0 3 10 4 8 10 9]
STATE|3|2|3|5|forageCount|1.84
STATE|3|2|3|5|forageMass|0.04
STATE|3|2|3|5|fenced?|false
STATE|3|2|3|5|attacked?|false
STATE|3|2|3|5|cropped|false
STATE|3|2|3|5|totalLivestock|[5 1 8 9 3 7 9 10 10 9 5 10 9 6 7 8 10 3 9 2]
STATE|3|2|3|5|treeCount|5.09
STATE|3|2|3|5|grassMass|5.53
STATE|3|2|3|5|pAttack|6.3
STATE|3|2|3|5|arable|true
STATE|3|2|3|5|totalHarvest|0.53
STATE|3|2|3|5|animalLoss|4.74
STATE|3|2|3|5|ownedBy|3
STATE|3|2|3|5|village|2
STATE|3|2|3|5|shared?|true
STATE|3|2|3|6|animalCount|[3 2 0 7 3 2 0 0 3 2 0 7 4 5 8 5 0 2 0 0]
STATE|3|2|3|6|forageCount|9.51
STATE|3|2|3|6|forageMass|8.77
STATE|3|2|3|6|fenced?|true
STATE|3|2|3|6|attacked?|false
STATE|3|2|3|6|cropped|true
STATE|3|2|3|6|totalLivestock|[9 0 1 7 6 7 9 10 3 7 1 8 3 9 3 8 3 3 0 6]
STATE|3|2|3|6|treeCount|5.91
STATE|3|2|3|6|grassMass|2.85
STATE|3|2|3|6|pAttack|6.23
STATE|3|2|3|6|arable|false
STATE|3|2|3|6|totalHarvest|0.13
STATE|3|2|3|6|animalLoss|2.02
STATE|3|2|3|6|ownedBy|0
STATE|3|2|3|6|village|2
STATE|3|2|3|6|shared?|true
STATE|3|2|3|7|animalCount|[10 0 4 10 8 6 2 8 7 5 8 9 10 0 7 6 1 0 8 4]
STATE|3|2|3|7|forageCount|9.29
STATE|3|2|3|7|forageMass|7.39
STATE|3|2|3|7|fenced?|false
STATE|3|2|3|7|attacked?|true
STATE|3|2|3|7|cropped|false
STATE|3|2|3|7|totalLivestock|[10 1 8 2 8 7 4 10 9 9 2 4 3 4 0 5 10 7 1 4]
STATE|3|2|3|7|treeCount|3.25
STATE|3|2|3|7|grassMass|8.46
STATE|3|2|3|7|pAttack|2.05
STATE|3|2|3|7|arable|true
STATE|3|2|3|7|totalHarvest|6.85
STATE|3|2|3|7|animalLoss|0.12
STATE|3|2|3|7|ownedBy|3
STATE|3|2|3|7|village|0
STATE|3|2|3|7|shared?|true
STATE|3|2|4|0|animalCount|[7 1 8 6 3 1 0 10 1 1 5 4 7 9 6 9 9 3 4 5]
STATE|3|2|4|0|forageCount|8.85
STATE|3|2|4|0|forageMass|7.48
STATE|3|2|4|0|fenced?|false
STATE|3|2|4|0|attacked?|false
STATE|3|2|4|0|cropped|true
STATE|3|2|4|0|totalLivestock|[4 5 1 5 2 5 10 7 10 9 5 2 7 10 8 7 6 5 0 3]
STATE|3|2|4|0|treeCount|2.69
STATE|3|2|4|0|grassMass|7.24
STATE|3|2|4|0|pAttack|2.06
STATE|3|2|4|0|arable|false
STATE|3|2|4|0|totalHarvest|3.92
STATE|3|2|4|0|animalLoss|1.69
STATE|3|2|4|0|ownedBy|0
STATE|3|2|4|0|village|3
STATE|3|2|4|0|shared?|true
STATE|3|2|4|1|animalCount|[0 7 8 5 7 1 6 3 8 9 10 8 4 5 4 0 8 7 7 3]
STATE|3|2|4|1|forageCount|2.33
STATE|3|2|4|1|forageMass|4.89
STATE|3|2|4|1|fenced?|true
STATE|3|2|4|1|attacked?|true
STATE|3|2|4|1|cropped|true
STATE|3|2|4|1|totalLivestock|[10 2 4 4 4 8 10 7 7 4 2 1 2 0 3 10 6 10 5 6]
STATE|3|2|4|1|treeCount|3.88
STATE|3|2|4|1|grassMass|7.47
STATE|3|2|4|1|pAttack|0.81
STATE|3|2|4|1|arable|false
STATE|3|2|4|1|totalHarvest|6.19
STATE|3|2|4|1|animalLoss|4.28
STATE|3|2|4|1|ownedBy|1
STATE|3|2|4|1|village|2
STATE|3|2|4|1|shared?|true
STATE|3|2|4|2|animalCount|[8 2 8 8 7 0 9 0 1 8 5 0 1 4 2 6 4 10 7 7]
STATE|3|2|4|2|forageCount|7.86
STATE|3|2|4|2|forageMass|9.42
STATE|3|2|4|2|fenced?|true
STATE|3|2|4|2|attacked?|true
STATE|3|2|4|2|cropped|false
STATE|3|2|4|2|totalLivestock|[3 3 9 2 8 10 1 6 10 8 0 9 3 5 0 4 6 7 6 10]
STATE|3|2|4|2|treeCount|6.34
STATE|3|2|4|2|grassMass|2.42
STATE|3|2|4|2|pAttack|1.25
STATE|3|2|4|2|arable|true
STATE|3|2|4|2|totalHarvest|5.08
STATE|3|2|4|2|animalLoss|3.59
STATE|3|2|4|2|ownedBy|2
STATE|3|2|4|2|village|3
STATE|3|2|4|2|shared?|true
STATE|3|2|4|3|animalCount|[9 4 10 1 10 4 6 4 4 4 7 1 1 6 7 10 8 3 2 10]
STATE|3|2|4|3|forageCount|3.46
STATE|3|2|4|3|forageMass|5.05
STATE|3|2|4|3|fenced?|true
STATE|3|2|4|3|attacked?|true
STATE|3|2|4|3|cropped|false
STATE|3|2|4|3|totalLivestock|[8 8 8 8 4 9 3 5 6 7 3 8 6 0 10 2 7 10 7 9]
STATE|3|2|4|3|treeCount|7.07
STATE|3|2|4|3|grassMass|0.87
STATE|3|2|4|3|pAttack|3.03
STATE|3|2|4|3|arable|true
STATE|3|2|4|3|totalHarvest|0.53
STATE|3|2|4|3|animalLoss|6.94
STATE|3|2|4|3|ownedBy|3
STATE|3|2|4|3|village|0
STATE|3|2|4|3|shared?|true
STATE|3|2|4|4|animalCount|[7 7 0 8 7 9 8 3 5 6 3 6 2 10 4 7 5 8 7 10]
STATE|3|2|4|4|forageCount|6.35
STATE|3|2|4|4|forageMass|5.29
STATE|3|2|4|4|fenced?|true
STATE|3|2|4|4|attacked?|true
STATE|3|2|4|4|cropped|false
STATE|3|2|4|4|totalLivestock|[1 3 6 10 3 6 8 2 3 6 1 7 10 4 6 7 8 9 5 0]
STATE|3|2|4|4|treeCount|1.37
STATE|3|2|4|4|grassMass|4.87
STATE|3|2|4|4|pAttack|8.83
STATE|3|2|4|4|arable|false
STATE|3|2|4|4|totalHarvest|4.56
STATE|3|2|4|4|animalLoss|8.98
STATE|3|2|4|4|ownedBy|0
STATE|3|2|4|4|village|1
STATE|3|2|4|4|shared?|true
STATE|3|2|4|5|animalCount|[4 7 0 6 0 8 6 9 1 1 3 10 9 9 3 2 7 0 3 1]
STATE|3|2|4|5|forageCount|3.15
STATE|3|2|4|5|forageMass|5.55
STATE|3|2|4|5|fenced?|false
STATE|3|2|4|5|attacked?|false
STATE|3|2|4|5|cropped|true
STATE|3|2|4|5|totalLivestock|[10 4 9 8 0 5 3 2 3 5 2 10 7 0 7 3 7 8 10 9]
STATE|3|2|4|5|treeCount|8.14
STATE|3|2|4|5|grassMass|1.88
STATE|3|2|4|5|pAttack|7.74
STATE|3|2|4|5|arable|false
STATE|3|2|4|5|totalHarvest|3.06
STATE|3|2|4|5|animalLoss|8.46
STATE|3|2|4|5|ownedBy|2
STATE|3|2|4|5|village|1
STATE|3|2|4|5|shared?|false
STATE|3|2|4|6|animalCount|[6 9 5 9 9 7 2 0 4 2 10 1 9 2 4 5 8 8 6 5]
STATE|3|2|4|6|forageCount|6.66
STATE|3|2|4|6|forageMass|1.06
STATE|3|2|4|6|fenced?|true
STATE|3|2|4|6|attacked?|false
STATE|3|2|4|6|cropped|false
STATE|3|2|4|6|totalLivestock|[10 6 5 0 5 3 10 8 7 9 9 3 0 10 8 6 2 6 4 10]
STATE|3|2|4|6|treeCount|1.4
STATE|3|2|4|6|grassMass|6.42
STATE|3|2|4|6|pAttack|7.73
STATE|3|2|4|6|arable|true
STATE|3|2|4|6|totalHarvest|7.85
STATE|3|2|4|6|animalLoss|3.88
STATE|3|2|4|6|ownedBy|3
STATE|3|2|4|6|village|2
STATE|3|2|4|6|shared?|false
STATE|3|2|4|7|animalCount|[5 7 1 3 0 3 5 7 5 1 0 4 5 7 1 0 8 7 0 3]
STATE|3|2|4|7|forageCount|4.49
STATE|3|2|4|7|forageMass|3.16
STATE|3|2|4|7|fenced?|false
STATE|3|2|4|7|attacked?|true
STATE|3|2|4|7|cropped|true
STATE|3|2|4|7|totalLivestock|[5 9 1 10 8 10 3 5 5 2 6 4 10 4 7 6 4 8 3 7]
STATE|3|2|4|7|treeCount|5.25
STATE|3|2|4|7|grassMass|1.98
STATE|3|2|4|7|pAttack|4.13
STATE|3|2|4|7|arable|true
STATE|3|2|4|7|totalHarvest|6.5
STATE|3|2|4|7|animalLoss|6.37
STATE|3|2|4|7|ownedBy|1
STATE|3|2|4|7|village|2
STATE|3|2|4|7|shared?|true
STATE|3|2|5|0|animalCount|[8 9 9 3 2 2 0 2 3 6 4 9 4 8 3 2 9 2 4 0]
STATE|3|2|5|0|forageCount|9.58
STATE|3|2|5|0|forageMass|8.91
STATE|3|2|5|0|fenced?|false
STATE|3|2|5|0|attacked?|false
STATE|3|2|5|0|cropped|false
STATE|3|2|5|0|totalLivestock|[7 7 4 10 6 7 1 7 4 3 2 10 8 2 6 3 5 9 10 9]
STATE|3|2|5|0|treeCount|3.29
STATE|3|2|5|0|grassMass|6.28
STATE|3|2|5|0|pAttack|6.49
STATE|3|2|5|0|arable|true
STATE|3|2|5|0|totalHarvest|5.88
STATE|3|2|5|0|animalLoss|5.32
STATE|3|2|5|0|ownedBy|3
STATE|3|2|5|0|village|0
STATE|3|2|5|0|shared?|false
STATE|3|2|5|1|animalCount|[1 0 6 10 1 7 9 1 8 9 10 4 3 4 8 3 3 1 5 2]
STATE|3|2|5|1|forageCount|4.11
STATE|3|2|5|1|forageMass|7.68
STATE|3|2|5|1|fenced?|true
STATE|3|2|5|1|attacked?|true
STATE|3|2|5|1|cropped|false
STATE|3|2|5|1|totalLivestock|[0 8 1 6 9 6 3 3 7 4 6 8 3 5 0 4 7 4 9 4]
STATE|3|2|5|1|treeCount|6.94
STATE|3|2|5|1|grassMass|4.62
STATE|3|2|5|1|pAttack|1.36
STATE|3|2|5|1|arable|true
STATE|3|2|5|1|totalHarvest|9.76
STATE|3|2|5|1|animalLoss|1.21
STATE|3|2|5|1|ownedBy|3
STATE|3|2|5|1|village|1
STATE|3|2|5|1|shared?|true
STATE|3|2|5|2|animalCount|[8 9 4 2 2 10 0 2 6 7 7 9 4 3 2 9 2 7 4 7]
STATE|3|2|5|2|forageCount|3.63
STATE|3|2|5|2|forageMass|1.73
STATE|3|2|5|2|fenced?|false
STATE|3|2|5|2|attacked?|true
STATE|3|2|5|2|cropped|true
STATE|3|2|5|2|totalLivestock|[8 7 2 0 9 6 8 1 3 2 7 8 4 4 5 5 8 0 7 6]
STATE|3|2|5|2|treeCount|9.33
STATE|3|2|5|2|grassMass|4.41
STATE|3|2|5|2|pAttack|2.23
STATE|3|2|5|2|arable|true
STATE|3|2|5|2|totalHarvest|7.26
STATE|3|2|5|2|animalLoss|0.52
STATE|3|2|5|2|ownedBy|0
STATE|3|2|5|2|village|3
STATE|3|2|5|2|shared?|false
STATE|3|2|5|3|animalCount|[2 4 5 0 1 4 3 4 6 8 8 9 5 7 10 3 5 6 3 4]
STATE|3|2|5|3|forageCount|0.12
STATE|3|2|5|3|forageMass|8.6
STATE|3|2|5|3|fenced?|true
STATE|3|2|5|3|attacked?|false
STATE|3|2|5|3|cropped|false
STATE|3|2|5|3|totalLivestock|[1 0 3 4 5 2 2 1 7 5 7 3 0 5 3 1 1 1 3 8]
STATE|3|2|5|3|treeCount|4.88
STATE|3|2|5|3|grassMass|4.44
STATE|3|2|5|3|pAttack|7.4
STATE|3|2|5|3|arable|false
STATE|3|2|5|3|totalHarvest|1.06
STATE|3|2|5|3|animalLoss|1.36
STATE|3|2|5|3|ownedBy|3
STATE|3|2|5|3|village|3
STATE|3|2|5|3|shared?|true
STATE|3|2|5|4|animalCount|[1 7 8 10 9 10 4 2 6 7 0 7 2 4 9 3 9 8 8 5]
STATE|3|2|5|4|forageCount|1.53
STATE|3|2|5|4|forageMass|10.0
STATE|3|2|5|4|fenced?|true
STATE|3|2|5|4|attacked?|false
STATE|3|2|5|4|cropped|false
STATE|3|2|5|4|totalLivestock|[1 9 5 10 10 1 5 2 8 5 1 8 8 5 8 3 7 6 1 9]
STATE|3|2|5|4|treeCount|1.49
STATE|3|2|5|4|grassMass|2.38
STATE|3|2|5|4|pAttack|3.67
STATE|3|2|5|4|arable|false
STATE|3|2|5|4|totalHarvest|5.37
STATE|3|2|5|4|animalLoss|2.4
STATE|3|2|5|4|ownedBy|1
STATE|3|2|5|4|village|2
STATE|3|2|5|4|shared?|false
STATE|3|2|5|5|animalCount|[10 5 4 8 10 7 6 2 1 7 0 1 7 4 5 1 4 3 7 2]
STATE|3|2|5|5|forageCount|4.28
STATE|3|2|5|5|forageMass|3.25
STATE|3|2|5|5|fenced?|true
STATE|3|2|5|5|attacked?|false
STATE|3|2|5|5|cropped|true
STATE|3|2|5|5|totalLivestock|[0 1 8 7 4 2 0 4 2 7 8 1 0 4 6 7 8 4 5 10]
STATE|3|2|5|5|treeCount|9.59
STATE|3|2|5|5|grassMass|3.25
STATE|3|2|5|5|pAttack|8.01
STATE|3|2|5|5|arable|false
STATE|3|2|5|5|totalHarvest|0.92
STATE|3|2|5|5|animalLoss|5.04
STATE|3|2|5|5|ownedBy|3
STATE|3|2|5|5|village|3
STATE|3|2|5|5|shared?|true
STATE|3|2|5|6|animalCount|[6 10 5 9 4 9 4 4 6 5 10 5 6 7 3 1 1 2 0 9]
STATE|3|2|5|6|forageCount|0.71
STATE|3|2|5|6|forageMass|2.71
STATE|3|2|5|6|fenced?|true
STATE|3|2|5|6|attacked?|false
STATE|3|2|5|6|cropped|false
STATE|3|2|5|6|totalLivestock|[3 9 7 7 9 7 8 1 9 4 7 5 7 5 4 3 4 10 3 8]
STATE|3|2|5|6|treeCount|2.65
STATE|3|2|5|6|grassMass|0.31
STATE|3|2|5|6|pAttack|8.93
STATE|3|2|5|6|arable|false
STATE|3|2|5|6|totalHarvest|9.62
STATE|3|2|5|6|animalLoss|4.26
STATE|3|2|5|6|ownedBy|1
STATE|3|2|5|6|village|3
STATE|3|2|5|6|shared?|false
STATE|3|2|5|7|animalCount|[4 0 10 7 10 8 2 2 5 0 4 4 0 7 3 7 10 0 4 1]
STATE|3|2|5|7|forageCount|8.76
STATE|3|2|5|7|forageMass|9.38
STATE|3|2|5|7|fenced?|false
STATE|3|2|5|7|attacked?|true
STATE|3|2|5|7|cropped|true
STATE|3|2|5|7|totalLivestock|[4 4 2 8 2 6 1 4 10 0 0 4 5 3 8 3 3 9 5 9]
STATE|3|2|5|7|treeCount|0.95
STATE|3|2|5|7|grassMass|8.53
STATE|3|2|5|7|pAttack|9.68
STATE|3|2|5|7|arable|true
STATE|3|2|5|7|totalHarvest|4.76
STATE|3|2|5|7|animalLoss|7.78
STATE|3|2|5|7|ownedBy|1
STATE|3|2|5|7|village|2
STATE|3|2|5|7|shared?|true
STATE|3|2|6|0|animalCount|[0 6 6 10 0 8 0 4 9 6 10 6 10 10 7 6 10 8 4 3]
STATE|3|2|6|0|forageCount|7.87
STATE|3|2|6|0|forageMass|6.05
STATE|3|2|6|0|fenced?|true
STATE|3|2|6|0|attacked?|false
STATE|3|2|6|0|cropped|false
STATE|3|2|6|0|totalLivestock|[10 5 2 2 10 2 8 3 10 0 8 6 3 7 6 4 0 0 1 6]
STATE|3|2|6|0|treeCount|3.15
STATE|3|2|6|0|grassMass|5.34
STATE|3|2|6|0|pAttack|0.31
STATE|3|2|6|0|arable|true
STATE|3|2|6|0|totalHarvest|1.96
STATE|3|2|6|0|animalLoss|4.61
STATE|3|2|6|0|ownedBy|3
STATE|3|2|6|0|village|3
STATE|3|2|6|0|shared?|false
STATE|3|2|6|1|animalCount|[1 9 9 4 6 8 0 1 2 6 5 4 9 6 8 5 6 6 7 4]
STATE|3|2|6|1|forageCount|2.43
STATE|3|2|6|1|forageMass|6.87
STATE|3|2|6|1|fenced?|false
STATE|3|2|6|1|attacked?|false
STATE|3|2|6|1|cropped|true
STATE|3|2|6|1|totalLivestock|[8 10 4 3 3 7 7 4 1 3 5 7 1 10 4 5 2 9 6 10]
STATE|3|2|6|1|treeCount|7.39
STATE|3|2|6|1|grassMass|9.59
STATE|3|2|6|1|pAttack|7.7
STATE|3|2|6|1|arable|true
STATE|3|2|6|1|totalHarvest|4.37
STATE|3|2|6|1|animalLoss|6.72
STATE|3|2|6|1|ownedBy|0
STATE|3|2|6|1|village|1
STATE|3|2|6|1|shared?|true
STATE|3|2|6|2|animalCount|[1 3 6 7 3 9 8 9 6 4 8 1 7 2 8 1 5 1 4 10]
STATE|3|2|6|2|forageCount|8.05
STATE|3|2|6|2|forageMass|7.63
STATE|3|2|6|2|fenced?|false
STATE|3|2|6|2|attacked?|true
STATE|3|2|6|2|cropped|true
STATE|3|2|6|2|totalLivestock|[5 4 4 1 6 5 4 5 6 5 5 8 8 10 8 3 3 4 7 6]
STATE|3|2|6|2|treeCount|7.4
STATE|3|2|6|2|grassMass|8.53
STATE|3|2|6|2|pAttack|9.38
STATE|3|2|6|2|arable|true
STATE|3|2|6|2|totalHarvest|4.78
STATE|3|2|6|2|animalLoss|3.15
STATE|3|2|6|2|ownedBy|1
STATE|3|2|6|2|village|1
STATE|3|2|6|2|shared?|false
STATE|3|2|6|3|animalCount|[1 1 2 3 7 6 10 1 6 5 8 3 0 2 10 1 2 1 3 9]
STATE|3|2|6|3|forageCount|9.87
STATE|3|2|6|3|forageMass|7.14
STATE|3|2|6|3|fenced?|true
STATE|3|2|6|3|attacked?|false
STATE|3|2|6|3|cropped|true
STATE|3|2|6|3|totalLivestock|[0 3 10 2 8 6 6 6 5 9 1 6 6 0 10 4 4 10 3 7]
STATE|3|2|6|3|treeCount|8.89
STATE|3|2|6|3|grassMass|3.83
STATE|3|2|6|3|pAttack|3.52
STATE|3|2|6|3|arable|true
STATE|3|2|6|3|totalHarvest|3.82
STATE|3|2|6|3|animalLoss|1.43
STATE|3|2|6|3|ownedBy|3
STATE|3|2|6|3|village|0
STATE|3|2|6|3|shared?|false
STATE|3|2|6|4|animalCount|[1 5 7 1 4 10 10 0 8 4 8 7 2 9 7 4 6 6 0 8]
STATE|3|2|6|4|forageCount|8.87
STATE|3|2|6|4|forageMass|0.99
STATE|3|2|6|4|fenced?|false
STATE|3|2|6|4|attacked?|true
STATE|3|2|6|4|cropped|true
STATE|3|2|6|4|totalLivestock|[1 8 6 5 3 7 1 1 4 9 2 8 4 4 0 6 5 7 7 6]
STATE|3|2|6|4|treeCount|6.25
STATE|3|2|6|4|grassMass|5.52
STATE|3|2|6|4|pAttack|2.6
STATE|3|2|6|4|arable|true
STATE|3|2|6|4|totalHarvest|2.84
STATE|3|2|6|4|animalLoss|4.62
STATE|3|2|6|4|ownedBy|1
STATE|3|2|6|4|village|3
STATE|3|2|6|4|shared?|false
STATE|3|2|6|5|animalCount|[5 8 8 7 3 8 0 9 4 10 6 2 1 5 5 6 7 10 2 5]
STATE|3|2|6|5|forageCount|9.73
STATE|3|2|6|5|forageMass|1.19
STATE|3|2|6|5|fenced?|true
STATE|3|2|6|5|attacked?|false
STATE|3|2|6|5|cropped|false
STATE|3|2|6|5|totalLivestock|[2 7 8 0 2 7 8 2 6 10 0 5 5 0 0 7 8 3 0 2]
STATE|3|2|6|5|treeCount|2.24
STATE|3|2|6|5|grassMass|8.08
STATE|3|2|6|5|pAttack|3.12
STATE|3|2|6|5|arable|false
STATE|3|2|6|5|totalHarvest|3.05
STATE|3|2|6|5|animalLoss|6.82
STATE|3|2|6|5|ownedBy|0
STATE|3|2|6|5|village|0
STATE|3|2|6|5|shared?|false
STATE|3|2|6|6|animalCount|[6 2 5 1 1 7 6 6 10 10 0 4 0 9 3 10 3 1 4 7]
STATE|3|2|6|6|forageCount|6.73
STATE|3|2|6|6|forageMass|7.35
STATE|3|2|6|6|fenced?|false
STATE|3|2|6|6|attacked?|false
STATE|3|2|6|6|cropped|true
STATE|3|2|6|6|totalLivestock|[1 6 5 0 6 0 0 10 3 6 10 5 6 10 9 8 10 5 4 6]
STATE|3|2|6|6|treeCount|8.66
STATE|3|2|6|6|grassMass|3.5
STATE|3|2|6|6|pAttack|9.13
STATE|3|2|6|6|arable|true
STATE|3|2|6|6|totalHarvest|3.61
STATE|3|2|6|6|animalLoss|6.32
STATE|3|2|6|6|ownedBy|3
STATE|3|2|6|6|village|3
STATE|3|2|6|6|shared?|false
STATE|3|2|6|7|animalCount|[0 4 4 8 8 3 4 1 10 7 9 8 10 10 10 8 4 6 0 10]
STATE|3|2|6|7|forageCount|0.12
STATE|3|2|6|7|forageMass|6.92
STATE|3|2|6|7|fenced?|true
STATE|3|2|6|7|attacked?|false
STATE|3|2|6|7|cropped|false
STATE|3|2|6|7|totalLivestock|[10 5 5 10 0 9 4 10 6 6 7 9 6 2 10 4 9 1 3 5]
STATE|3|2|6|7|treeCount|0.53
STATE|3|2|6|7|grassMass|3.42
STATE|3|2|6|7|pAttack|1.32
STATE|3|2|6|7|arable|false
STATE|3|2|6|7|totalHarvest|6.54
STATE|3|2|6|7|animalLoss|8.01
STATE|3|2|6|7|ownedBy|3
STATE|3|2|6|7|village|1
STATE|3|2|6|7|shared?|false
STATE|3|2|7|0|animalCount|[5 4 10 8 6 6 9 9 2 9 4 3 6 4 0 5 2 7 6 10]
STATE|3|2|7|0|forageCount|4.62
STATE|3|2|7|0|forageMass|7.42
STATE|3|2|7|0|fenced?|false
STATE|3|2|7|0|attacked?|false
STATE|3|2|7|0|cropped|true
STATE|3|2|7|0|totalLivestock|[9 0 5 5 9 4 6 2 4 2 1 1 7 8 0 1 6 7 8 0]
STATE|3|2|7|0|treeCount|2.52
STATE|3|2|7|0|grassMass|2.14
STATE|3|2|7|0|pAttack|7.71
STATE|3|2|7|0|arable|false
STATE|3|2|7|0|totalHarvest|3.01
STATE|3|2|7|0|animalLoss|8.06
STATE|3|2|7|0|ownedBy|1
STATE|3|2|7|0|village|0
STATE|3|2|7|0|shared?|false
STATE|3|2|7|1|animalCount|[2 0 2 0 5 4 5 9 4 1 3 4 9 4 3 8 0 0 5 3]
STATE|3|2|7|1|forageCount|7.42
STATE|3|2|7|1|forageMass|2.47
STATE|3|2|7|1|fenced?|true
STATE|3|2|7|1|attacked?|true
STATE|3|2|7|1|cropped|false
STATE|3|2|7|1|totalLivestock|[4 0 6 8 8 9 6 4 2 7 0 4 3 8 9 4 6 8 6 10]
STATE|3|2|7|1|treeCount|3.17
STATE|3|2|7|1|grassMass|9.69
STATE|3|2|7|1|pAttack|3.7
STATE|3|2|7|1|arable|false
STATE|3|2|7|1|totalHarvest|3.62
STATE|3|2|7|1|animalLoss|4.99
STATE|3|2|7|1|ownedBy|2
STATE|3|2|7|1|village|0
STATE|3|2|7|1|shared?|true
STATE|3|2|7|2|animalCount|[1 1 10 1 10 5 7 9 8 0 2 8 9 0 0 8 4 9 7 10]
STATE|3|2|7|2|forageCount|4.79
STATE|3|2|7|2|forageMass|5.48
STATE|3|2|7|2|fenced?|true
STATE|3|2|7|2|attacked?|true
STATE|3|2|7|2|cropped|true
STATE|3|2|7|2|totalLivestock|[10 9 2 10 5 0 9 10 7 0 5 4 0 0 5 10 5 5 3 3]
STATE|3|2|7|2|treeCount|3.32
STATE|3|2|7|2|grassMass|0.98
STATE|3|2|7|2|pAttack|7.85
STATE|3|2|7|2|arable|false
STATE|3|2|7|2|totalHarvest|2.51
STATE|3|2|7|2|animalLoss|0.8
STATE|3|2|7|2|ownedBy|0
STATE|3|2|7|2|village|3
STATE|3|2|7|2|shared?|true
STATE|3|2|7|3|animalCount|[4 6 2 8 5 8 2 4 7 7 9 3 1 10 6 10 6 7 0 10]
STATE|3|2|7|3|forageCount|4.17
STATE|3|2|7|3|forageMass|2.85
STATE|3|2|7|3|fenced?|true
STATE|3|2|7|3|attacked?|false
STATE|3|2|7|3|cropped|false
STATE|3|2|7|3|totalLivestock|[5 6 0 3 8 9 9 4 2 1 7 1 6 6 7 4 5 7 1 7]
STATE|3|2|7|3|treeCount|5.33
STATE|3|2|7|3|grassMass|3.01
STATE|3|2|7|3|pAttack|7.41
STATE|3|2|7|3|arable|true
STATE|3|2|7|3|totalHarvest|6.0
STATE|3|2|7|3|animalLoss|3.38
STATE|3|2|7|3|ownedBy|3
STATE|3|2|7|3|village|0
STATE|3|2|7|3|shared?|false
STATE|3|2|7|4|animalCount|[7 1 8 3 4 9 5 9 9 6 10 4 7 8 0 10 5 1 8 1]
STATE|3|2|7|4|forageCount|7.12
STATE|3|2|7|4|forageMass|5.37
STATE|3|2|7|4|fenced?|false
STATE|3|2|7|4|attacked?|false
STATE|3|2|7|4|cropped|false
STATE|3|2|7|4|totalLivestock|[1 6 8 8 3 2 7 7 4 1 1 4 8 6 4 10 10 6 10 6]
STATE|3|2|7|4|treeCount|6.74
STATE|3|2|7|4|grassMass|1.95
STATE|3|2|7|4|pAttack|4.98
STATE|3|2|7|4|arable|false
STATE|3|2|7|4|totalHarvest|4.01
STATE|3|2|7|4|animalLoss|9.51
STATE|3|2|7|4|ownedBy|1
STATE|3|2|7|4|village|0
STATE|3|2|7|4|shared?|true
STATE|3|2|7|5|animalCount|[7 10 7 10 5 8 5 10 2 4 7 4 8 2 8 8 1 2 10 7]
STATE|3|2|7|5|forageCount|6.49
STATE|3|2|7|5|forageMass|7.49
STATE|3|2|7|5|fenced?|true
STATE|3|2|7|5|attacked?|true
STATE|3|2|7|5|cropped|false
STATE|3|2|7|5|totalLivestock|[6 0 5 3 9 7 4 4 9 9 5 3 8 6 1 2 4 1 4 10]
STATE|3|2|7|5|treeCount|6.38
STATE|3|2|7|5|grassMass|5.76
STATE|3|2|7|5|pAttack|0.52
STATE|3|2|7|5|arable|false
STATE|3|2|7|5|totalHarvest|5.28
STATE|3|2|7|5|animalLoss|0.26
STATE|3|2|7|5|ownedBy|1
STATE|3|2|7|5|village|0
STATE|3|2|7|5|shared?|false
STATE|3|2|7|6|animalCount|[4 1 0 6 3 5 3 8 4 9 2 2 2 5 0 10 4 1 2 9]
STATE|3|2|7|6|forageCount|7.2
STATE|3|2|7|6|forageMass|9.37
STATE|3|2|7|6|fenced?|false
STATE|3|2|7|6|attacked?|false
STATE|3|2|7|6|cropped|true
STATE|3|2|7|6|totalLivestock|[5 3 8 0 1 9 10 10 10 1 6 8 1 8 6 8 7 7 7 10]
STATE|3|2|7|6|treeCount|2.48
STATE|3|2|7|6|grassMass|6.39
STATE|3|2|7|6|pAttack|8.71
STATE|3|2|7|6|arable|false
STATE|3|2|7|6|totalHarvest|4.98
STATE|3|2|7|6|animalLoss|2.46
STATE|3|2|7|6|ownedBy|0
STATE|3|2|7|6|village|1
STATE|3|2|7|6|shared?|false
STATE|3|2|7|7|animalCount|[1 9 0 10 7 10 2 0 4 3 2 9 7 10 6 2 2 3 1 6]
STATE|3|2|7|7|forageCount|5.24
STATE|3|2|7|7|forageMass|5.21
STATE|3|2|7|7|fenced?|false
STATE|3|2|7|7|attacked?|true
STATE|3|2|7|7|cropped|true
STATE|3|2|7|7|totalLivestock|[7 9 5 0 8 10 0 6 4 4 1 0 10 4 3 10 5 2 8 7]
STATE|3|2|7|7|treeCount|4.3
STATE|3|2|7|7|grassMass|9.78
STATE|3|2|7|7|pAttack|6.43
STATE|3|2|7|7|arable|true
STATE|3|2|7|7|totalHarvest|1.91
STATE|3|2|7|7|animalLoss|1.23
STATE|3|2|7|7|ownedBy|0
STATE|3|2|7|7|village|3
STATE|3|2|7|7|shared?|false
CHOICE|3|2|1|7|4|2|12:42:24.000 PM 28-Sep-2026
CONFIRM|3|2|1|12:42:36.000 PM 28-Sep-2026
CHOICE|3|2|2|5|2|2|12:42:41.000 PM 28-Sep-2026
CONFIRM|3|2|2|12:42:49.000 PM 28-Sep-2026
CHOICE|3|2|3|1|0|4|12:43:00.000 PM 28-Sep-2026
CHOICE|3|2|3|4|7|2|12:43:03.000 PM 28-Sep-2026
CONFIRM|3|2|3|12:43:10.000 PM 28-Sep-2026
CHOICE|3|2|4|0|5|1|12:43:11.000 PM 28-Sep-2026
CONFIRM|3|2|4|12:43:17.000 PM 28-Sep-2026
CHOICE|3|2|5|7|1|1|12:43:32.000 PM 28-Sep-2026
CONFIRM|3|2|5|12:43:43.000 PM 28-Sep-2026
CHOICE|3|2|6|7|1|2|12:43:57.000 PM 28-Sep-2026
CONFIRM|3|2|6|12:44:07.000 PM 28-Sep-2026
CHOICE|3|2|7|3|1|3|12:44:11.000 PM 28-Sep-2026
CHOICE|3|2|7|0|5|3|12:44:15.000 PM 28-Sep-2026
CONFIRM|3|2|7|12:44:16.000 PM 28-Sep-2026
CHOICE|3|2|8|0|6|1|12:44:26.000 PM 28-Sep-2026
CONFIRM|3|2|8|12:44:33.000 PM 28-Sep-2026
CHOICE|3|2|9|2|3|2|12:44:42.000 PM 28-Sep-2026
CHOICE|3|2|9|3|4|1|12:44:43.000 PM 28-Sep-2026
CONFIRM|3|2|9|12:44:56.000 PM 28-Sep-2026
CHOICE|3|2|10|4|6|2|12:45:02.000 PM 28-Sep-2026
CHOICE|3|2|10|7|5|2|12:45:10.000 PM 28-Sep-2026
CHOICE|3|2|10|2|5|4|12:45:12.000 PM 28-Sep-2026
CONFIRM|3|2|10|12:45:18.000 PM 28-Sep-2026
CHOICE|3|2|11|6|1|3|12:45:31.000 PM 28-Sep-2026
CHOICE|3|2|11|1|6|2|12:45:43.000 PM 28-Sep-2026
CHOICE|3|2|11|4|3|2|12:45:58.000 PM 28-Sep-2026
CONFIRM|3|2|11|12:46:08.000 PM 28-Sep-2026
CHOICE|3|2|12|5|7|4|12:46:10.000 PM 28-Sep-2026
CHOICE|3|2|12|7|2|3|12:46:15.000 PM 28-Sep-2026
CHOICE|3|2|12|1|6|3|12:46:19.000 PM 28-Sep-2026
CONFIRM|3|2|12|12:46:26.000 PM 28-Sep-2026
CHOICE|3|2|13|3|7|1|12:46:41.000 PM 28-Sep-2026
CONFIRM|3|2|13|12:46:52.000 PM 28-Sep-2026
CHOICE|3|2|14|0|4|-99|12:46:56.000 PM 28-Sep-2026
CHOICE|3|2|14|1|3|1|12:47:03.000 PM 28-Sep-2026
CONFIRM|3|2|14|12:47:13.000 PM 28-Sep-2026
CHOICE|3|2|15|2|4|-99|12:47:22.000 PM 28-Sep-2026
CHOICE|3|2|15|1|0|1|12:47:24.000 PM 28-Sep-2026
CONFIRM|3|2|15|12:47:32.000 PM 28-Sep-2026
CHOICE|3|2|16|4|0|-99|12:47:37.000 PM 28-Sep-2026
CHOICE|3|2|16|4|0|1|12:47:52.000 PM 28-Sep-2026
CONFIRM|3|2|16|12:48:07.000 PM 28-Sep-2026
CHOICE|3|2|17|2|5|2|12:48:11.000 PM 28-Sep-2026
CHOICE|3|2|17|2|5|2|12:48:24.000 PM 28-Sep-2026
CHOICE|3|2|17|2|5|4|12:48:26.000 PM 28-Sep-2026
CONFIRM|3|2|17|12:48:34.000 PM 28-Sep-2026
CHOICE|3|2|18|0|0|3|12:48:48.000 PM 28-Sep-2026
CHOICE|3|2|18|0|0|4|12:48:52.000 PM 28-Sep-2026
CHOICE|3|2|18|4|2|2|12:49:02.000 PM 28-Sep-2026
CONFIRM|3|2|18|12:49:06.000 PM 28-Sep-2026
CHOICE|3|2|19|0|6|1|12:49:14.000 PM 28-Sep-2026
CHOICE|3|2|19|0|6|1|12:49:17.000 PM 28-Sep-2026
CONFIRM|3|2|19|12:49:27.000 PM 28-Sep-2026
CHOICE|3|2|20|3|3|1|12:49:31.000 PM 28-Sep-2026
CHOICE|3|2|20|3|3|2|12:49:34.000 PM 28-Sep-2026
CONFIRM|3|2|20|12:49:39.000 PM 28-Sep-2026
SCORE|3|2|1|14|35|14
SCORE|3|2|2|18|59|7
SCORE|3|2|3|19|58|15
SCORE|3|2|4|19|25|16
SCORE|3|2|5|17|22|6
SCORE|3|2|6|12|26|9
SCORE|3|2|7|19|37|0
SCORE|3|2|8|5|15|1
SCORE|3|2|9|7|49|7
SCORE|3|2|10|8|26|11
SCORE|3|2|11|18|49|3
SCORE|3|2|12|14|14|16
SCORE|3|2|13|3|40|10
SCORE|3|2|14|6|34|13
SCORE|3|2|15|19|20|5
SCORE|3|2|16|2|27|18
SCORE|3|2|17|0|3|14
SCORE|3|2|18|0|42|13
SCORE|3|2|19|5|9|15
SCORE|3|2|20|15|16|5
