PHASE|phase-1-1|12:00:04.000 PM 28-Sep-2026
STATE|1|1|0|0|animalCount|[4 1 6 7 2 1 1 0 6 8 4 0 3 8 8 5 4 2 1 4]
STATE|1|1|0|0|forageCount|2.14
STATE|1|1|0|0|forageMass|9.27
STATE|1|1|0|0|fenced?|false
STATE|1|1|0|0|attacked?|false
STATE|1|1|0|0|cropped|false
STATE|1|1|0|0|totalLivestock|[3 2 4 4 10 5 1 9 5 10 6 8 3 2 3 7 4 1 8 4]
STATE|1|1|0|0|treeCount|0.07
STATE|1|1|0|0|grassMass|2.92
STATE|1|1|0|0|pAttack|7.05
STATE|1|1|0|0|arable|true
STATE|1|1|0|0|totalHarvest|7.65
STATE|1|1|0|0|animalLoss|1.95
STATE|1|1|0|0|ownedBy|2
STATE|1|1|0|0|village|3
STATE|1|1|0|0|shared?|true
STATE|1|1|0|1|animalCount|[7 2 3 4 4 0 1 0 7 10 4 8 8 10 7 5 2 10 3 1]
STATE|1|1|0|1|forageCount|4.13
STATE|1|1|0|1|forageMass|2.03
STATE|1|1|0|1|fenced?|false
STATE|1|1|0|1|attacked?|true
STATE|1|1|0|1|cropped|true
STATE|1|1|0|1|totalLivestock|[9 5 10 8 3 5 1 0 3 4 9 9 3 1 5 2 4 7 0 0]
STATE|1|1|0|1|treeCount|3.57
STATE|1|1|0|1|grassMass|0.83
STATE|1|1|0|1|pAttack|9.64
STATE|1|1|0|1|arable|true
STATE|1|1|0|1|totalHarvest|6.75
STATE|1|1|0|1|animalLoss|3.27
STATE|1|1|0|1|ownedBy|1
STATE|1|1|0|1|village|1
STATE|1|1|0|1|shared?|true
STATE|1|1|0|2|animalCount|[2 10 6 9 10 1 4 9 3 7 4 2 4 6 9 2 5 9 0 5]
STATE|1|1|0|2|forageCount|0.45
STATE|1|1|0|2|forageMass|1.7
STATE|1|1|0|2|fenced?|false
STATE|1|1|0|2|attacked?|true
STATE|1|1|0|2|cropped|true
STATE|1|1|0|2|totalLivestock|[1 7 3 6 3 1 0 0 0 2 9 10 2 9 0 8 7 9 3 5]
STATE|1|1|0|2|treeCount|9.98
STATE|1|1|0|2|grassMass|1.22
STATE|1|1|0|2|pAttack|5.29
STATE|1|1|0|2|arable|false
STATE|1|1|0|2|totalHarvest|4.09
STATE|1|1|0|2|animalLoss|9.88
STATE|1|1|0|2|ownedBy|2
STATE|1|1|0|2|village|0
STATE|1|1|0|2|shared?|true
STATE|1|1|0|3|animalCount|[6 7 0 3 6 7 3 10 6 3 7 3 0 0 4 4 3 8 3 3]
STATE|1|1|0|3|forageCount|4.17
STATE|1|1|0|3|forageMass|2.62
STATE|1|1|0|3|fenced?|true
STATE|1|1|0|3|attacked?|false
STATE|1|1|0|3|cropped|true
STATE|1|1|0|3|totalLivestock|[1 9 6 10 10 0 7 6 1 6 3 9 2 5 4 10 7 10 5 6]
STATE|1|1|0|3|treeCount|5.28
STATE|1|1|0|3|grassMass|6.55
STATE|1|1|0|3|pAttack|6.86
STATE|1|1|0|3|arable|true
STATE|1|1|0|3|totalHarvest|9.23
STATE|1|1|0|3|animalLoss|9.56
STATE|1|1|0|3|ownedBy|0
STATE|1|1|0|3|village|1
STATE|1|1|0|3|shared?|false
STATE|1|1|1|0|animalCount|[10 3 0 6 9 2 4 10 0 2 10 7 9 7 6 6 3 0 3 2]
STATE|1|1|1|0|forageCount|0.13
STATE|1|1|1|0|forageMass|8.76
STATE|1|1|1|0|fenced?|true
STATE|1|1|1|0|attacked?|false
STATE|1|1|1|0|cropped|false
STATE|1|1|1|0|totalLivestock|[3 8 0 3 2 10 9 5 8 7 8 7 0 1 0 9 1 7 8 4]
STATE|1|1|1|0|treeCount|6.08
STATE|1|1|1|0|grassMass|1.39
STATE|1|1|1|0|pAttack|3.63
STATE|1|1|1|0|arable|false
STATE|1|1|1|0|totalHarvest|5.23
STATE|1|1|1|0|animalLoss|0.11
STATE|1|1|1|0|ownedBy|1
STATE|1|1|1|0|village|0
STATE|1|1|1|0|shared?|true
STATE|1|1|1|1|animalCount|[8 7 6 3 4 6 3 7 6 1 1 1 9 5 8 6 6 7 1 10]
STATE|1|1|1|1|forageCount|8.81
STATE|1|1|1|1|forageMass|1.96
STATE|1|1|1|1|fenced?|true
STATE|1|1|1|1|attacked?|false
STATE|1|1|1|1|cropped|true
STATE|1|1|1|1|totalLivestock|[8 2 5 2 2 2 5 7 5 4 8 0 2 0 10 4 1 8 1 7]
STATE|1|1|1|1|treeCount|7.86
STATE|1|1|1|1|grassMass|6.01
STATE|1|1|1|1|pAttack|5.26
STATE|1|1|1|1|arable|false
STATE|1|1|1|1|totalHarvest|4.11
STATE|1|1|1|1|animalLoss|2.93
STATE|1|1|1|1|ownedBy|0
STATE|1|1|1|1|village|0
STATE|1|1|1|1|shared?|false
STATE|1|1|1|2|animalCount|[10 0 10 0 9 5 8 7 9 4 8 7 9 9 7 6 2 4 9 5]
STATE|1|1|1|2|forageCount|9.86
STATE|1|1|1|2|forageMass|3.4
STATE|1|1|1|2|fenced?|true
STATE|1|1|1|2|attacked?|false
STATE|1|1|1|2|cropped|false
STATE|1|1|1|2|totalLivestock|[9 2 4 5 3 9 5 10 9 1 1 6 10 2 5 10 5 5 2 4]
STATE|1|1|1|2|treeCount|8.83
STATE|1|1|1|2|grassMass|6.04
STATE|1|1|1|2|pAttack|5.24
STATE|1|1|1|2|arable|false
STATE|1|1|1|2|totalHarvest|0.89
STATE|1|1|1|2|animalLoss|3.59
STATE|1|1|1|2|ownedBy|0
STATE|1|1|1|2|village|0
STATE|1|1|1|2|shared?|true
STATE|1|1|1|3|animalCount|[7 10 9 1 1 2 10 7 10 3 9 10 4 6 9 3 7 3 4 5]
STATE|1|1|1|3|forageCount|2.3
STATE|1|1|1|3|forageMass|3.27
STATE|1|1|1|3|fenced?|false
STATE|1|1|1|3|attacked?|false
STATE|1|1|1|3|cropped|false
STATE|1|1|1|3|totalLivestock|[6 8 6 5 4 7 6 9 0 4 2 8 7 8 9 5 6 6 9 0]
STATE|1|1|1|3|treeCount|1.56
STATE|1|1|1|3|grassMass|0.68
STATE|1|1|1|3|pAttack|9.74
STATE|1|1|1|3|arable|false
STATE|1|1|1|3|totalHarvest|9.2
STATE|1|1|1|3|animalLoss|6.04
STATE|1|1|1|3|ownedBy|1
STATE|1|1|1|3|village|0
STATE|1|1|1|3|shared?|false
STATE|1|1|2|0|animalCount|[7 3 10 7 9 1 2 3 1 4 2 0 2 6 9 10 9 8 8 4]
STATE|1|1|2|0|forageCount|0.19
STATE|1|1|2|0|forageMass|2.45
STATE|1|1|2|0|fenced?|false
STATE|1|1|2|0|attacked?|true
STATE|1|1|2|0|cropped|false
STATE|1|1|2|0|totalLivestock|[1 1 4 0 10 4 9 10 2 2 10 6 2 1 8 5 0 8 2 8]
STATE|1|1|2|0|treeCount|4.12
STATE|1|1|2|0|grassMass|2.15
STATE|1|1|2|0|pAttack|2.98
STATE|1|1|2|0|arable|false
STATE|1|1|2|0|totalHarvest|3.76
STATE|1|1|2|0|animalLoss|1.63
STATE|1|1|2|0|ownedBy|1
STATE|1|1|2|0|village|3
STATE|1|1|2|0|shared?|true
STATE|1|1|2|1|animalCount|[10 4 6 5 2 6 0 6 0 4 10 0 4 2 1 2 1 9 0 3]
STATE|1|1|2|1|forageCount|2.31
STATE|1|1|2|1|forageMass|0.09
STATE|1|1|2|1|fenced?|false
STATE|1|1|2|1|attacked?|false
STATE|1|1|2|1|cropped|false
STATE|1|1|2|1|totalLivestock|[7 10 6 5 2 8 9 3 1 7 9 5 4 10 6 9 0 10 3 4]
STATE|1|1|2|1|treeCount|5.79
STATE|1|1|2|1|grassMass|8.02
STATE|1|1|2|1|pAttack|5.91
STATE|1|1|2|1|arable|false
STATE|1|1|2|1|totalHarvest|4.77
STATE|1|1|2|1|animalLoss|8.34
STATE|1|1|2|1|ownedBy|0
STATE|1|1|2|1|village|0
STATE|1|1|2|1|shared?|false
STATE|1|1|2|2|animalCount|[1 10 0 9 5 8 7 5 1 2 0 7 8 8 9 3 0 3 10 1]
STATE|1|1|2|2|forageCount|3.36
STATE|1|1|2|2|forageMass|6.02
STATE|1|1|2|2|fenced?|true
STATE|1|1|2|2|attacked?|true
STATE|1|1|2|2|cropped|false
STATE|1|1|2|2|totalLivestock|[8 0 1 3 9 4 9 0 0 0 7 2 3 5 3 5 4 6 10 9]
STATE|1|1|2|2|treeCount|4.03
STATE|1|1|2|2|grassMass|1.73
STATE|1|1|2|2|pAttack|4.94
STATE|1|1|2|2|arable|true
STATE|1|1|2|2|totalHarvest|5.11
STATE|1|1|2|2|animalLoss|5.09
STATE|1|1|2|2|ownedBy|3
STATE|1|1|2|2|village|3
STATE|1|1|2|2|shared?|true
STATE|1|1|2|3|animalCount|[3 6 5 2 3 0 7 6 4 5 6 10 6 5 9 3 4 4 8 1]
STATE|1|1|2|3|forageCount|0.3
STATE|1|1|2|3|forageMass|2.64
STATE|1|1|2|3|fenced?|true
STATE|1|1|2|3|attacked?|false
STATE|1|1|2|3|cropped|true
STATE|1|1|2|3|totalLivestock|[5 1 2 9 1 3 4 10 3 10 7 1 10 5 0 7 9 3 2 1]
STATE|1|1|2|3|treeCount|2.44
STATE|1|1|2|3|grassMass|8.43
STATE|1|1|2|3|pAttack|1.14
STATE|1|1|2|3|arable|false
STATE|1|1|2|3|totalHarvest|2.97
STATE|1|1|2|3|animalLoss|5.67
STATE|1|1|2|3|ownedBy|3
STATE|1|1|2|3|village|0
STATE|1|1|2|3|shared?|false
STATE|1|1|3|0|animalCount|[1 10 2 0 2 10 3 4 0 9 5 10 5 9 5 2 2 3 0 0]
STATE|1|1|3|0|forageCount|9.51
STATE|1|1|3|0|forageMass|6.84
STATE|1|1|3|0|fenced?|false
STATE|1|1|3|0|attacked?|true
STATE|1|1|3|0|cropped|false
STATE|1|1|3|0|totalLivestock|[10 10 7 1 3 2 6 7 9 8 7 8 5 5 6 6 0 0 2 2]
STATE|1|1|3|0|treeCount|3.58
STATE|1|1|3|0|grassMass|2.97
STATE|1|1|3|0|pAttack|3.64
STATE|1|1|3|0|arable|false
STATE|1|1|3|0|totalHarvest|9.39
STATE|1|1|3|0|animalLoss|6.77
STATE|1|1|3|0|ownedBy|2
STATE|1|1|3|0|village|1
STATE|1|1|3|0|shared?|false
STATE|1|1|3|1|animalCount|[1 3 3 5 2 8 3 0 0 1 3 4 5 8 7 0 4 6 2 2]
STATE|1|1|3|1|forageCount|9.95
STATE|1|1|3|1|forageMass|6.17
STATE|1|1|3|1|fenced?|true
STATE|1|1|3|1|attacked?|true
STATE|1|1|3|1|cropped|false
STATE|1|1|3|1|totalLivestock|[7 0 6 3 1 5 4 9 8 0 1 7 2 10 8 0 2 9 3 9]
STATE|1|1|3|1|treeCount|3.33
STATE|1|1|3|1|grassMass|0.2
STATE|1|1|3|1|pAttack|6.61
STATE|1|1|3|1|arable|true
STATE|1|1|3|1|totalHarvest|2.31
STATE|1|1|3|1|animalLoss|5.85
STATE|1|1|3|1|ownedBy|3
STATE|1|1|3|1|village|0
STATE|1|1|3|1|shared?|true
STATE|1|1|3|2|animalCount|[9 4 3 6 5 8 10 5 2 5 10 8 10 9 5 4 9 5 8 0]
STATE|1|1|3|2|forageCount|5.44
STATE|1|1|3|2|forageMass|3.66
STATE|1|1|3|2|fenced?|false
STATE|1|1|3|2|attacked?|true
STATE|1|1|3|2|cropped|true
STATE|1|1|3|2|totalLivestock|[1 1 10 9 3 2 2 8 2 9 0 8 5 1 0 9 2 8 2 4]
STATE|1|1|3|2|treeCount|6.25
STATE|1|1|3|2|grassMass|2.95
STATE|1|1|3|2|pAttack|8.82
STATE|1|1|3|2|arable|true
STATE|1|1|3|2|totalHarvest|6.43
STATE|1|1|3|2|animalLoss|7.6
STATE|1|1|3|2|ownedBy|3
STATE|1|1|3|2|village|3
STATE|1|1|3|2|shared?|false
STATE|1|1|3|3|animalCount|[0 2 4 6 0 0 5 8 9 5 1 3 6 10 1 6 0 4 3 10]
STATE|1|1|3|3|forageCount|9.55
STATE|1|1|3|3|forageMass|8.18
STATE|1|1|3|3|fenced?|true
STATE|1|1|3|3|attacked?|false
STATE|1|1|3|3|cropped|false
STATE|1|1|3|3|totalLivestock|[1 0 0 4 8 8 8 6 1 1 8 10 5 10 2 10 3 8 8 0]
STATE|1|1|3|3|treeCount|6.9
STATE|1|1|3|3|grassMass|0.64
STATE|1|1|3|3|pAttack|4.36
STATE|1|1|3|3|arable|true
STATE|1|1|3|3|totalHarvest|1.04
STATE|1|1|3|3|animalLoss|7.62
STATE|1|1|3|3|ownedBy|1
STATE|1|1|3|3|village|3
STATE|1|1|3|3|shared?|true
CHOICE|1|1|1|1|0|1|12:00:14.000 PM 28-Sep-2026
CHOICE|1|1|1|1|0|4|12:00:27.000 PM 28-Sep-2026
CONFIRM|1|1|1|12:00:32.000 PM 28-Sep-2026
CHOICE|1|1|2|2|1|4|12:00:36.000 PM 28-Sep-2026
CHOICE|1|1|2|3|1|1|12:00:46.000 PM 28-Sep-2026
CHOICE|1|1|2|1|2|4|12:00:52.000 PM 28-Sep-2026
CONFIRM|1|1|2|12:00:55.000 PM 28-Sep-2026
CHOICE|1|1|3|1|2|3|12:01:07.000 PM 28-Sep-2026
CHOICE|1|1|3|1|2|3|12:01:12.000 PM 28-Sep-2026
CONFIRM|1|1|3|12:01:18.000 PM 28-Sep-2026
CHOICE|1|1|4|1|2|-99|12:01:22.000 PM 28-Sep-2026
CHOICE|1|1|4|2|1|1|12:01:27.000 PM 28-Sep-2026
CHOICE|1|1|4|2|1|-99|12:01:41.000 PM 28-Sep-2026
CONFIRM|1|1|4|12:01:42.000 PM 28-Sep-2026
CHOICE|1|1|5|1|1|3|12:01:53.000 PM 28-Sep-2026
CHOICE|1|1|5|1|3|4|12:01:58.000 PM 28-Sep-2026
CHOICE|1|1|5|2|0|-99|12:01:59.000 PM 28-Sep-2026
CONFIRM|1|1|5|12:02:06.000 PM 28-Sep-2026
CHOICE|1|1|6|3|1|1|12:02:15.000 PM 28-Sep-2026
CONFIRM|1|1|6|12:02:19.000 PM 28-Sep-2026
CHOICE|1|1|7|2|2|2|12:02:20.000 PM 28-Sep-2026
CHOICE|1|1|7|0|3|4|12:02:26.000 PM 28-Sep-2026
CONFIRM|1|1|7|12:02:41.000 PM 28-Sep-2026
CHOICE|1|1|8|3|0|1|12:02:49.000 PM 28-Sep-2026
CHOICE|1|1|8|1|0|-99|12:02:51.000 PM 28-Sep-2026
CHOICE|1|1|8|1|0|3|12:03:04.000 PM 28-Sep-2026
CONFIRM|1|1|8|12:03:19.000 PM 28-Sep-2026
CHOICE|1|1|9|2|3|4|12:03:34.000 PM 28-Sep-2026
CHOICE|1|1|9|0|2|1|12:03:46.000 PM 28-Sep-2026
CONFIRM|1|1|9|12:03:54.000 PM 28-Sep-2026
CHOICE|1|1|10|2|1|2|12:04:09.000 PM 28-Sep-2026
CHOICE|1|1|10|0|2|2|12:04:19.000 PM 28-Sep-2026
CONFIRM|1|1|10|12:04:22.000 PM 28-Sep-2026
CHOICE|1|1|11|1|2|4|12:04:29.000 PM 28-Sep-2026
CHOICE|1|1|11|0|3|1|12:04:43.000 PM 28-Sep-2026
CONFIRM|1|1|11|12:04:55.000 PM 28-Sep-2026
CHOICE|1|1|12|2|3|3|12:04:59.000 PM 28-Sep-2026
CHOICE|1|1|12|2|3|3|12:05:08.000 PM 28-Sep-2026
CONFIRM|1|1|12|12:05:20.000 PM 28-Sep-2026
CHOICE|1|1|13|3|1|4|12:05:32.000 PM 28-Sep-2026
CHOICE|1|1|13|0|3|2|12:05:47.000 PM 28-Sep-2026
CHOICE|1|1|13|1|0|3|12:05:50.000 PM 28-Sep-2026
CONFIRM|1|1|13|12:05:51.000 PM 28-Sep-2026
CHOICE|1|1|14|1|2|3|12:06:05.000 PM 28-Sep-2026
CONFIRM|1|1|14|12:06:13.000 PM 28-Sep-2026
CHOICE|1|1|15|1|2|1|12:06:14.000 PM 28-Sep-2026
CHOICE|1|1|15|1|1|1|12:06:23.000 PM 28-Sep-2026
CHOICE|1|1|15|1|1|-99|12:06:27.000 PM 28-Sep-2026
CONFIRM|1|1|15|12:06:36.000 PM 28-Sep-2026
CHOICE|1|1|16|1|0|3|12:06:42.000 PM 28-Sep-2026
CONFIRM|1|1|16|12:06:47.000 PM 28-Sep-2026
CHOICE|1|1|17|3|1|3|12:06:58.000 PM 28-Sep-2026
CHOICE|1|1|17|0|2|1|12:07:12.000 PM 28-Sep-2026
CHOICE|1|1|17|0|3|-99|12:07:24.000 PM 28-Sep-2026
CONFIRM|1|1|17|12:07:28.000 PM 28-Sep-2026
CHOICE|1|1|18|3|3|1|12:07:42.000 PM 28-Sep-2026
CONFIRM|1|1|18|12:07:45.000 PM 28-Sep-2026
CHOICE|1|1|19|3|3|4|12:08:00.000 PM 28-Sep-2026
CHOICE|1|1|19|1|1|-99|12:08:11.000 PM 28-Sep-2026
CHOICE|1|1|19|3|3|4|12:08:15.000 PM 28-Sep-2026
CONFIRM|1|1|19|12:08:29.000 PM 28-Sep-2026
CHOICE|1|1|20|2|2|3|12:08:36.000 PM 28-Sep-2026
CHOICE|1|1|20|2|2|1|12:08:39.000 PM 28-Sep-2026
CHOICE|1|1|20|1|1|4|12:08:50.000 PM 28-Sep-2026
CONFIRM|1|1|20|12:08:59.000 PM 28-Sep-2026
SCORE|1|1|1|4|45|5
SCORE|1|1|2|19|31|17
SCORE|1|1|3|2|36|2
SCORE|1|1|4|9|10|2
SCORE|1|1|5|16|45|3
SCORE|1|1|6|20|53|0
SCORE|1|1|7|8|24|6
SCORE|1|1|8|6|13|8
SCORE|1|1|9|18|43|8
SCORE|1|1|10|16|33|0
SCORE|1|1|11|3|28|11
SCORE|1|1|12|19|29|15
SCORE|1|1|13|19|65|10
SCORE|1|1|14|6|37|7
SCORE|1|1|15|5|53|5
SCORE|1|1|16|10|56|1
SCORE|1|1|17|6|18|17
SCORE|1|1|18|14|47|10
SCORE|1|1|19|4|43|5
SCORE|1|1|20|11|48|16
PHASE|phase-1-2|12:09:06.000 PM 28-Sep-2026
STATE|1|2|0|0|animalCount|[7 5 5 1 7 7 4 4 2 1 10 4 7 9 8 10 7 7 1 4]
STATE|1|2|0|0|forageCount|3.75
STATE|1|2|0|0|forageMass|5.45
STATE|1|2|0|0|fenced?|false
STATE|1|2|0|0|attacked?|false
STATE|1|2|0|0|cropped|true
STATE|1|2|0|0|totalLivestock|[8 2 10 6 7 2 0 5 3 10 3 6 8 2 3 7 10 7 4 6]
STATE|1|2|0|0|treeCount|2.72
STATE|1|2|0|0|grassMass|4.36
STATE|1|2|0|0|pAttack|6.96
STATE|1|2|0|0|arable|true
STATE|1|2|0|0|totalHarvest|6.73
STATE|1|2|0|0|animalLoss|0.55
STATE|1|2|0|0|ownedBy|3
STATE|1|2|0|0|village|0
STATE|1|2|0|0|shared?|false
STATE|1|2|0|1|animalCount|[0 8 7 5 4 0 2 5 0 6 6 5 3 5 7 5 6 9 0 6]
STATE|1|2|0|1|forageCount|7.38
STATE|1|2|0|1|forageMass|1.38
STATE|1|2|0|1|fenced?|true
STATE|1|2|0|1|attacked?|true
STATE|1|2|0|1|cropped|true
STATE|1|2|0|1|totalLivestock|[7 8 5 5 9 1 2 2 4 9 8 10 2 1 7 10 8 0 10 4]
STATE|1|2|0|1|treeCount|6.25
STATE|1|2|0|1|grassMass|2.01
STATE|1|2|0|1|pAttack|7.66
STATE|1|2|0|1|arable|true
STATE|1|2|0|1|totalHarvest|2.7
STATE|1|2|0|1|animalLoss|1.67
STATE|1|2|0|1|ownedBy|0
STATE|1|2|0|1|village|0
STATE|1|2|0|1|shared?|true
STATE|1|2|0|2|animalCount|[6 4 8 7 1 10 5 4 8 7 2 0 5 4 4 4 6 5 0 9]
STATE|1|2|0|2|forageCount|6.11
STATE|1|2|0|2|forageMass|4.27
STATE|1|2|0|2|fenced?|true
STATE|1|2|0|2|attacked?|true
STATE|1|2|0|2|cropped|false
STATE|1|2|0|2|totalLivestock|[1 7 9 4 6 1 6 6 7 8 10 7 9 2 10 7 8 2 4 5]
STATE|1|2|0|2|treeCount|8.75
STATE|1|2|0|2|grassMass|6.78
STATE|1|2|0|2|pAttack|0.7
STATE|1|2|0|2|arable|false
STATE|1|2|0|2|totalHarvest|5.99
STATE|1|2|0|2|animalLoss|7.29
STATE|1|2|0|2|ownedBy|3
STATE|1|2|0|2|village|3
STATE|1|2|0|2|shared?|true
STATE|1|2|0|3|animalCount|[10 8 6 4 8 7 8 5 0 5 9 7 5 8 5 2 3 3 9 5]
STATE|1|2|0|3|forageCount|5.98
STATE|1|2|0|3|forageMass|9.9
STATE|1|2|0|3|fenced?|false
STATE|1|2|0|3|attacked?|true
STATE|1|2|0|3|cropped|true
STATE|1|2|0|3|totalLivestock|[10 6 8 2 9 6 3 6 4 5 2 4 7 3 3 7 1 10 7 9]
STATE|1|2|0|3|treeCount|1.58
STATE|1|2|0|3|grassMass|2.56
STATE|1|2|0|3|pAttack|6.06
STATE|1|2|0|3|arable|true
STATE|1|2|0|3|totalHarvest|3.98
STATE|1|2|0|3|animalLoss|3.67
STATE|1|2|0|3|ownedBy|0
STATE|1|2|0|3|village|0
STATE|1|2|0|3|shared?|false
STATE|1|2|1|0|animalCount|[0 7 5 2 5 5 1 5 8 8 1 8 7 10 7 8 9 7 2 2]
STATE|1|2|1|0|forageCount|7.47
STATE|1|2|1|0|forageMass|3.19
STATE|1|2|1|0|fenced?|false
STATE|1|2|1|0|attacked?|false
STATE|1|2|1|0|cropped|false
STATE|1|2|1|0|totalLivestock|[4 7 10 10 9 2 2 3 7 3 10 6 2 8 0 4 2 8 3 9]
STATE|1|2|1|0|treeCount|7.95
STATE|1|2|1|0|grassMass|1.55
STATE|1|2|1|0|pAttack|6.63
STATE|1|2|1|0|arable|false
STATE|1|2|1|0|totalHarvest|6.93
STATE|1|2|1|0|animalLoss|9.23
STATE|1|2|1|0|ownedBy|0
STATE|1|2|1|0|village|0
STATE|1|2|1|0|shared?|true
STATE|1|2|1|1|animalCount|[4 2 7 1 4 3 10 2 9 1 8 10 5 1 0 2 2 9 1 2]
STATE|1|2|1|1|forageCount|5.76
STATE|1|2|1|1|forageMass|8.76
STATE|1|2|1|1|fenced?|true
STATE|1|2|1|1|attacked?|false
STATE|1|2|1|1|cropped|true
STATE|1|2|1|1|totalLivestock|[10 4 7 7 2 1 8 5 4 9 4 10 10 4 0 8 0 8 7 10]
STATE|1|2|1|1|treeCount|2.58
STATE|1|2|1|1|grassMass|0.01
STATE|1|2|1|1|pAttack|5.24
STATE|1|2|1|1|arable|true
STATE|1|2|1|1|totalHarvest|2.6
STATE|1|2|1|1|animalLoss|5.94
STATE|1|2|1|1|ownedBy|3
STATE|1|2|1|1|village|3
STATE|1|2|1|1|shared?|false
STATE|1|2|1|2|animalCount|[8 7 10 1 7 6 7 8 7 8 7 5 9 0 8 3 10 10 9 2]
STATE|1|2|1|2|forageCount|3.95
STATE|1|2|1|2|forageMass|2.86
STATE|1|2|1|2|fenced?|false
STATE|1|2|1|2|attacked?|true
STATE|1|2|1|2|cropped|false
STATE|1|2|1|2|totalLivestock|[4 2 6 3 8 6 5 1 3 6 4 3 9 9 7 1 2 1 10 10]
STATE|1|2|1|2|treeCount|6.73
STATE|1|2|1|2|grassMass|7.23
STATE|1|2|1|2|pAttack|7.29
STATE|1|2|1|2|arable|false
STATE|1|2|1|2|totalHarvest|4.04
STATE|1|2|1|2|animalLoss|0.99
STATE|1|2|1|2|ownedBy|0
STATE|1|2|1|2|village|3
STATE|1|2|1|2|shared?|false
STATE|1|2|1|3|animalCount|[2 2 2 1 4 2 4 3 4 1 9 1 6 6 7 4 8 6 3 1]
STATE|1|2|1|3|forageCount|3.87
STATE|1|2|1|3|forageMass|4.55
STATE|1|2|1|3|fenced?|false
STATE|1|2|1|3|attacked?|false
STATE|1|2|1|3|cropped|false
STATE|1|2|1|3|totalLivestock|[4 4 5 3 4 3 7 3 8 3 7 5 6 2 5 7 3 4 3 7]
STATE|1|2|1|3|treeCount|0.24
STATE|1|2|1|3|grassMass|1.52
STATE|1|2|1|3|pAttack|6.35
STATE|1|2|1|3|arable|false
STATE|1|2|1|3|totalHarvest|5.27
STATE|1|2|1|3|animalLoss|6.22
STATE|1|2|1|3|ownedBy|1
STATE|1|2|1|3|village|2
STATE|1|2|1|3|shared?|false
STATE|1|2|2|0|animalCount|[6 8 9 0 9 4 3 2 1 3 6 3 2 2 1 7 4 2 0 2]
STATE|1|2|2|0|forageCount|9.67
STATE|1|2|2|0|forageMass|7.57
STATE|1|2|2|0|fenced?|true
STATE|1|2|2|0|attacked?|false
STATE|1|2|2|0|cropped|false
STATE|1|2|2|0|totalLivestock|[4 0 5 6 3 6 4 2 6 2 4 1 1 3 1 4 6 6 4 3]
STATE|1|2|2|0|treeCount|1.86
STATE|1|2|2|0|grassMass|7.29
STATE|1|2|2|0|pAttack|8.48
STATE|1|2|2|0|arable|false
STATE|1|2|2|0|totalHarvest|8.84
STATE|1|2|2|0|animalLoss|5.09
STATE|1|2|2|0|ownedBy|3
STATE|1|2|2|0|village|0
STATE|1|2|2|0|shared?|false
STATE|1|2|2|1|animalCount|[7 10 7 5 8 3 6 10 4 10 6 7 5 1 6 6 9 10 10 10]
STATE|1|2|2|1|forageCount|0.26
STATE|1|2|2|1|forageMass|9.72
STATE|1|2|2|1|fenced?|true
STATE|1|2|2|1|attacked?|true
STATE|1|2|2|1|cropped|true
STATE|1|2|2|1|totalLivestock|[2 9 9 6 3 4 5 7 8 3 3 6 1 2 5 3 8 3 4 1]
STATE|1|2|2|1|treeCount|1.35
STATE|1|2|2|1|grassMass|6.07
STATE|1|2|2|1|pAttack|7.41
STATE|1|2|2|1|arable|true
STATE|1|2|2|1|totalHarvest|8.21
STATE|1|2|2|1|animalLoss|0.1
STATE|1|2|2|1|ownedBy|0
STATE|1|2|2|1|village|3
STATE|1|2|2|1|shared?|true
STATE|1|2|2|2|animalCount|[6 1 10 2 3 4 6 1 2 5 10 2 9 7 0 9 7 9 4 6]
STATE|1|2|2|2|forageCount|2.2
STATE|1|2|2|2|forageMass|1.78
STATE|1|2|2|2|fenced?|false
STATE|1|2|2|2|attacked?|false
STATE|1|2|2|2|cropped|false
STATE|1|2|2|2|totalLivestock|[7 8 0 3 4 4 9 7 9 2 1 0 1 5 3 8 9 8 2 6]
STATE|1|2|2|2|treeCount|9.62
STATE|1|2|2|2|grassMass|5.33
STATE|1|2|2|2|pAttack|1.42
STATE|1|2|2|2|arable|true
STATE|1|2|2|2|totalHarvest|6.75
STATE|1|2|2|2|animalLoss|4.07
STATE|1|2|2|2|ownedBy|3
STATE|1|2|2|2|village|1
STATE|1|2|2|2|shared?|true
STATE|1|2|2|3|animalCount|[2 7 10 10 7 2 2 3 1 6 3 6 4 4 1 0 5 7 10 0]
STATE|1|2|2|3|forageCount|0.57
STATE|1|2|2|3|forageMass|3.36
STATE|1|2|2|3|fenced?|true
STATE|1|2|2|3|attacked?|false
STATE|1|2|2|3|cropped|false
STATE|1|2|2|3|totalLivestock|[6 2 9 2 6 2 10 5 8 8 10 4 4 9 10 9 7 8 6 6]
STATE|1|2|2|3|treeCount|6.27
STATE|1|2|2|3|grassMass|7.48
STATE|1|2|2|3|pAttack|4.18
STATE|1|2|2|3|arable|true
STATE|1|2|2|3|totalHarvest|1.72
STATE|1|2|2|3|animalLoss|2.04
STATE|1|2|2|3|ownedBy|0
STATE|1|2|2|3|village|1
STATE|1|2|2|3|shared?|false
STATE|1|2|3|0|animalCount|[10 5 0 8 7 0 8 5 8 6 3 10 9 6 8 4 9 2 0 6]
STATE|1|2|3|0|forageCount|5.26
STATE|1|2|3|0|forageMass|1.32
STATE|1|2|3|0|fenced?|false
STATE|1|2|3|0|attacked?|true
STATE|1|2|3|0|cropped|false
STATE|1|2|3|0|totalLivestock|[4 0 7 10 0 8 4 7 8 4 6 8 7 3 1 0 2 3 5 9]
STATE|1|2|3|0|treeCount|9.85
STATE|1|2|3|0|grassMass|1.28
STATE|1|2|3|0|pAttack|5.21
STATE|1|2|3|0|arable|false
STATE|1|2|3|0|totalHarvest|3.04
STATE|1|2|3|0|animalLoss|2.91
STATE|1|2|3|0|ownedBy|0
STATE|1|2|3|0|village|3
STATE|1|2|3|0|shared?|true
STATE|1|2|3|1|animalCount|[9 8 3 9 8 3 8 0 0 3 5 3 9 0 10 2 9 5 2 9]
STATE|1|2|3|1|forageCount|1.63
STATE|1|2|3|1|forageMass|3.33
STATE|1|2|3|1|fenced?|true
STATE|1|2|3|1|attacked?|true
STATE|1|2|3|1|cropped|false
STATE|1|2|3|1|totalLivestock|[4 2 7 4 5 10 0 3 3 8 2 5 1 9 3 0 1 0 10 2]
STATE|1|2|3|1|treeCount|7.21
STATE|1|2|3|1|grassMass|2.91
STATE|1|2|3|1|pAttack|3.52
STATE|1|2|3|1|arable|true
STATE|1|2|3|1|totalHarvest|8.97
STATE|1|2|3|1|animalLoss|5.91
STATE|1|2|3|1|ownedBy|0
STATE|1|2|3|1|village|2
STATE|1|2|3|1|shared?|true
STATE|1|2|3|2|animalCount|[3 10 10 10 5 4 5 0 10 2 6 1 0 8 2 5 3 3 1 3]
STATE|1|2|3|2|forageCount|9.64
STATE|1|2|3|2|forageMass|0.45
STATE|1|2|3|2|fenced?|false
STATE|1|2|3|2|attacked?|false
STATE|1|2|3|2|cropped|true
STATE|1|2|3|2|totalLivestock|[6 4 6 7 10 0 6 6 8 0 4 3 2 2 10 6 7 1 8 6]
STATE|1|2|3|2|treeCount|8.81
STATE|1|2|3|2|grassMass|4.61
STATE|1|2|3|2|pAttack|4.5
STATE|1|2|3|2|arable|true
STATE|1|2|3|2|totalHarvest|2.43
STATE|1|2|3|2|animalLoss|2.75
STATE|1|2|3|2|ownedBy|1
STATE|1|2|3|2|village|3
STATE|1|2|3|2|shared?|true
STATE|1|2|3|3|animalCount|[7 2 8 8 2 1 5 5 5 8 2 10 4 10 10 4 4 4 9 4]
STATE|1|2|3|3|forageCount|0.2
STATE|1|2|3|3|forageMass|6.73
STATE|1|2|3|3|fenced?|false
STATE|1|2|3|3|attacked?|true
STATE|1|2|3|3|cropped|true
STATE|1|2|3|3|totalLivestock|[3 10 2 9 4 2 6 2 1 4 2 2 9 2 1 6 0 9 3 1]
STATE|1|2|3|3|treeCount|6.85
STATE|1|2|3|3|grassMass|0.12
STATE|1|2|3|3|pAttack|3.28
STATE|1|2|3|3|arable|true
STATE|1|2|3|3|totalHarvest|5.3
STATE|1|2|3|3|animalLoss|5.63
STATE|1|2|3|3|ownedBy|1
STATE|1|2|3|3|village|0
STATE|1|2|3|3|shared?|true
CHOICE|1|2|1|2|0|4|12:09:07.000 PM 28-Sep-2026
CHOICE|1|2|1|2|0|4|12:09:12.000 PM 28-Sep-2026
CHOICE|1|2|1|1|1|3|12:09:20.000 PM 28-Sep-2026
CONFIRM|1|2|1|12:09:33.000 PM 28-Sep-2026
CHOICE|1|2|2|3|0|4|12:09:43.000 PM 28-Sep-2026
CHOICE|1|2|2|0|1|4|12:09:52.000 PM 28-Sep-2026
CONFIRM|1|2|2|12:10:00.000 PM 28-Sep-2026
CHOICE|1|2|3|1|1|2|12:10:05.000 PM 28-Sep-2026
CHOICE|1|2|3|0|0|2|12:10:14.000 PM 28-Sep-2026
CONFIRM|1|2|3|12:10:26.000 PM 28-Sep-2026
CHOICE|1|2|4|3|2|4|12:10:32.000 PM 28-Sep-2026
CHOICE|1|2|4|2|0|2|12:10:42.000 PM 28-Sep-2026
CONFIRM|1|2|4|12:10:46.000 PM 28-Sep-2026
CHOICE|1|2|5|2|2|2|12:10:56.000 PM 28-Sep-2026
CHOICE|1|2|5|1|2|-99|12:10:58.000 PM 28-Sep-2026
CHOICE|1|2|5|2|2|1|12:11:07.000 PM 28-Sep-2026
CONFIRM|1|2|5|12:11:11.000 PM 28-Sep-2026
CHOICE|1|2|6|2|3|1|12:11:20.000 PM 28-Sep-2026
CHOICE|1|2|6|2|3|2|12:11:31.000 PM 28-Sep-2026
CONFIRM|1|2|6|12:11:41.000 PM 28-Sep-2026
CHOICE|1|2|7|3|0|3|12:11:47.000 PM 28-Sep-2026
CHOICE|1|2|7|2|1|1|12:12:00.000 PM 28-Sep-2026
CONFIRM|1|2|7|12:12:03.000 PM 28-Sep-2026
CHOICE|1|2|8|1|0|1|12:12:09.000 PM 28-Sep-2026
CHOICE|1|2|8|0|2|2|12:12:14.000 PM 28-Sep-2026
CHOICE|1|2|8|0|2|1|12:12:15.000 PM 28-Sep-2026
CONFIRM|1|2|8|12:12:27.000 PM 28-Sep-2026
CHOICE|1|2|9|1|3|2|12:12:36.000 PM 28-Sep-2026
CONFIRM|1|2|9|12:12:50.000 PM 28-Sep-2026
CHOICE|1|2|10|3|2|-99|12:12:59.000 PM 28-Sep-2026
CHOICE|1|2|10|2|0|3|12:13:04.000 PM 28-Sep-2026
CONFIRM|1|2|10|12:13:10.000 PM 28-Sep-2026
CHOICE|1|2|11|3|3|2|12:13:11.000 PM 28-Sep-2026
CONFIRM|1|2|11|12:13:25.000 PM 28-Sep-2026
CHOICE|1|2|12|0|1|2|12:13:36.000 PM 28-Sep-2026
CHOICE|1|2|12|2|1|3|12:13:41.000 PM 28-Sep-2026
CONFIRM|1|2|12|12:13:44.000 PM 28-Sep-2026
CHOICE|1|2|13|1|3|4|12:13:46.000 PM 28-Sep-2026
CONFIRM|1|2|13|12:13:50.000 PM 28-Sep-2026
CHOICE|1|2|14|2|3|4|12:14:00.000 PM 28-Sep-2026
CHOICE|1|2|14|2|3|3|12:14:13.000 PM 28-Sep-2026
CONFIRM|1|2|14|12:14:14.000 PM 28-Sep-2026
CHOICE|1|2|15|0|2|-99|12:14:21.000 PM 28-Sep-2026
CHOICE|1|2|15|3|3|3|12:14:30.000 PM 28-Sep-2026
CONFIRM|1|2|15|12:14:34.000 PM 28-Sep-2026
CHOICE|1|2|16|1|2|3|12:14:35.000 PM 28-Sep-2026
CONFIRM|1|2|16|12:14:37.000 PM 28-Sep-2026
CHOICE|1|2|17|0|0|1|12:14:41.000 PM 28-Sep-2026
CONFIRM|1|2|17|12:14:46.000 PM 28-Sep-2026
CHOICE|1|2|18|1|1|2|12:14:51.000 PM 28-Sep-2026
CHOICE|1|2|18|1|1|4|12:14:54.000 PM 28-Sep-2026
CONFIRM|1|2|18|12:15:03.000 PM 28-Sep-2026
CHOICE|1|2|19|1|2|3|12:15:14.000 PM 28-Sep-2026
CHOICE|1|2|19|1|2|3|12:15:22.000 PM 28-Sep-2026
CHOICE|1|2|19|3|3|-99|12:15:30.000 PM 28-Sep-2026
CONFIRM|1|2|19|12:15:33.000 PM 28-Sep-2026
CHOICE|1|2|20|2|0|3|12:15:48.000 PM 28-Sep-2026
CHOICE|1|2|20|0|1|4|12:15:55.000 PM 28-Sep-2026
CHOICE|1|2|20|3|3|-99|12:16:08.000 PM 28-Sep-2026
CONFIRM|1|2|20|12:16:17.000 PM 28-Sep-2026
SCORE|1|2|1|14|58|6
SCORE|1|2|2|9|48|10
SCORE|1|2|3|4|39|18
SCORE|1|2|4|0|44|18
SCORE|1|2|5|8|27|11
SCORE|1|2|6|18|20|0
SCORE|1|2|7|4|50|19
SCORE|1|2|8|1|18|11
SCORE|1|2|9|18|60|4
SCORE|1|2|10|2|23|5
SCORE|1|2|11|17|20|3
SCORE|1|2|12|1|46|19
SCORE|1|2|13|13|52|20
SCORE|1|2|14|2|40|15
SCORE|1|2|15|12|39|1
SCORE|1|2|16|0|42|3
SCORE|1|2|17|2|42|6
SCORE|1|2|18|18|56|14
SCORE|1|2|19|10|13|13
SCORE|1|2|20|2|12|20
PHASE|phase-2-1|12:16:28.000 PM 28-Sep-2026
STATE|2|1|0|0|animalCount|[7 5 0 10 2 1 0 8 10 8 0 1 9 5 8 5 4 0 2 3]
STATE|2|1|0|0|forageCount|4.69
STATE|2|1|0|0|forageMass|3.86
STATE|2|1|0|0|fenced?|true
STATE|2|1|0|0|attacked?|true
STATE|2|1|0|0|cropped|true
STATE|2|1|0|0|totalLivestock|[0 2 1 0 3 10 9 0 8 2 0 3 4 2 5 2 1 6 0 9]
STATE|2|1|0|0|treeCount|2.59
STATE|2|1|0|0|grassMass|5.37
STATE|2|1|0|0|pAttack|9.96
STATE|2|1|0|0|arable|true
STATE|2|1|0|0|totalHarvest|4.62
STATE|2|1|0|0|animalLoss|8.96
STATE|2|1|0|0|ownedBy|0
STATE|2|1|0|0|village|3
STATE|2|1|0|0|shared?|false
STATE|2|1|0|1|animalCount|[10 9 5 4 9 1 2 4 1 1 10 8 1 5 1 10 10 1 10 6]
STATE|2|1|0|1|forageCount|6.44
STATE|2|1|0|1|forageMass|0.77
STATE|2|1|0|1|fenced?|false
STATE|2|1|0|1|attacked?|false
STATE|2|1|0|1|cropped|true
STATE|2|1|0|1|totalLivestock|[1 0 4 3 6 9 1 5 6 7 4 1 8 5 6 9 6 3 2 6]
STATE|2|1|0|1|treeCount|5.6
STATE|2|1|0|1|grassMass|8.88
STATE|2|1|0|1|pAttack|5.53
STATE|2|1|0|1|arable|true
STATE|2|1|0|1|totalHarvest|1.86
STATE|2|1|0|1|animalLoss|7.06
STATE|2|1|0|1|ownedBy|3
STATE|2|1|0|1|village|0
STATE|2|1|0|1|shared?|true
STATE|2|1|0|2|animalCount|[1 0 4 8 3 7 4 3 3 9 4 6 5 7 5 7 5 1 0 0]
STATE|2|1|0|2|forageCount|2.64
STATE|2|1|0|2|forageMass|5.77
STATE|2|1|0|2|fenced?|true
STATE|2|1|0|2|attacked?|true
STATE|2|1|0|2|cropped|false
STATE|2|1|0|2|totalLivestock|[8 10 10 7 5 5 9 6 4 4 2 1 4 7 3 6 0 1 10 0]
STATE|2|1|0|2|treeCount|6.71
STATE|2|1|0|2|grassMass|1.09
STATE|2|1|0|2|pAttack|7.14
STATE|2|1|0|2|arable|true
STATE|2|1|0|2|totalHarvest|4.98
STATE|2|1|0|2|animalLoss|6.76
STATE|2|1|0|2|ownedBy|1
STATE|2|1|0|2|village|1
STATE|2|1|0|2|shared?|false
STATE|2|1|0|3|animalCount|[8 10 2 0 10 2 5 1 10 3 0 10 6 8 8 9 6 3 1 5]
STATE|2|1|0|3|forageCount|0.03
STATE|2|1|0|3|forageMass|7.01
STATE|2|1|0|3|fenced?|true
STATE|2|1|0|3|attacked?|false
STATE|2|1|0|3|cropped|true
STATE|2|1|0|3|totalLivestock|[0 5 4 1 2 10 3 1 7 1 2 10 8 6 1 3 6 2 2 10]
STATE|2|1|0|3|treeCount|8.7
STATE|2|1|0|3|grassMass|6.33
STATE|2|1|0|3|pAttack|2.14
STATE|2|1|0|3|arable|false
STATE|2|1|0|3|totalHarvest|9.22
STATE|2|1|0|3|animalLoss|8.08
STATE|2|1|0|3|ownedBy|0
STATE|2|1|0|3|village|1
STATE|2|1|0|3|shared?|true
STATE|2|1|1|0|animalCount|[1 0 1 5 9 0 8 4 2 5 0 7 2 4 8 1 8 6 5 2]
STATE|2|1|1|0|forageCount|9.87
STATE|2|1|1|0|forageMass|0.03
STATE|2|1|1|0|fenced?|false
STATE|2|1|1|0|attacked?|true
STATE|2|1|1|0|cropped|false
STATE|2|1|1|0|totalLivestock|[4 9 9 5 7 5 5 7 5 10 2 6 6 2 7 4 5 7 9 4]
STATE|2|1|1|0|treeCount|5.2
STATE|2|1|1|0|grassMass|0.76
STATE|2|1|1|0|pAttack|9.9
STATE|2|1|1|0|arable|true
STATE|2|1|1|0|totalHarvest|5.84
STATE|2|1|1|0|animalLoss|3.28
STATE|2|1|1|0|ownedBy|0
STATE|2|1|1|0|village|0
STATE|2|1|1|0|shared?|true
STATE|2|1|1|1|animalCount|[0 0 1 2 8 6 0 5 3 5 10 1 7 8 3 10 3 6 1 3]
STATE|2|1|1|1|forageCount|3.35
STATE|2|1|1|1|forageMass|2.61
STATE|2|1|1|1|fenced?|true
STATE|2|1|1|1|attacked?|false
STATE|2|1|1|1|cropped|false
STATE|2|1|1|1|totalLivestock|[3 8 1 3 10 3 1 3 6 10 2 10 6 6 10 3 7 4 8 6]
STATE|2|1|1|1|treeCount|8.53
STATE|2|1|1|1|grassMass|5.2
STATE|2|1|1|1|pAttack|8.52
STATE|2|1|1|1|arable|true
STATE|2|1|1|1|totalHarvest|1.1
STATE|2|1|1|1|animalLoss|8.95
STATE|2|1|1|1|ownedBy|2
STATE|2|1|1|1|village|2
STATE|2|1|1|1|shared?|true
STATE|2|1|1|2|animalCount|[9 5 7 9 0 4 2 2 6 5 4 0 7 4 0 0 1 6 0 5]
STATE|2|1|1|2|forageCount|9.92
STATE|2|1|1|2|forageMass|5.44
STATE|2|1|1|2|fenced?|false
STATE|2|1|1|2|attacked?|true
STATE|2|1|1|2|cropped|true
STATE|2|1|1|2|totalLivestock|[6 8 6 9 8 3 10 6 0 8 1 8 10 8 3 9 0 1 1 3]
STATE|2|1|1|2|treeCount|5.93
STATE|2|1|1|2|grassMass|0.17
STATE|2|1|1|2|pAttack|3.85
STATE|2|1|1|2|arable|false
STATE|2|1|1|2|totalHarvest|4.65
STATE|2|1|1|2|animalLoss|9.94
STATE|2|1|1|2|ownedBy|2
STATE|2|1|1|2|village|1
STATE|2|1|1|2|shared?|true
STATE|2|1|1|3|animalCount|[1 8 7 7 6 1 7 9 10 7 6 1 7 5 7 7 10 5 8 2]
STATE|2|1|1|3|forageCount|0.17
STATE|2|1|1|3|forageMass|1.35
STATE|2|1|1|3|fenced?|false
STATE|2|1|1|3|attacked?|true
STATE|2|1|1|3|cropped|false
STATE|2|1|1|3|totalLivestock|[4 7 5 9 9 3 10 10 0 5 0 6 6 1 0 5 8 3 8 7]
STATE|2|1|1|3|treeCount|8.67
STATE|2|1|1|3|grassMass|7.31
STATE|2|1|1|3|pAttack|7.41
STATE|2|1|1|3|arable|false
STATE|2|1|1|3|totalHarvest|8.43
STATE|2|1|1|3|animalLoss|1.48
STATE|2|1|1|3|ownedBy|1
STATE|2|1|1|3|village|0
STATE|2|1|1|3|shared?|true
STATE|2|1|2|0|animalCount|[9 5 9 1 3 7 7 10 3 4 3 0 3 6 2 7 4 6 10 4]
STATE|2|1|2|0|forageCount|8.33
STATE|2|1|2|0|forageMass|9.65
STATE|2|1|2|0|fenced?|false
STATE|2|1|2|0|attacked?|true
STATE|2|1|2|0|cropped|false
STATE|2|1|2|0|totalLivestock|[9 3 4 10 6 7 1 9 4 0 9 5 10 10 3 1 5 4 4 5]
STATE|2|1|2|0|treeCount|9.67
STATE|2|1|2|0|grassMass|8.75
STATE|2|1|2|0|pAttack|4.48
STATE|2|1|2|0|arable|true
STATE|2|1|2|0|totalHarvest|6.29
STATE|2|1|2|0|animalLoss|4.59
STATE|2|1|2|0|ownedBy|2
STATE|2|1|2|0|village|3
STATE|2|1|2|0|shared?|false
STATE|2|1|2|1|animalCount|[9 2 6 7 10 4 10 8 3 9 3 0 5 1 9 8 4 8 3 7]
STATE|2|1|2|1|forageCount|0.25
STATE|2|1|2|1|forageMass|9.66
STATE|2|1|2|1|fenced?|false
STATE|2|1|2|1|attacked?|false
STATE|2|1|2|1|cropped|false
STATE|2|1|2|1|totalLivestock|[9 7 8 8 1 10 0 1 2 6 8 6 0 0 4 2 5 4 4 9]
STATE|2|1|2|1|treeCount|3.0
STATE|2|1|2|1|grassMass|5.25
STATE|2|1|2|1|pAttack|6.18
STATE|2|1|2|1|arable|true
STATE|2|1|2|1|totalHarvest|2.67
STATE|2|1|2|1|animalLoss|8.6
STATE|2|1|2|1|ownedBy|3
STATE|2|1|2|1|village|3
STATE|2|1|2|1|shared?|true
STATE|2|1|2|2|animalCount|[6 0 8 3 9 4 6 3 6 3 4 8 3 1 3 2 5 7 8 0]
STATE|2|1|2|2|forageCount|4.62
STATE|2|1|2|2|forageMass|1.61
STATE|2|1|2|2|fenced?|false
STATE|2|1|2|2|attacked?|true
STATE|2|1|2|2|cropped|false
STATE|2|1|2|2|totalLivestock|[10 1 4 8 8 3 2 2 2 6 0 2 3 4 7 9 4 1 10 5]
STATE|2|1|2|2|treeCount|5.33
STATE|2|1|2|2|grassMass|4.16
STATE|2|1|2|2|pAttack|4.3
STATE|2|1|2|2|arable|true
STATE|2|1|2|2|totalHarvest|2.97
STATE|2|1|2|2|animalLoss|4.9
STATE|2|1|2|2|ownedBy|3
STATE|2|1|2|2|village|3
STATE|2|1|2|2|shared?|true
STATE|2|1|2|3|animalCount|[9 0 9 8 4 2 6 1 3 10 4 10 6 7 7 10 5 4 1 3]
STATE|2|1|2|3|forageCount|5.95
STATE|2|1|2|3|forageMass|5.65
STATE|2|1|2|3|fenced?|false
STATE|2|1|2|3|attacked?|true
STATE|2|1|2|3|cropped|false
STATE|2|1|2|3|totalLivestock|[1 4 7 7 9 3 7 8 7 10 7 0 1 2 6 6 4 10 8 1]
STATE|2|1|2|3|treeCount|9.23
STATE|2|1|2|3|grassMass|8.24
STATE|2|1|2|3|pAttack|7.5
STATE|2|1|2|3|arable|true
STATE|2|1|2|3|totalHarvest|3.45
STATE|2|1|2|3|animalLoss|9.44
STATE|2|1|2|3|ownedBy|3
STATE|2|1|2|3|village|3
STATE|2|1|2|3|shared?|true
STATE|2|1|3|0|animalCount|[0 10 2 4 8 9 2 7 2 9 2 7 10 0 0 1 1 6 7 6]
STATE|2|1|3|0|forageCount|7.94
STATE|2|1|3|0|forageMass|9.42
STATE|2|1|3|0|fenced?|true
STATE|2|1|3|0|attacked?|true
STATE|2|1|3|0|cropped|false
STATE|2|1|3|0|totalLivestock|[2 5 9 8 7 3 5 7 3 6 9 8 10 0 8 9 0 7 10 4]
STATE|2|1|3|0|treeCount|4.97
STATE|2|1|3|0|grassMass|7.82
STATE|2|1|3|0|pAttack|2.69
STATE|2|1|3|0|arable|false
STATE|2|1|3|0|totalHarvest|5.53
STATE|2|1|3|0|animalLoss|8.57
STATE|2|1|3|0|ownedBy|2
STATE|2|1|3|0|village|3
STATE|2|1|3|0|shared?|true
STATE|2|1|3|1|animalCount|[1 0 4 6 8 3 0 3 4 3 10 2 3 10 4 7 9 6 9 1]
STATE|2|1|3|1|forageCount|8.49
STATE|2|1|3|1|forageMass|9.72
STATE|2|1|3|1|fenced?|false
STATE|2|1|3|1|attacked?|false
STATE|2|1|3|1|cropped|false
STATE|2|1|3|1|totalLivestock|[10 7 4 3 4 8 9 1 9 10 3 7 9 5 10 9 8 0 10 0]
STATE|2|1|3|1|treeCount|5.43
STATE|2|1|3|1|grassMass|4.17
STATE|2|1|3|1|pAttack|7.37
STATE|2|1|3|1|arable|true
STATE|2|1|3|1|totalHarvest|2.56
STATE|2|1|3|1|animalLoss|3.25
STATE|2|1|3|1|ownedBy|3
STATE|2|1|3|1|village|0
STATE|2|1|3|1|shared?|false
STATE|2|1|3|2|animalCount|[1 6 1 1 2 9 3 8 8 3 6 7 1 1 2 7 0 4 5 9]
STATE|2|1|3|2|forageCount|6.36
STATE|2|1|3|2|forageMass|7.36
STATE|2|1|3|2|fenced?|true
STATE|2|1|3|2|attacked?|false
STATE|2|1|3|2|cropped|false
STATE|2|1|3|2|totalLivestock|[1 5 2 5 4 0 1 4 9 9 7 4 6 8 7 10 0 3 0 5]
STATE|2|1|3|2|treeCount|5.53
STATE|2|1|3|2|grassMass|1.75
STATE|2|1|3|2|pAttack|4.11
STATE|2|1|3|2|arable|true
STATE|2|1|3|2|totalHarvest|5.32
STATE|2|1|3|2|animalLoss|2.54
STATE|2|1|3|2|ownedBy|3
STATE|2|1|3|2|village|0
STATE|2|1|3|2|shared?|false
STATE|2|1|3|3|animalCount|[9 10 5 7 8 7 10 5 5 4 1 8 8 9 8 3 3 4 3 4]
STATE|2|1|3|3|forageCount|5.71
STATE|2|1|3|3|forageMass|0.67
STATE|2|1|3|3|fenced?|false
STATE|2|1|3|3|attacked?|true
STATE|2|1|3|3|cropped|true
STATE|2|1|3|3|totalLivestock|[8 5 8 0 8 10 2 9 4 0 2 0 8 2 4 3 4 10 8 3]
STATE|2|1|3|3|treeCount|0.89
STATE|2|1|3|3|grassMass|6.14
STATE|2|1|3|3|pAttack|6.89
STATE|2|1|3|3|arable|true
STATE|2|1|3|3|totalHarvest|1.71
STATE|2|1|3|3|animalLoss|1.27
STATE|2|1|3|3|ownedBy|3
STATE|2|1|3|3|village|0
STATE|2|1|3|3|shared?|false
CHOICE|2|1|1|1|3|4|12:16:31.000 PM 28-Sep-2026
CONFIRM|2|1|1|12:16:41.000 PM 28-Sep-2026
CHOICE|2|1|2|2|3|1|12:16:49.000 PM 28-Sep-2026
CONFIRM|2|1|2|12:17:00.000 PM 28-Sep-2026
CHOICE|2|1|3|3|2|3|12:17:10.000 PM 28-Sep-2026
CHOICE|2|1|3|0|1|2|12:17:24.000 PM 28-Sep-2026
CONFIRM|2|1|3|12:17:39.000 PM 28-Sep-2026
CHOICE|2|1|4|1|2|3|12:17:41.000 PM 28-Sep-2026
CHOICE|2|1|4|1|2|1|12:17:46.000 PM 28-Sep-2026
CONFIRM|2|1|4|12:17:55.000 PM 28-Sep-2026
CHOICE|2|1|5|1|3|4|12:18:02.000 PM 28-Sep-2026
CHOICE|2|1|5|0|3|2|12:18:09.000 PM 28-Sep-2026
CONFIRM|2|1|5|12:18:13.000 PM 28-Sep-2026
CHOICE|2|1|6|2|2|4|12:18:26.000 PM 28-Sep-2026
CHOICE|2|1|6|2|2|1|12:18:28.000 PM 28-Sep-2026
CHOICE|2|1|6|0|0|4|12:18:29.000 PM 28-Sep-2026
CONFIRM|2|1|6|12:18:34.000 PM 28-Sep-2026
CHOICE|2|1|7|2|2|3|12:18:39.000 PM 28-Sep-2026
CONFIRM|2|1|7|12:18:47.000 PM 28-Sep-2026
CHOICE|2|1|8|2|1|2|12:18:55.000 PM 28-Sep-2026
CONFIRM|2|1|8|12:19:10.000 PM 28-Sep-2026
CHOICE|2|1|9|1|0|2|12:19:13.000 PM 28-Sep-2026
CHOICE|2|1|9|1|0|-99|12:19:22.000 PM 28-Sep-2026
CHOICE|2|1|9|1|0|1|12:19:30.000 PM 28-Sep-2026
CONFIRM|2|1|9|12:19:42.000 PM 28-Sep-2026
CHOICE|2|1|10|3|0|4|12:19:57.000 PM 28-Sep-2026
CHOICE|2|1|10|3|2|2|12:20:07.000 PM 28-Sep-2026
CHOICE|2|1|10|3|2|1|12:20:09.000 PM 28-Sep-2026
CONFIRM|2|1|10|12:20:24.000 PM 28-Sep-2026
CHOICE|2|1|11|3|0|1|12:20:28.000 PM 28-Sep-2026
CHOICE|2|1|11|1|1|4|12:20:31.000 PM 28-Sep-2026
CHOICE|2|1|11|0|0|1|12:20:39.000 PM 28-Sep-2026
CONFIRM|2|1|11|12:20:49.000 PM 28-Sep-2026
CHOICE|2|1|12|0|3|1|12:20:50.000 PM 28-Sep-2026
CHOICE|2|1|12|0|3|2|12:20:56.000 PM 28-Sep-2026
CHOICE|2|1|12|0|3|4|12:21:09.000 PM 28-Sep-2026
CONFIRM|2|1|12|12:21:16.000 PM 28-Sep-2026
CHOICE|2|1|13|1|3|4|12:21:30.000 PM 28-Sep-2026
CONFIRM|2|1|13|12:21:35.000 PM 28-Sep-2026
CHOICE|2|1|14|1|1|1|12:21:40.000 PM 28-Sep-2026
CONFIRM|2|1|14|12:21:43.000 PM 28-Sep-2026
CHOICE|2|1|15|3|1|1|12:21:57.000 PM 28-Sep-2026
CHOICE|2|1|15|1|0|2|12:22:06.000 PM 28-Sep-2026
CHOICE|2|1|15|1|0|2|12:22:18.000 PM 28-Sep-2026
CONFIRM|2|1|15|12:22:20.000 PM 28-Sep-2026
CHOICE|2|1|16|1|1|1|12:22:32.000 PM 28-Sep-2026
CHOICE|2|1|16|2|0|1|12:22:39.000 PM 28-Sep-2026
CHOICE|2|1|16|2|0|4|12:22:44.000 PM 28-Sep-2026
CONFIRM|2|1|16|12:22:45.000 PM 28-Sep-2026
CHOICE|2|1|17|3|2|3|12:22:52.000 PM 28-Sep-2026
CONFIRM|2|1|17|12:23:02.000 PM 28-Sep-2026
CHOICE|2|1|18|3|0|2|12:23:07.000 PM 28-Sep-2026
CONFIRM|2|1|18|12:23:22.000 PM 28-Sep-2026
CHOICE|2|1|19|2|2|-99|12:23:29.000 PM 28-Sep-2026
CHOICE|2|1|19|2|0|4|12:23:34.000 PM 28-Sep-2026
CONFIRM|2|1|19|12:23:46.000 PM 28-Sep-2026
CHOICE|2|1|20|3|3|2|12:23:55.000 PM 28-Sep-2026
CHOICE|2|1|20|0|0|2|12:23:58.000 PM 28-Sep-2026
CHOICE|2|1|20|0|0|2|12:24:06.000 PM 28-Sep-2026
CONFIRM|2|1|20|12:24:13.000 PM 28-Sep-2026
SCORE|2|1|1|0|4|1
SCORE|2|1|2|15|18|4
SCORE|2|1|3|13|18|0
SCORE|2|1|4|15|47|16
SCORE|2|1|5|2|33|7
SCORE|2|1|6|3|14|18
SCORE|2|1|7|8|8|16
SCORE|2|1|8|10|60|16
SCORE|2|1|9|10|22|4
SCORE|2|1|10|12|16|19
SCORE|2|1|11|7|41|7
SCORE|2|1|12|3|49|15
SCORE|2|1|13|7|37|3
SCORE|2|1|14|16|23|11
SCORE|2|1|15|11|39|13
SCORE|2|1|16|5|20|19
SCORE|2|1|17|19|55|16
SCORE|2|1|18|6|18|2
SCORE|2|1|19|7|25|12
SCORE|2|1|20|2|34|15
PHASE|phase-2-2|12:24:15.000 PM 28-Sep-2026
STATE|2|2|0|0|animalCount|[2 2 6 9 2 7 0 3 3 6 2 1 9 5 4 10 8 9 3 8]
STATE|2|2|0|0|forageCount|8.72
STATE|2|2|0|0|forageMass|0.05
STATE|2|2|0|0|fenced?|false
STATE|2|2|0|0|attacked?|true
STATE|2|2|0|0|cropped|true
STATE|2|2|0|0|totalLivestock|[2 10 6 1 1 8 1 4 1 6 5 10 6 8 7 3 5 2 10 3]
STATE|2|2|0|0|treeCount|4.71
STATE|2|2|0|0|grassMass|8.46
STATE|2|2|0|0|pAttack|8.6
STATE|2|2|0|0|arable|false
STATE|2|2|0|0|totalHarvest|1.52
STATE|2|2|0|0|animalLoss|9.26
STATE|2|2|0|0|ownedBy|0
STATE|2|2|0|0|village|1
STATE|2|2|0|0|shared?|false
STATE|2|2|0|1|animalCount|[8 4 10 7 4 7 8 3 6 5 0 3 9 5 9 1 0 4 0 3]
STATE|2|2|0|1|forageCount|1.84
STATE|2|2|0|1|forageMass|0.26
STATE|2|2|0|1|fenced?|false
STATE|2|2|0|1|attacked?|true
STATE|2|2|0|1|cropped|false
STATE|2|2|0|1|totalLivestock|[8 5 8 2 3 1 9 7 1 8 1 3 10 1 8 5 7 1 3 0]
STATE|2|2|0|1|treeCount|8.41
STATE|2|2|0|1|grassMass|4.06
STATE|2|2|0|1|pAttack|9.09
STATE|2|2|0|1|arable|true
STATE|2|2|0|1|totalHarvest|7.57
STATE|2|2|0|1|animalLoss|4.67
STATE|2|2|0|1|ownedBy|3
STATE|2|2|0|1|village|2
STATE|2|2|0|1|shared?|false
STATE|2|2|0|2|animalCount|[9 5 3 10 7 3 8 7 1 9 7 1 8 0 1 1 8 7 9 7]
STATE|2|2|0|2|forageCount|9.32
STATE|2|2|0|2|forageMass|2.21
STATE|2|2|0|2|fenced?|false
STATE|2|2|0|2|attacked?|true
STATE|2|2|0|2|cropped|true
STATE|2|2|0|2|totalLivestock|[0 0 0 6 6 1 3 7 8 0 5 1 0 3 3 7 1 9 9 1]
STATE|2|2|0|2|treeCount|4.51
STATE|2|2|0|2|grassMass|8.3
STATE|2|2|0|2|pAttack|0.51
STATE|2|2|0|2|arable|true
STATE|2|2|0|2|totalHarvest|4.54
STATE|2|2|0|2|animalLoss|5.16
STATE|2|2|0|2|ownedBy|2
STATE|2|2|0|2|village|2
STATE|2|2|0|2|shared?|false
STATE|2|2|0|3|animalCount|[2 7 1 7 2 7 10 8 1 6 4 4 8 4 7 8 7 0 0 10]
STATE|2|2|0|3|forageCount|4.19
STATE|2|2|0|3|forageMass|6.69
STATE|2|2|0|3|fenced?|true
STATE|2|2|0|3|attacked?|false
STATE|2|2|0|3|cropped|true
STATE|2|2|0|3|totalLivestock|[8 10 10 6 5 2 1 2 10 9 6 5 3 4 5 0 6 0 5 2]
STATE|2|2|0|3|treeCount|4.19
STATE|2|2|0|3|grassMass|8.31
STATE|2|2|0|3|pAttack|9.97
STATE|2|2|0|3|arable|false
STATE|2|2|0|3|totalHarvest|5.81
STATE|2|2|0|3|animalLoss|4.72
STATE|2|2|0|3|ownedBy|3
STATE|2|2|0|3|village|3
STATE|2|2|0|3|shared?|false
STATE|2|2|1|0|animalCount|[7 9 1 8 6 9 3 4 0 9 4 10 10 4 6 9 2 9 4 9]
STATE|2|2|1|0|forageCount|0.02
STATE|2|2|1|0|forageMass|9.07
STATE|2|2|1|0|fenced?|true
STATE|2|2|1|0|attacked?|false
STATE|2|2|1|0|cropped|false
STATE|2|2|1|0|totalLivestock|[1 4 2 4 3 6 5 7 2 2 1 0 2 0 4 2 2 7 7 10]
STATE|2|2|1|0|treeCount|4.52
STATE|2|2|1|0|grassMass|0.96
STATE|2|2|1|0|pAttack|9.44
STATE|2|2|1|0|arable|false
STATE|2|2|1|0|totalHarvest|6.35
STATE|2|2|1|0|animalLoss|8.59
STATE|2|2|1|0|ownedBy|0
STATE|2|2|1|0|village|0
STATE|2|2|1|0|shared?|true
STATE|2|2|1|1|animalCount|[10 3 6 7 9 8 5 2 4 4 8 6 1 10 2 8 9 0 7 2]
STATE|2|2|1|1|forageCount|2.58
STATE|2|2|1|1|forageMass|2.05
STATE|2|2|1|1|fenced?|true
STATE|2|2|1|1|attacked?|false
STATE|2|2|1|1|cropped|false
STATE|2|2|1|1|totalLivestock|[4 7 4 7 5 9 1 0 10 6 9 0 0 8 9 5 6 8 0 1]
STATE|2|2|1|1|treeCount|3.63
STATE|2|2|1|1|grassMass|7.1
STATE|2|2|1|1|pAttack|0.41
STATE|2|2|1|1|arable|true
STATE|2|2|1|1|totalHarvest|4.41
STATE|2|2|1|1|animalLoss|6.58
STATE|2|2|1|1|ownedBy|3
STATE|2|2|1|1|village|0
STATE|2|2|1|1|shared?|true
STATE|2|2|1|2|animalCount|[3 4 9 3 0 7 9 0 1 5 6 0 3 7 5 5 1 7 2 0]
STATE|2|2|1|2|forageCount|6.54
STATE|2|2|1|2|forageMass|7.69
STATE|2|2|1|2|fenced?|true
STATE|2|2|1|2|attacked?|true
STATE|2|2|1|2|cropped|true
STATE|2|2|1|2|totalLivestock|[1 2 0 8 6 4 7 1 8 3 9 10 1 10 7 9 6 7 2 5]
STATE|2|2|1|2|treeCount|2.87
STATE|2|2|1|2|grassMass|1.85
STATE|2|2|1|2|pAttack|1.14
STATE|2|2|1|2|arable|true
STATE|2|2|1|2|totalHarvest|6.49
STATE|2|2|1|2|animalLoss|9.61
STATE|2|2|1|2|ownedBy|3
STATE|2|2|1|2|village|1
STATE|2|2|1|2|shared?|false
STATE|2|2|1|3|animalCount|[10 10 3 1 7 4 3 5 8 0 6 7 2 2 3 6 10 1 1 5]
STATE|2|2|1|3|forageCount|1.05
STATE|2|2|1|3|forageMass|9.44
STATE|2|2|1|3|fenced?|false
STATE|2|2|1|3|attacked?|true
STATE|2|2|1|3|cropped|true
STATE|2|2|1|3|totalLivestock|[3 8 7 3 9 9 4 4 10 3 4 4 9 6 5 6 7 4 7 9]
STATE|2|2|1|3|treeCount|8.28
STATE|2|2|1|3|grassMass|0.32
STATE|2|2|1|3|pAttack|6.83
STATE|2|2|1|3|arable|true
STATE|2|2|1|3|totalHarvest|1.83
STATE|2|2|1|3|animalLoss|1.09
STATE|2|2|1|3|ownedBy|0
STATE|2|2|1|3|village|0
STATE|2|2|1|3|shared?|false
STATE|2|2|2|0|animalCount|[6 10 2 0 10 8 5 10 5 0 9 6 10 9 1 10 10 9 8 7]
STATE|2|2|2|0|forageCount|2.55
STATE|2|2|2|0|forageMass|0.56
STATE|2|2|2|0|fenced?|false
STATE|2|2|2|0|attacked?|true
STATE|2|2|2|0|cropped|false
STATE|2|2|2|0|totalLivestock|[6 0 9 3 4 2 3 2 5 7 0 10 5 0 4 4 10 5 6 9]
STATE|2|2|2|0|treeCount|1.4
STATE|2|2|2|0|grassMass|9.97
STATE|2|2|2|0|pAttack|4.55
STATE|2|2|2|0|arable|true
STATE|2|2|2|0|totalHarvest|3.84
STATE|2|2|2|0|animalLoss|2.54
STATE|2|2|2|0|ownedBy|3
STATE|2|2|2|0|village|0
STATE|2|2|2|0|shared?|false
STATE|2|2|2|1|animalCount|[4 0 7 4 8 5 0 4 5 0 1 6 7 2 0 4 6 6 3 4]
STATE|2|2|2|1|forageCount|8.42
STATE|2|2|2|1|forageMass|9.45
STATE|2|2|2|1|fenced?|true
STATE|2|2|2|1|attacked?|false
STATE|2|2|2|1|cropped|true
STATE|2|2|2|1|totalLivestock|[5 3 1 4 10 3 10 7 10 3 0 3 10 10 5 3 6 6 8 3]
STATE|2|2|2|1|treeCount|8.02
STATE|2|2|2|1|grassMass|4.24
STATE|2|2|2|1|pAttack|6.96
STATE|2|2|2|1|arable|false
STATE|2|2|2|1|totalHarvest|0.89
STATE|2|2|2|1|animalLoss|8.85
STATE|2|2|2|1|ownedBy|3
STATE|2|2|2|1|village|0
STATE|2|2|2|1|shared?|true
STATE|2|2|2|2|animalCount|[5 6 2 0 6 9 9 9 5 2 6 8 0 10 6 8 4 8 3 8]
STATE|2|2|2|2|forageCount|3.26
STATE|2|2|2|2|forageMass|6.7
STATE|2|2|2|2|fenced?|true
STATE|2|2|2|2|attacked?|true
STATE|2|2|2|2|cropped|false
STATE|2|2|2|2|totalLivestock|[7 9 4 0 7 2 2 7 8 7 9 1 10 5 1 7 0 8 4 5]
STATE|2|2|2|2|treeCount|9.66
STATE|2|2|2|2|grassMass|3.05
STATE|2|2|2|2|pAttack|8.22
STATE|2|2|2|2|arable|false
STATE|2|2|2|2|totalHarvest|8.06
STATE|2|2|2|2|animalLoss|2.13
STATE|2|2|2|2|ownedBy|3
STATE|2|2|2|2|village|3
STATE|2|2|2|2|shared?|true
STATE|2|2|2|3|animalCount|[9 8 6 3 4 1 0 3 3 5 2 2 3 5 10 1 0 1 1 3]
STATE|2|2|2|3|forageCount|8.4
STATE|2|2|2|3|forageMass|1.66
STATE|2|2|2|3|fenced?|true
STATE|2|2|2|3|attacked?|true
STATE|2|2|2|3|cropped|true
STATE|2|2|2|3|totalLivestock|[3 1 5 9 10 4 10 0 8 8 0 9 9 6 2 10 2 9 5 2]
STATE|2|2|2|3|treeCount|1.67
STATE|2|2|2|3|grassMass|5.93
STATE|2|2|2|3|pAttack|3.01
STATE|2|2|2|3|arable|true
STATE|2|2|2|3|totalHarvest|2.21
STATE|2|2|2|3|animalLoss|1.86
STATE|2|2|2|3|ownedBy|3
STATE|2|2|2|3|village|2
STATE|2|2|2|3|shared?|true
STATE|2|2|3|0|animalCount|[10 6 0 7 10 2 4 9 6 4 9 1 5 3 3 5 6 9 9 5]
STATE|2|2|3|0|forageCount|4.08
STATE|2|2|3|0|forageMass|1.38
STATE|2|2|3|0|fenced?|true
STATE|2|2|3|0|attacked?|false
STATE|2|2|3|0|cropped|false
STATE|2|2|3|0|totalLivestock|[6 10 3 10 4 7 5 1 2 8 8 2 7 1 3 4 10 4 5 4]
STATE|2|2|3|0|treeCount|5.52
STATE|2|2|3|0|grassMass|7.39
STATE|2|2|3|0|pAttack|8.07
STATE|2|2|3|0|arable|false
STATE|2|2|3|0|totalHarvest|8.77
STATE|2|2|3|0|animalLoss|5.39
STATE|2|2|3|0|ownedBy|1
STATE|2|2|3|0|village|0
STATE|2|2|3|0|shared?|true
STATE|2|2|3|1|animalCount|[7 7 4 10 0 3 9 9 1 3 2 9 4 1 2 0 8 7 10 3]
STATE|2|2|3|1|forageCount|7.43
STATE|2|2|3|1|forageMass|0.35
STATE|2|2|3|1|fenced?|false
STATE|2|2|3|1|attacked?|false
STATE|2|2|3|1|cropped|true
STATE|2|2|3|1|totalLivestock|[2 8 1 1 5 10 4 4 1 6 1 2 8 4 3 1 5 2 10 10]
STATE|2|2|3|1|treeCount|4.13
STATE|2|2|3|1|grassMass|1.01
STATE|2|2|3|1|pAttack|9.67
STATE|2|2|3|1|arable|false
STATE|2|2|3|1|totalHarvest|8.76
STATE|2|2|3|1|animalLoss|3.23
STATE|2|2|3|1|ownedBy|3
STATE|2|2|3|1|village|0
STATE|2|2|3|1|shared?|true
STATE|2|2|3|2|animalCount|[8 7 9 2 10 1 4 3 8 6 0 3 10 8 3 5 5 2 4 10]
STATE|2|2|3|2|forageCount|8.92
STATE|2|2|3|2|forageMass|7.18
STATE|2|2|3|2|fenced?|true
STATE|2|2|3|2|attacked?|true
STATE|2|2|3|2|cropped|false
STATE|2|2|3|2|totalLivestock|[1 6 4 8 8 8 8 2 4 7 7 9 7 5 5 0 1 4 0 8]
STATE|2|2|3|2|treeCount|5.41
STATE|2|2|3|2|grassMass|3.9
STATE|2|2|3|2|pAttack|9.06
STATE|2|2|3|2|arable|false
STATE|2|2|3|2|totalHarvest|8.46
STATE|2|2|3|2|animalLoss|1.67
STATE|2|2|3|2|ownedBy|0
STATE|2|2|3|2|village|0
STATE|2|2|3|2|shared?|true
STATE|2|2|3|3|animalCount|[0 8 3 7 0 6 8 2 4 8 7 0 9 5 9 4 0 5 1 6]
STATE|2|2|3|3|forageCount|9.35
STATE|2|2|3|3|forageMass|3.1
STATE|2|2|3|3|fenced?|true
STATE|2|2|3|3|attacked?|true
STATE|2|2|3|3|cropped|true
STATE|2|2|3|3|totalLivestock|[10 0 3 2 10 4 6 4 5 9 3 7 2 10 6 6 1 4 9 5]
STATE|2|2|3|3|treeCount|1.0
STATE|2|2|3|3|grassMass|4.23
STATE|2|2|3|3|pAttack|8.99
STATE|2|2|3|3|arable|true
STATE|2|2|3|3|totalHarvest|2.68
STATE|2|2|3|3|animalLoss|3.85
STATE|2|2|3|3|ownedBy|3
STATE|2|2|3|3|village|0
STATE|2|2|3|3|shared?|false
CHOICE|2|2|1|3|0|3|12:24:30.000 PM 28-Sep-2026
CHOICE|2|2|1|3|1|4|12:24:41.000 PM 28-Sep-2026
CONFIRM|2|2|1|12:24:42.000 PM 28-Sep-2026
CHOICE|2|2|2|3|1|2|12:24:48.000 PM 28-Sep-2026
CONFIRM|2|2|2|12:24:58.000 PM 28-Sep-2026
CHOICE|2|2|3|0|1|3|12:25:03.000 PM 28-Sep-2026
CONFIRM|2|2|3|12:25:05.000 PM 28-Sep-2026
CHOICE|2|2|4|3|0|4|12:25:07.000 PM 28-Sep-2026
CONFIRM|2|2|4|12:25:16.000 PM 28-Sep-2026
CHOICE|2|2|5|1|1|3|12:25:19.000 PM 28-Sep-2026
CHOICE|2|2|5|1|1|2|12:25:33.000 PM 28-Sep-2026
CHOICE|2|2|5|1|1|-99|12:25:38.000 PM 28-Sep-2026
CONFIRM|2|2|5|12:25:51.000 PM 28-Sep-2026
CHOICE|2|2|6|1|1|3|12:26:01.000 PM 28-Sep-2026
CHOICE|2|2|6|1|1|2|12:26:15.000 PM 28-Sep-2026
CHOICE|2|2|6|3|3|2|12:26:24.000 PM 28-Sep-2026
CONFIRM|2|2|6|12:26:39.000 PM 28-Sep-2026
CHOICE|2|2|7|0|2|4|12:26:47.000 PM 28-Sep-2026
CONFIRM|2|2|7|12:26:54.000 PM 28-Sep-2026
CHOICE|2|2|8|2|1|3|12:27:09.000 PM 28-Sep-2026
CHOICE|2|2|8|3|2|1|12:27:17.000 PM 28-Sep-2026
CONFIRM|2|2|8|12:27:27.000 PM 28-Sep-2026
CHOICE|2|2|9|3|2|3|12:27:40.000 PM 28-Sep-2026
CHOICE|2|2|9|0|2|4|12:27:50.000 PM 28-Sep-2026
CHOICE|2|2|9|0|2|3|12:28:05.000 PM 28-Sep-2026
CONFIRM|2|2|9|12:28:10.000 PM 28-Sep-2026
CHOICE|2|2|10|3|3|2|12:28:11.000 PM 28-Sep-2026
CONFIRM|2|2|10|12:28:15.000 PM 28-Sep-2026
CHOICE|2|2|11|2|1|3|12:28:22.000 PM 28-Sep-2026
CHOICE|2|2|11|2|2|1|12:28:34.000 PM 28-Sep-2026
CONFIRM|2|2|11|12:28:42.000 PM 28-Sep-2026
CHOICE|2|2|12|1|1|3|12:28:56.000 PM 28-Sep-2026
CHOICE|2|2|12|1|1|2|12:28:57.000 PM 28-Sep-2026
CONFIRM|2|2|12|12:29:05.000 PM 28-Sep-2026
CHOICE|2|2|13|3|2|4|12:29:11.000 PM 28-Sep-2026
CONFIRM|2|2|13|12:29:16.000 PM 28-Sep-2026
CHOICE|2|2|14|0|0|2|12:29:24.000 PM 28-Sep-2026
CONFIRM|2|2|14|12:29:35.000 PM 28-Sep-2026
CHOICE|2|2|15|3|3|3|12:29:38.000 PM 28-Sep-2026
CHOICE|2|2|15|3|3|3|12:29:51.000 PM 28-Sep-2026
CHOICE|2|2|15|3|3|2|12:29:55.000 PM 28-Sep-2026
CONFIRM|2|2|15|12:30:01.000 PM 28-Sep-2026
CHOICE|2|2|16|1|2|-99|12:30:15.000 PM 28-Sep-2026
CONFIRM|2|2|16|12:30:17.000 PM 28-Sep-2026
CHOICE|2|2|17|0|2|4|12:30:29.000 PM 28-Sep-2026
CHOICE|2|2|17|3|3|3|12:30:43.000 PM 28-Sep-2026
CHOICE|2|2|17|3|3|3|12:30:56.000 PM 28-Sep-2026
CONFIRM|2|2|17|12:30:58.000 PM 28-Sep-2026
CHOICE|2|2|18|1|3|2|12:31:04.000 PM 28-Sep-2026
CONFIRM|2|2|18|12:31:12.000 PM 28-Sep-2026
CHOICE|2|2|19|2|1|3|12:31:27.000 PM 28-Sep-2026
CHOICE|2|2|19|3|3|4|12:31:31.000 PM 28-Sep-2026
CHOICE|2|2|19|0|3|3|12:31:41.000 PM 28-Sep-2026
CONFIRM|2|2|19|12:31:54.000 PM 28-Sep-2026
CHOICE|2|2|20|3|3|3|12:32:00.000 PM 28-Sep-2026
CHOICE|2|2|20|3|0|4|12:32:06.000 PM 28-Sep-2026
CHOICE|2|2|20|1|2|3|12:32:18.000 PM 28-Sep-2026
CONFIRM|2|2|20|12:32:33.000 PM 28-Sep-2026
SCORE|2|2|1|3|51|6
SCORE|2|2|2|5|48|18
SCORE|2|2|3|19|61|16
SCORE|2|2|4|18|66|11
SCORE|2|2|5|10|31|13
SCORE|2|2|6|12|25|15
SCORE|2|2|7|15|45|20
SCORE|2|2|8|15|27|9
SCORE|2|2|9|5|18|12
SCORE|2|2|10|13|58|12
SCORE|2|2|11|17|27|20
SCORE|2|2|12|2|37|18
SCORE|2|2|13|0|7|14
SCORE|2|2|14|12|60|3
SCORE|2|2|15|3|4|11
SCORE|2|2|16|14|41|9
SCORE|2|2|17|9|15|4
SCORE|2|2|18|18|62|13
SCORE|2|2|19|10|11|4
SCORE|2|2|20|0|0|18
PHASE|phase-3-1|12:32:48.000 PM 28-Sep-2026
STATE|3|1|0|0|animalCount|[10 10 8 7 3 10 4 9 4 5 9 4 5 8 10 2 9 2 4 6]
STATE|3|1|0|0|forageCount|6.28
STATE|3|1|0|0|forageMass|7.12
STATE|3|1|0|0|fenced?|true
STATE|3|1|0|0|attacked?|false
STATE|3|1|0|0|cropped|false
STATE|3|1|0|0|totalLivestock|[9 1 9 3 6 10 8 5 8 3 6 6 8 6 2 8 1 5 6 2]
STATE|3|1|0|0|treeCount|5.79
STATE|3|1|0|0|grassMass|4.06
STATE|3|1|0|0|pAttack|2.63
STATE|3|1|0|0|arable|false
STATE|3|1|0|0|totalHarvest|4.79
STATE|3|1|0|0|animalLoss|4.17
STATE|3|1|0|0|ownedBy|0
STATE|3|1|0|0|village|0
STATE|3|1|0|0|shared?|true
STATE|3|1|0|1|animalCount|[9 10 8 6 9 6 9 5 2 9 8 0 4 8 6 3 9 1 7 5]
STATE|3|1|0|1|forageCount|5.94
STATE|3|1|0|1|forageMass|5.33
STATE|3|1|0|1|fenced?|false
STATE|3|1|0|1|attacked?|false
STATE|3|1|0|1|cropped|false
STATE|3|1|0|1|totalLivestock|[10 1 2 5 8 4 8 3 0 5 6 9 2 0 0 9 7 0 2 1]
STATE|3|1|0|1|treeCount|8.73
STATE|3|1|0|1|grassMass|4.9
STATE|3|1|0|1|pAttack|3.17
STATE|3|1|0|1|arable|false
STATE|3|1|0|1|totalHarvest|1.49
STATE|3|1|0|1|animalLoss|8.47
STATE|3|1|0|1|ownedBy|3
STATE|3|1|0|1|village|0
STATE|3|1|0|1|shared?|false
STATE|3|1|0|2|animalCount|[6 1 1 4 1 3 9 8 6 7 0 4 8 0 7 7 6 7 8 1]
STATE|3|1|0|2|forageCount|4.3
STATE|3|1|0|2|forageMass|4.71
STATE|3|1|0|2|fenced?|false
STATE|3|1|0|2|attacked?|false
STATE|3|1|0|2|cropped|false
STATE|3|1|0|2|totalLivestock|[0 1 0 4 0 2 1 6 0 4 4 5 5 2 4 6 7 2 0 6]
STATE|3|1|0|2|treeCount|6.39
STATE|3|1|0|2|grassMass|4.79
STATE|3|1|0|2|pAttack|4.94
STATE|3|1|0|2|arable|false
STATE|3|1|0|2|totalHarvest|9.29
STATE|3|1|0|2|animalLoss|0.8
STATE|3|1|0|2|ownedBy|0
STATE|3|1|0|2|village|1
STATE|3|1|0|2|shared?|true
STATE|3|1|0|3|animalCount|[6 8 8 6 4 9 5 1 3 2 8 5 7 5 0 5 9 8 4 10]
STATE|3|1|0|3|forageCount|3.89
STATE|3|1|0|3|forageMass|0.72
STATE|3|1|0|3|fenced?|true
STATE|3|1|0|3|attacked?|true
STATE|3|1|0|3|cropped|false
STATE|3|1|0|3|totalLivestock|[5 3 10 6 0 8 9 3 5 2 9 1 0 1 7 4 4 2 1 0]
STATE|3|1|0|3|treeCount|6.86
STATE|3|1|0|3|grassMass|7.39
STATE|3|1|0|3|pAttack|3.9
STATE|3|1|0|3|arable|true
STATE|3|1|0|3|totalHarvest|7.8
STATE|3|1|0|3|animalLoss|5.7
STATE|3|1|0|3|ownedBy|1
STATE|3|1|0|3|village|2
STATE|3|1|0|3|shared?|false
STATE|3|1|1|0|animalCount|[0 1 6 7 8 5 0 9 10 2 9 10 2 7 10 9 2 0 10 2]
STATE|3|1|1|0|forageCount|6.88
STATE|3|1|1|0|forageMass|0.03
STATE|3|1|1|0|fenced?|false
STATE|3|1|1|0|attacked?|true
STATE|3|1|1|0|cropped|true
STATE|3|1|1|0|totalLivestock|[4 4 5 8 8 4 6 3 5 3 7 2 1 3 9 3 9 2 6 3]
STATE|3|1|1|0|treeCount|3.93
STATE|3|1|1|0|grassMass|5.79
STATE|3|1|1|0|pAttack|0.92
STATE|3|1|1|0|arable|true
STATE|3|1|1|0|totalHarvest|9.45
STATE|3|1|1|0|animalLoss|9.02
STATE|3|1|1|0|ownedBy|0
STATE|3|1|1|0|village|0
STATE|3|1|1|0|shared?|true
STATE|3|1|1|1|animalCount|[3 4 5 8 5 2 1 2 1 7 7 7 9 2 10 9 3 3 2 4]
STATE|3|1|1|1|forageCount|9.94
STATE|3|1|1|1|forageMass|4.28
STATE|3|1|1|1|fenced?|true
STATE|3|1|1|1|attacked?|false
STATE|3|1|1|1|cropped|true
STATE|3|1|1|1|totalLivestock|[0 1 5 1 2 8 0 8 2 5 3 5 9 7 10 4 6 6 7 3]
STATE|3|1|1|1|treeCount|0.56
STATE|3|1|1|1|grassMass|1.59
STATE|3|1|1|1|pAttack|3.98
STATE|3|1|1|1|arable|true
STATE|3|1|1|1|totalHarvest|1.64
STATE|3|1|1|1|animalLoss|6.29
STATE|3|1|1|1|ownedBy|2
STATE|3|1|1|1|village|0
STATE|3|1|1|1|shared?|false
STATE|3|1|1|2|animalCount|[4 3 1 9 3 7 7 2 4 0 9 5 5 1 1 8 10 1 0 5]
STATE|3|1|1|2|forageCount|5.61
STATE|3|1|1|2|forageMass|5.57
STATE|3|1|1|2|fenced?|true
STATE|3|1|1|2|attacked?|true
STATE|3|1|1|2|cropped|false
STATE|3|1|1|2|totalLivestock|[1 2 2 1 5 0 1 0 10 7 6 10 9 5 8 9 3 5 5 6]
STATE|3|1|1|2|treeCount|4.41
STATE|3|1|1|2|grassMass|4.11
STATE|3|1|1|2|pAttack|9.47
STATE|3|1|1|2|arable|true
STATE|3|1|1|2|totalHarvest|8.06
STATE|3|1|1|2|animalLoss|4.59
STATE|3|1|1|2|ownedBy|3
STATE|3|1|1|2|village|0
STATE|3|1|1|2|shared?|true
STATE|3|1|1|3|animalCount|[8 7 4 0 6 8 7 3 6 6 1 0 0 0 10 10 6 0 1 8]
STATE|3|1|1|3|forageCount|4.57
STATE|3|1|1|3|forageMass|1.11
STATE|3|1|1|3|fenced?|false
STATE|3|1|1|3|attacked?|true
STATE|3|1|1|3|cropped|false
STATE|3|1|1|3|totalLivestock|[2 8 10 5 7 5 10 4 1 8 9 6 5 6 4 2 1 7 4 10]
STATE|3|1|1|3|treeCount|6.45
STATE|3|1|1|3|grassMass|3.91
STATE|3|1|1|3|pAttack|8.72
STATE|3|1|1|3|arable|false
STATE|3|1|1|3|totalHarvest|1.83
STATE|3|1|1|3|animalLoss|2.13
STATE|3|1|1|3|ownedBy|2
STATE|3|1|1|3|village|0
STATE|3|1|1|3|shared?|true
STATE|3|1|2|0|animalCount|[6 0 7 5 0 7 3 7 1 1 4 1 10 7 1 10 6 5 2 4]
STATE|3|1|2|0|forageCount|2.1
STATE|3|1|2|0|forageMass|6.44
STATE|3|1|2|0|fenced?|false
STATE|3|1|2|0|attacked?|false
STATE|3|1|2|0|cropped|false
STATE|3|1|2|0|totalLivestock|[0 3 8 2 7 0 2 2 2 6 6 9 9 4 5 3 10 10 0 1]
STATE|3|1|2|0|treeCount|1.73
STATE|3|1|2|0|grassMass|3.96
STATE|3|1|2|0|pAttack|9.29
STATE|3|1|2|0|arable|false
STATE|3|1|2|0|totalHarvest|7.61
STATE|3|1|2|0|animalLoss|5.9
STATE|3|1|2|0|ownedBy|0
STATE|3|1|2|0|village|0
STATE|3|1|2|0|shared?|false
STATE|3|1|2|1|animalCount|[5 8 2 9 1 3 0 7 4 8 3 8 2 2 10 9 6 10 8 4]
STATE|3|1|2|1|forageCount|4.72
STATE|3|1|2|1|forageMass|9.48
STATE|3|1|2|1|fenced?|true
STATE|3|1|2|1|attacked?|true
STATE|3|1|2|1|cropped|false
STATE|3|1|2|1|totalLivestock|[1 1 1 2 5 10 4 7 10 8 3 8 3 8 1 10 9 8 7 1]
STATE|3|1|2|1|treeCount|2.71
STATE|3|1|2|1|grassMass|2.54
STATE|3|1|2|1|pAttack|4.59
STATE|3|1|2|1|arable|true
STATE|3|1|2|1|totalHarvest|9.64
STATE|3|1|2|1|animalLoss|0.43
STATE|3|1|2|1|ownedBy|3
STATE|3|1|2|1|village|3
STATE|3|1|2|1|shared?|true
STATE|3|1|2|2|animalCount|[7 3 2 1 7 9 7 6 10 6 4 0 9 3 0 8 9 3 7 3]
STATE|3|1|2|2|forageCount|7.07
STATE|3|1|2|2|forageMass|8.33
STATE|3|1|2|2|fenced?|false
STATE|3|1|2|2|attacked?|true
STATE|3|1|2|2|cropped|true
STATE|3|1|2|2|totalLivestock|[1 5 2 6 4 9 4 7 6 1 4 3 4 1 9 8 8 3 7 1]
STATE|3|1|2|2|treeCount|7.11
STATE|3|1|2|2|grassMass|3.61
STATE|3|1|2|2|pAttack|8.51
STATE|3|1|2|2|arable|false
STATE|3|1|2|2|totalHarvest|3.18
STATE|3|1|2|2|animalLoss|0.84
STATE|3|1|2|2|ownedBy|2
STATE|3|1|2|2|village|3
STATE|3|1|2|2|shared?|false
STATE|3|1|2|3|animalCount|[0 4 2 7 9 1 2 5 7 5 10 10 1 2 1 7 4 10 5 3]
STATE|3|1|2|3|forageCount|2.39
STATE|3|1|2|3|forageMass|5.08
STATE|3|1|2|3|fenced?|false
STATE|3|1|2|3|attacked?|false
STATE|3|1|2|3|cropped|false
STATE|3|1|2|3|totalLivestock|[3 10 6 0 7 9 2 3 8 2 6 8 2 3 7 4 4 1 9 1]
STATE|3|1|2|3|treeCount|3.0
STATE|3|1|2|3|grassMass|7.77
STATE|3|1|2|3|pAttack|0.12
STATE|3|1|2|3|arable|false
STATE|3|1|2|3|totalHarvest|9.06
STATE|3|1|2|3|animalLoss|2.42
STATE|3|1|2|3|ownedBy|2
STATE|3|1|2|3|village|3
STATE|3|1|2|3|shared?|true
STATE|3|1|3|0|animalCount|[6 0 9 7 3 9 5 7 0 4 5 1 6 0 10 3 6 10 2 3]
STATE|3|1|3|0|forageCount|8.37
STATE|3|1|3|0|forageMass|7.38
STATE|3|1|3|0|fenced?|true
STATE|3|1|3|0|attacked?|false
STATE|3|1|3|0|cropped|true
STATE|3|1|3|0|totalLivestock|[7 5 8 2 5 10 10 10 5 3 4 6 3 9 7 8 1 1 7 7]
STATE|3|1|3|0|treeCount|3.75
STATE|3|1|3|0|grassMass|0.94
STATE|3|1|3|0|pAttack|8.0
STATE|3|1|3|0|arable|true
STATE|3|1|3|0|totalHarvest|3.19
STATE|3|1|3|0|animalLoss|9.12
STATE|3|1|3|0|ownedBy|1
STATE|3|1|3|0|village|3
STATE|3|1|3|0|shared?|false
STATE|3|1|3|1|animalCount|[2 6 3 4 0 10 1 1 10 4 0 4 1 8 6 1 5 5 3 2]
STATE|3|1|3|1|forageCount|1.1
STATE|3|1|3|1|forageMass|4.83
STATE|3|1|3|1|fenced?|false
STATE|3|1|3|1|attacked?|false
STATE|3|1|3|1|cropped|true
STATE|3|1|3|1|totalLivestock|[9 4 8 0 6 6 5 10 0 1 7 10 4 2 9 5 4 9 0 7]
STATE|3|1|3|1|treeCount|3.91
STATE|3|1|3|1|grassMass|7.62
STATE|3|1|3|1|pAttack|0.06
STATE|3|1|3|1|arable|true
STATE|3|1|3|1|totalHarvest|0.64
STATE|3|1|3|1|animalLoss|7.56
STATE|3|1|3|1|ownedBy|3
STATE|3|1|3|1|village|0
STATE|3|1|3|1|shared?|false
STATE|3|1|3|2|animalCount|[3 10 10 9 2 10 0 3 3 7 5 5 2 1 9 2 5 7 4 8]
STATE|3|1|3|2|forageCount|6.97
STATE|3|1|3|2|forageMass|0.47
STATE|3|1|3|2|fenced?|true
STATE|3|1|3|2|attacked?|false
STATE|3|1|3|2|cropped|false
STATE|3|1|3|2|totalLivestock|[7 1 8 10 1 5 10 7 1 6 5 0 4 10 2 7 2 5 3 1]
STATE|3|1|3|2|treeCount|5.01
STATE|3|1|3|2|grassMass|4.64
STATE|3|1|3|2|pAttack|2.58
STATE|3|1|3|2|arable|true
STATE|3|1|3|2|totalHarvest|2.21
STATE|3|1|3|2|animalLoss|3.24
STATE|3|1|3|2|ownedBy|2
STATE|3|1|3|2|village|3
STATE|3|1|3|2|shared?|false
STATE|3|1|3|3|animalCount|[10 10 4 9 1 1 7 8 3 6 6 2 8 10 7 8 3 2 5 10]
STATE|3|1|3|3|forageCount|6.66
STATE|3|1|3|3|forageMass|7.87
STATE|3|1|3|3|fenced?|true
STATE|3|1|3|3|attacked?|false
STATE|3|1|3|3|cropped|false
STATE|3|1|3|3|totalLivestock|[1 3 4 10 9 3 2 2 10 0 1 10 9 2 5 7 6 2 3 7]
STATE|3|1|3|3|treeCount|2.54
STATE|3|1|3|3|grassMass|1.44
STATE|3|1|3|3|pAttack|0.46
STATE|3|1|3|3|arable|true
STATE|3|1|3|3|totalHarvest|6.53
STATE|3|1|3|3|animalLoss|5.25
STATE|3|1|3|3|ownedBy|3
STATE|3|1|3|3|village|3
STATE|3|1|3|3|shared?|true
CHOICE|3|1|1|3|3|4|12:32:50.000 PM 28-Sep-2026
CHOICE|3|1|1|3|3|3|12:32:55.000 PM 28-Sep-2026
CHOICE|3|1|1|3|3|3|12:32:57.000 PM 28-Sep-2026
CONFIRM|3|1|1|12:33:06.000 PM 28-Sep-2026
CHOICE|3|1|2|3|1|4|12:33:11.000 PM 28-Sep-2026
CHOICE|3|1|2|0|0|1|12:33:22.000 PM 28-Sep-2026
CHOICE|3|1|2|0|0|4|12:33:33.000 PM 28-Sep-2026
CONFIRM|3|1|2|12:33:46.000 PM 28-Sep-2026
CHOICE|3|1|3|3|1|4|12:33:57.000 PM 28-Sep-2026
CHOICE|3|1|3|0|0|4|12:34:06.000 PM 28-Sep-2026
CONFIRM|3|1|3|12:34:12.000 PM 28-Sep-2026
CHOICE|3|1|4|2|0|2|12:34:19.000 PM 28-Sep-2026
CONFIRM|3|1|4|12:34:22.000 PM 28-Sep-2026
CHOICE|3|1|5|1|0|3|12:34:37.000 PM 28-Sep-2026
CONFIRM|3|1|5|12:34:45.000 PM 28-Sep-2026
CHOICE|3|1|6|0|3|4|12:34:47.000 PM 28-Sep-2026
CHOICE|3|1|6|0|3|4|12:34:58.000 PM 28-Sep-2026
CONFIRM|3|1|6|12:35:12.000 PM 28-Sep-2026
CHOICE|3|1|7|0|3|1|12:35:21.000 PM 28-Sep-2026
CHOICE|3|1|7|0|2|1|12:35:23.000 PM 28-Sep-2026
CONFIRM|3|1|7|12:35:36.000 PM 28-Sep-2026
CHOICE|3|1|8|3|1|4|12:35:48.000 PM 28-Sep-2026
CHOICE|3|1|8|1|2|3|12:36:03.000 PM 28-Sep-2026
CHOICE|3|1|8|2|3|2|12:36:15.000 PM 28-Sep-2026
CONFIRM|3|1|8|12:36:26.000 PM 28-Sep-2026
CHOICE|3|1|9|2|3|2|12:36:41.000 PM 28-Sep-2026
CHOICE|3|1|9|0|0|3|12:36:43.000 PM 28-Sep-2026
CONFIRM|3|1|9|12:36:45.000 PM 28-Sep-2026
CHOICE|3|1|10|3|2|2|12:36:46.000 PM 28-Sep-2026
CHOICE|3|1|10|1|3|1|12:36:51.000 PM 28-Sep-2026
CONFIRM|3|1|10|12:37:02.000 PM 28-Sep-2026
CHOICE|3|1|11|2|2|2|12:37:14.000 PM 28-Sep-2026
CHOICE|3|1|11|1|2|1|12:37:15.000 PM 28-Sep-2026
CONFIRM|3|1|11|12:37:21.000 PM 28-Sep-2026
CHOICE|3|1|12|2|3|2|12:37:28.000 PM 28-Sep-2026
CHOICE|3|1|12|1|2|3|12:37:42.000 PM 28-Sep-2026
CHOICE|3|1|12|2|2|2|12:37:47.000 PM 28-Sep-2026
CONFIRM|3|1|12|12:37:52.000 PM 28-Sep-2026
CHOICE|3|1|13|0|1|3|12:37:57.000 PM 28-Sep-2026
CHOICE|3|1|13|0|1|1|12:38:12.000 PM 28-Sep-2026
CONFIRM|3|1|13|12:38:15.000 PM 28-Sep-2026
CHOICE|3|1|14|2|0|3|12:38:24.000 PM 28-Sep-2026
CHOICE|3|1|14|2|0|4|12:38:33.000 PM 28-Sep-2026
CONFIRM|3|1|14|12:38:41.000 PM 28-Sep-2026
CHOICE|3|1|15|0|0|1|12:38:44.000 PM 28-Sep-2026
CONFIRM|3|1|15|12:38:55.000 PM 28-Sep-2026
CHOICE|3|1|16|3|2|4|12:39:10.000 PM 28-Sep-2026
CONFIRM|3|1|16|12:39:23.000 PM 28-Sep-2026
CHOICE|3|1|17|2|2|4|12:39:36.000 PM 28-Sep-2026
CONFIRM|3|1|17|12:39:42.000 PM 28-Sep-2026
CHOICE|3|1|18|3|2|4|12:39:48.000 PM 28-Sep-2026
CONFIRM|3|1|18|12:39:55.000 PM 28-Sep-2026
CHOICE|3|1|19|1|2|-99|12:39:58.000 PM 28-Sep-2026
CHOICE|3|1|19|1|0|1|12:40:09.000 PM 28-Sep-2026
CHOICE|3|1|19|1|1|3|12:40:23.000 PM 28-Sep-2026
CONFIRM|3|1|19|12:40:34.000 PM 28-Sep-2026
CHOICE|3|1|20|3|2|1|12:40:48.000 PM 28-Sep-2026
CHOICE|3|1|20|1|3|3|12:40:51.000 PM 28-Sep-2026
CONFIRM|3|1|20|12:41:06.000 PM 28-Sep-2026
SCORE|3|1|1|2|19|0
SCORE|3|1|2|4|30|5
SCORE|3|1|3|15|15|4
SCORE|3|1|4|19|41|0
SCORE|3|1|5|9|26|2
SCORE|3|1|6|15|27|8
SCORE|3|1|7|20|39|8
SCORE|3|1|8|15|15|15
SCORE|3|1|9|11|51|10
SCORE|3|1|10|3|52|19
SCORE|3|1|11|0|8|16
SCORE|3|1|12|5|23|16
SCORE|3|1|13|3|26|5
SCORE|3|1|14|15|52|13
SCORE|3|1|15|0|10|5
SCORE|3|1|16|20|55|7
SCORE|3|1|17|8|32|15
SCORE|3|1|18|19|45|1
SCORE|3|1|19|11|43|20
SCORE|3|1|20|12|12|4
PHASE|phase-3-2|12:41:14.000 PM 28-Sep-2026
STATE|3|2|0|0|animalCount|[6 4 1 5 2 7 5 0 4 2 10 7 6 8 6 0 1 10 7 5]
STATE|3|2|0|0|forageCount|5.34
STATE|3|2|0|0|forageMass|5.3
STATE|3|2|0|0|fenced?|true
STATE|3|2|0|0|attacked?|true
STATE|3|2|0|0|cropped|true
STATE|3|2|0|0|totalLivestock|[4 10 6 9 7 5 1 6 4 0 6 4 3 10 5 5 10 7 9 9]
STATE|3|2|0|0|treeCount|7.03
STATE|3|2|0|0|grassMass|5.02
STATE|3|2|0|0|pAttack|6.81
STATE|3|2|0|0|arable|true
STATE|3|2|0|0|totalHarvest|1.54
STATE|3|2|0|0|animalLoss|9.2
STATE|3|2|0|0|ownedBy|1
STATE|3|2|0|0|village|2
STATE|3|2|0|0|shared?|false
STATE|3|2|0|1|animalCount|[6 1 0 7 8 0 10 5 3 1 8 2 0 6 0 7 7 5 2 4]
STATE|3|2|0|1|forageCount|9.72
STATE|3|2|0|1|forageMass|4.02
STATE|3|2|0|1|fenced?|false
STATE|3|2|0|1|attacked?|false
STATE|3|2|0|1|cropped|true
STATE|3|2|0|1|totalLivestock|[2 8 2 10 2 9 1 0 2 4 10 4 10 5 0 1 1 3 7 9]
STATE|3|2|0|1|treeCount|2.01
STATE|3|2|0|1|grassMass|2.47
STATE|3|2|0|1|pAttack|4.54
STATE|3|2|0|1|arable|true
STATE|3|2|0|1|totalHarvest|0.25
STATE|3|2|0|1|animalLoss|7.9
STATE|3|2|0|1|ownedBy|3
STATE|3|2|0|1|village|0
STATE|3|2|0|1|shared?|false
STATE|3|2|0|2|animalCount|[0 7 7 6 6 4 1 10 10 7 10 4 9 10 0 0 5 10 9 6]
STATE|3|2|0|2|forageCount|4.35
STATE|3|2|0|2|forageMass|9.84
STATE|3|2|0|2|fenced?|false
STATE|3|2|0|2|attacked?|false
STATE|3|2|0|2|cropped|false
STATE|3|2|0|2|totalLivestock|[2 6 2 3 8 9 4 7 6 6 8 5 7 3 7 6 0 10 8 4]
STATE|3|2|0|2|treeCount|0.37
STATE|3|2|0|2|grassMass|0.85
STATE|3|2|0|2|pAttack|9.68
STATE|3|2|0|2|arable|true
STATE|3|2|0|2|totalHarvest|3.57
STATE|3|2|0|2|animalLoss|9.03
STATE|3|2|0|2|ownedBy|0
STATE|3|2|0|2|village|2
STATE|3|2|0|2|shared?|false
STATE|3|2|0|3|animalCount|[1 3 3 0 3 10 7 7 4 6 2 4 3 7 7 1 0 4 6 8]
STATE|3|2|0|3|forageCount|8.27
STATE|3|2|0|3|forageMass|3.68
STATE|3|2|0|3|fenced?|false
STATE|3|2|0|3|attacked?|false
STATE|3|2|0|3|cropped|false
STATE|3|2|0|3|totalLivestock|[3 3 2 9 10 10 8 4 1 6 6 2 0 10 1 10 1 1 7 0]
STATE|3|2|0|3|treeCount|4.45
STATE|3|2|0|3|grassMass|1.3
STATE|3|2|0|3|pAttack|6.61
STATE|3|2|0|3|arable|false
STATE|3|2|0|3|totalHarvest|6.57
STATE|3|2|0|3|animalLoss|5.61
STATE|3|2|0|3|ownedBy|0
STATE|3|2|0|3|village|0
STATE|3|2|0|3|shared?|true
STATE|3|2|1|0|animalCount|[7 3 5 5 10 4 6 1 6 10 8 10 5 6 9 2 4 0 10 2]
STATE|3|2|1|0|forageCount|3.65
STATE|3|2|1|0|forageMass|4.46
STATE|3|2|1|0|fenced?|false
STATE|3|2|1|0|attacked?|true
STATE|3|2|1|0|cropped|true
STATE|3|2|1|0|totalLivestock|[6 5 6 9 9 1 0 4 7 4 2 4 9 9 8 7 4 10 9 6]
STATE|3|2|1|0|treeCount|6.9
STATE|3|2|1|0|grassMass|4.25
STATE|3|2|1|0|pAttack|5.25
STATE|3|2|1|0|arable|false
STATE|3|2|1|0|totalHarvest|1.1
STATE|3|2|1|0|animalLoss|7.3
STATE|3|2|1|0|ownedBy|2
STATE|3|2|1|0|village|0
STATE|3|2|1|0|shared?|false
STATE|3|2|1|1|animalCount|[2 5 7 7 10 10 4 8 6 2 7 4 6 8 1 8 6 7 5 8]
STATE|3|2|1|1|forageCount|3.93
STATE|3|2|1|1|forageMass|8.62
STATE|3|2|1|1|fenced?|true
STATE|3|2|1|1|attacked?|true
STATE|3|2|1|1|cropped|true
STATE|3|2|1|1|totalLivestock|[9 4 4 8 5 1 10 2 6 9 6 10 3 6 7 2 1 8 0 4]
STATE|3|2|1|1|treeCount|8.93
STATE|3|2|1|1|grassMass|4.64
STATE|3|2|1|1|pAttack|6.36
STATE|3|2|1|1|arable|true
STATE|3|2|1|1|totalHarvest|8.4
STATE|3|2|1|1|animalLoss|4.47
STATE|3|2|1|1|ownedBy|3
STATE|3|2|1|1|village|1
STATE|3|2|1|1|shared?|false
STATE|3|2|1|2|animalCount|[3 7 4 1 3 5 9 1 6 9 9 2 1 3 10 3 0 8 9 2]
STATE|3|2|1|2|forageCount|3.97
STATE|3|2|1|2|forageMass|6.06
STATE|3|2|1|2|fenced?|true
STATE|3|2|1|2|attacked?|false
STATE|3|2|1|2|cropped|true
STATE|3|2|1|2|totalLivestock|[4 4 5 1 2 8 3 5 6 9 3 7 6 4 10 3 3 6 4 1]
STATE|3|2|1|2|treeCount|7.73
STATE|3|2|1|2|grassMass|6.61
STATE|3|2|1|2|pAttack|9.17
STATE|3|2|1|2|arable|false
STATE|3|2|1|2|totalHarvest|6.06
STATE|3|2|1|2|animalLoss|7.54
STATE|3|2|1|2|ownedBy|0
STATE|3|2|1|2|village|0
STATE|3|2|1|2|shared?|false
STATE|3|2|1|3|animalCount|[3 8 7 10 9 10 6 2 1 7 4 7 6 8 5 0 9 0 4 5]
STATE|3|2|1|3|forageCount|0.31
STATE|3|2|1|3|forageMass|6.42
STATE|3|2|1|3|fenced?|true
STATE|3|2|1|3|attacked?|true
STATE|3|2|1|3|cropped|true
STATE|3|2|1|3|totalLivestock|[7 4 5 1 0 0 10 2 9 0 1 1 10 0 4 7 9 6 1 1]
STATE|3|2|1|3|treeCount|7.2
STATE|3|2|1|3|grassMass|7.96
STATE|3|2|1|3|pAttack|7.39
STATE|3|2|1|3|arable|true
STATE|3|2|1|3|totalHarvest|7.75
STATE|3|2|1|3|animalLoss|0.97
STATE|3|2|1|3|ownedBy|0
STATE|3|2|1|3|village|3
STATE|3|2|1|3|shared?|false
STATE|3|2|2|0|animalCount|[6 6 8 1 9 1 2 3 7 1 5 10 4 1 3 9 4 7 7 3]
STATE|3|2|2|0|forageCount|9.08
STATE|3|2|2|0|forageMass|9.18
STATE|3|2|2|0|fenced?|true
STATE|3|2|2|0|attacked?|true
STATE|3|2|2|0|cropped|false
STATE|3|2|2|0|totalLivestock|[1 5 5 2 8 2 5 4 5 8 8 0 8 2 7 1 7 6 4 0]
STATE|3|2|2|0|treeCount|3.12
STATE|3|2|2|0|grassMass|2.79
STATE|3|2|2|0|pAttack|3.33
STATE|3|2|2|0|arable|false
STATE|3|2|2|0|totalHarvest|1.37
STATE|3|2|2|0|animalLoss|4.1
STATE|3|2|2|0|ownedBy|0
STATE|3|2|2|0|village|1
STATE|3|2|2|0|shared?|false
STATE|3|2|2|1|animalCount|[9 6 0 10 0 2 2 3 3 6 5 8 1 5 5 5 3 5 7 6]
STATE|3|2|2|1|forageCount|6.03
STATE|3|2|2|1|forageMass|1.19
STATE|3|2|2|1|fenced?|false
STATE|3|2|2|1|attacked?|true
STATE|3|2|2|1|cropped|false
STATE|3|2|2|1|totalLivestock|[4 10 4 9 4 0 8 8 10 2 6 10 9 10 9 2 1 8 7 0]
STATE|3|2|2|1|treeCount|3.92
STATE|3|2|2|1|grassMass|1.88
STATE|3|2|2|1|pAttack|3.57
STATE|3|2|2|1|arable|false
STATE|3|2|2|1|totalHarvest|5.75
STATE|3|2|2|1|animalLoss|9.11
STATE|3|2|2|1|ownedBy|0
STATE|3|2|2|1|village|0
STATE|3|2|2|1|shared?|false
STATE|3|2|2|2|animalCount|[7 3 2 6 2 3 6 4 8 8 5 9 10 1 5 9 4 3 0 1]
STATE|3|2|2|2|forageCount|0.04
STATE|3|2|2|2|forageMass|2.35
STATE|3|2|2|2|fenced?|false
STATE|3|2|2|2|attacked?|true
STATE|3|2|2|2|cropped|false
STATE|3|2|2|2|totalLivestock|[10 4 2 2 4 10 5 10 5 9 7 10 7 1 6 10 4 4 7 1]
STATE|3|2|2|2|treeCount|6.37
STATE|3|2|2|2|grassMass|8.46
STATE|3|2|2|2|pAttack|0.5
STATE|3|2|2|2|arable|false
STATE|3|2|2|2|totalHarvest|9.92
STATE|3|2|2|2|animalLoss|7.23
STATE|3|2|2|2|ownedBy|1
STATE|3|2|2|2|village|2
STATE|3|2|2|2|shared?|true
STATE|3|2|2|3|animalCount|[0 0 6 2 6 4 7 9 5 3 3 1 6 4 9 9 7 1 0 5]
STATE|3|2|2|3|forageCount|2.61
STATE|3|2|2|3|forageMass|1.19
STATE|3|2|2|3|fenced?|true
STATE|3|2|2|3|attacked?|true
STATE|3|2|2|3|cropped|false
STATE|3|2|2|3|totalLivestock|[5 7 10 4 6 5 2 8 0 10 6 1 6 4 3 5 0 1 4 3]
STATE|3|2|2|3|treeCount|9.67
STATE|3|2|2|3|grassMass|7.11
STATE|3|2|2|3|pAttack|3.42
STATE|3|2|2|3|arable|true
STATE|3|2|2|3|totalHarvest|0.99
STATE|3|2|2|3|animalLoss|3.64
STATE|3|2|2|3|ownedBy|0
STATE|3|2|2|3|village|0
STATE|3|2|2|3|shared?|true
STATE|3|2|3|0|animalCount|[2 8 1 7 7 6 6 10 2 3 10 5 4 10 9 4 8 1 5 10]
STATE|3|2|3|0|forageCount|7.3
STATE|3|2|3|0|forageMass|1.11
STATE|3|2|3|0|fenced?|false
STATE|3|2|3|0|attacked?|true
STATE|3|2|3|0|cropped|false
STATE|3|2|3|0|totalLivestock|[0 7 6 2 1 8 9 0 4 3 5 1 10 7 7 8 7 0 10 8]
STATE|3|2|3|0|treeCount|5.26
STATE|3|2|3|0|grassMass|1.28
STATE|3|2|3|0|pAttack|7.66
STATE|3|2|3|0|arable|false
STATE|3|2|3|0|totalHarvest|3.48
STATE|3|2|3|0|animalLoss|5.4
STATE|3|2|3|0|ownedBy|3
STATE|3|2|3|0|village|3
STATE|3|2|3|0|shared?|true
STATE|3|2|3|1|animalCount|[5 2 5 3 2 2 8 9 6 10 1 10 6 10 7 6 4 4 2 4]
STATE|3|2|3|1|forageCount|8.81
STATE|3|2|3|1|forageMass|8.88
STATE|3|2|3|1|fenced?|true
STATE|3|2|3|1|attacked?|false
STATE|3|2|3|1|cropped|false
STATE|3|2|3|1|totalLivestock|[1 4 2 9 10 2 3 5 9 0 5 9 0 10 1 3 7 4 4 10]
STATE|3|2|3|1|treeCount|0.07
STATE|3|2|3|1|grassMass|4.23
STATE|3|2|3|1|pAttack|6.29
STATE|3|2|3|1|arable|false
STATE|3|2|3|1|totalHarvest|6.38
STATE|3|2|3|1|animalLoss|5.98
STATE|3|2|3|1|ownedBy|3
STATE|3|2|3|1|village|0
STATE|3|2|3|1|shared?|false
STATE|3|2|3|2|animalCount|[3 6 7 8 0 8 2 8 6 3 8 10 2 2 2 5 4 1 0 10]
STATE|3|2|3|2|forageCount|4.35
STATE|3|2|3|2|forageMass|6.66
STATE|3|2|3|2|fenced?|false
STATE|3|2|3|2|attacked?|false
STATE|3|2|3|2|cropped|false
STATE|3|2|3|2|totalLivestock|[9 10 8 3 4 2 1 6 6 1 4 6 3 7 1 2 9 2 4 6]
STATE|3|2|3|2|treeCount|9.05
STATE|3|2|3|2|grassMass|5.9
STATE|3|2|3|2|pAttack|8.24
STATE|3|2|3|2|arable|false
STATE|3|2|3|2|totalHarvest|9.67
STATE|3|2|3|2|animalLoss|7.92
STATE|3|2|3|2|ownedBy|3
STATE|3|2|3|2|village|0
STATE|3|2|3|2|shared?|true
STATE|3|2|3|3|animalCount|[3 4 6 6 2 0 1 7 2 0 0 9 0 0 7 10 8 1 0 9]
STATE|3|2|3|3|forageCount|3.86
STATE|3|2|3|3|forageMass|8.82
STATE|3|2|3|3|fenced?|false
STATE|3|2|3|3|attacked?|true
STATE|3|2|3|3|cropped|true
STATE|3|2|3|3|totalLivestock|[6 4 1 9 8 6 9 1 2 10 0 8 2 6 7 3 9 1 7 7]
STATE|3|2|3|3|treeCount|2.77
STATE|3|2|3|3|grassMass|5.25
STATE|3|2|3|3|pAttack|5.81
STATE|3|2|3|3|arable|true
STATE|3|2|3|3|totalHarvest|8.15
STATE|3|2|3|3|animalLoss|8.2
STATE|3|2|3|3|ownedBy|2
STATE|3|2|3|3|village|2
STATE|3|2|3|3|shared?|false
CHOICE|3|2|1|1|3|2|12:41:15.000 PM 28-Sep-2026
CHOICE|3|2|1|3|0|2|12:41:27.000 PM 28-Sep-2026
CHOICE|3|2|1|2|1|1|12:41:30.000 PM 28-Sep-2026
CONFIRM|3|2|1|12:41:38.000 PM 28-Sep-2026
CHOICE|3|2|2|2|1|1|12:41:52.000 PM 28-Sep-2026
CHOICE|3|2|2|2|2|3|12:41:58.000 PM 28-Sep-2026
CHOICE|3|2|2|2|0|1|12:42:05.000 PM 28-Sep-2026
CONFIRM|3|2|2|12:42:07.000 PM 28-Sep-2026
CHOICE|3|2|3|0|3|4|12:42:15.000 PM 28-Sep-2026
CHOICE|3|2|3|1|2|4|12:42:24.000 PM 28-Sep-2026
CHOICE|3|2|3|1|2|-99|12:42:38.000 PM 28-Sep-2026
CONFIRM|3|2|3|12:42:43.000 PM 28-Sep-2026
CHOICE|3|2|4|2|0|2|12:42:54.000 PM 28-Sep-2026
CONFIRM|3|2|4|12:42:56.000 PM 28-Sep-2026
CHOICE|3|2|5|2|2|3|12:43:01.000 PM 28-Sep-2026
CONFIRM|3|2|5|12:43:03.000 PM 28-Sep-2026
CHOICE|3|2|6|2|1|1|12:43:06.000 PM 28-Sep-2026
CHOICE|3|2|6|2|1|2|12:43:09.000 PM 28-Sep-2026
CHOICE|3|2|6|2|1|-99|12:43:12.000 PM 28-Sep-2026
CONFIRM|3|2|6|12:43:20.000 PM 28-Sep-2026
CHOICE|3|2|7|3|3|3|12:43:31.000 PM 28-Sep-2026
CHOICE|3|2|7|3|2|1|12:43:41.000 PM 28-Sep-2026
CHOICE|3|2|7|1|2|1|12:43:48.000 PM 28-Sep-2026
CONFIRM|3|2|7|12:43:53.000 PM 28-Sep-2026
CHOICE|3|2|8|0|1|4|12:44:02.000 PM 28-Sep-2026
CONFIRM|3|2|8|12:44:11.000 PM 28-Sep-2026
CHOICE|3|2|9|0|2|4|12:44:16.000 PM 28-Sep-2026
CHOICE|3|2|9|2|3|3|12:44:23.000 PM 28-Sep-2026
CONFIRM|3|2|9|12:44:37.000 PM 28-Sep-2026
CHOICE|3|2|10|2|1|4|12:44:52.000 PM 28-Sep-2026
CONFIRM|3|2|10|12:45:03.000 PM 28-Sep-2026
CHOICE|3|2|11|2|0|-99|12:45:16.000 PM 28-Sep-2026
CHOICE|3|2|11|2|3|3|12:45:19.000 PM 28-Sep-2026
CHOICE|3|2|11|3|3|3|12:45:29.000 PM 28-Sep-2026
CONFIRM|3|2|11|12:45:38.000 PM 28-Sep-2026
CHOICE|3|2|12|0|1|1|12:45:49.000 PM 28-Sep-2026
CONFIRM|3|2|12|12:46:03.000 PM 28-Sep-2026
CHOICE|3|2|13|1|3|2|12:46:13.000 PM 28-Sep-2026
CONFIRM|3|2|13|12:46:25.000 PM 28-Sep-2026
CHOICE|3|2|14|2|3|1|12:46:34.000 PM 28-Sep-2026
CONFIRM|3|2|14|12:46:46.000 PM 28-Sep-2026
CHOICE|3|2|15|3|0|2|12:46:56.000 PM 28-Sep-2026
CONFIRM|3|2|15|12:47:09.000 PM 28-Sep-2026
CHOICE|3|2|16|0|3|2|12:47:13.000 PM 28-Sep-2026
CONFIRM|3|2|16|12:47:28.000 PM 28-Sep-2026
CHOICE|3|2|17|0|0|4|12:47:33.000 PM 28-Sep-2026
CHOICE|3|2|17|1|3|1|12:47:40.000 PM 28-Sep-2026
CHOICE|3|2|17|1|3|2|12:47:44.000 PM 28-Sep-2026
CONFIRM|3|2|17|12:47:47.000 PM 28-Sep-2026
CHOICE|3|2|18|3|3|4|12:47:56.000 PM 28-Sep-2026
CHOICE|3|2|18|3|3|2|12:48:11.000 PM 28-Sep-2026
CHOICE|3|2|18|3|3|2|12:48:24.000 PM 28-Sep-2026
CONFIRM|3|2|18|12:48:35.000 PM 28-Sep-2026
CHOICE|3|2|19|2|2|4|12:48:37.000 PM 28-Sep-2026
CONFIRM|3|2|19|12:48:40.000 PM 28-Sep-2026
CHOICE|3|2|20|3|0|3|12:48:48.000 PM 28-Sep-2026
CHOICE|3|2|20|2|1|4|12:48:58.000 PM 28-Sep-2026
CHOICE|3|2|20|3|3|4|12:49:00.000 PM 28-Sep-2026
CONFIRM|3|2|20|12:49:01.000 PM 28-Sep-2026
SCORE|3|2|1|10|35|1
SCORE|3|2|2|19|57|2
SCORE|3|2|3|1|35|14
SCORE|3|2|4|0|29|3
SCORE|3|2|5|20|50|10
SCORE|3|2|6|4|41|7
SCORE|3|2|7|12|20|7
SCORE|3|2|8|16|54|14
SCORE|3|2|9|15|59|18
SCORE|3|2|10|9|38|3
SCORE|3|2|11|18|64|2
SCORE|3|2|12|19|45|1
SCORE|3|2|13|19|54|7
SCORE|3|2|14|1|24|6
SCORE|3|2|15|13|18|10
SCORE|3|2|16|9|58|11
SCORE|3|2|17|20|68|16
SCORE|3|2|18|20|56|17
SCORE|3|2|19|3|24|8
SCORE|3|2|20|20|27|11
PHASE|phase-4-1|12:49:02.000 PM 28-Sep-2026
STATE|4|1|0|0|animalCount|[6 1 0 9 3 0 3 4 10 2 3 1 4 5 7 10 7 0 0 3]
STATE|4|1|0|0|forageCount|3.5
STATE|4|1|0|0|forageMass|4.6
STATE|4|1|0|0|fenced?|true
STATE|4|1|0|0|attacked?|false
STATE|4|1|0|0|cropped|true
STATE|4|1|0|0|totalLivestock|[10 2 9 5 4 10 4 3 1 6 3 0 0 8 0 6 4 1 2 7]
STATE|4|1|0|0|treeCount|4.92
STATE|4|1|0|0|grassMass|0.53
STATE|4|1|0|0|pAttack|7.49
STATE|4|1|0|0|arable|false
STATE|4|1|0|0|totalHarvest|6.59
STATE|4|1|0|0|animalLoss|4.43
STATE|4|1|0|0|ownedBy|2
STATE|4|1|0|0|village|0
STATE|4|1|0|0|shared?|true
STATE|4|1|0|1|animalCount|[5 9 7 8 8 0 2 6 2 7 7 5 4 5 7 6 8 7 7 6]
STATE|4|1|0|1|forageCount|0.84
STATE|4|1|0|1|forageMass|9.42
STATE|4|1|0|1|fenced?|false
STATE|4|1|0|1|attacked?|true
STATE|4|1|0|1|cropped|false
STATE|4|1|0|1|totalLivestock|[8 4 8 1 10 6 0 4 8 10 10 7 2 8 5 7 6 5 10 9]
STATE|4|1|0|1|treeCount|0.05
STATE|4|1|0|1|grassMass|1.58
STATE|4|1|0|1|pAttack|4.93
STATE|4|1|0|1|arable|true
STATE|4|1|0|1|totalHarvest|0.45
STATE|4|1|0|1|animalLoss|3.33
STATE|4|1|0|1|ownedBy|0
STATE|4|1|0|1|village|3
STATE|4|1|0|1|shared?|true
STATE|4|1|0|2|animalCount|[6 8 5 6 9 3 6 4 8 4 1 7 6 0 0 9 6 8 5 1]
STATE|4|1|0|2|forageCount|0.62
STATE|4|1|0|2|forageMass|5.22
STATE|4|1|0|2|fenced?|false
STATE|4|1|0|2|attacked?|false
STATE|4|1|0|2|cropped|false
STATE|4|1|0|2|totalLivestock|[2 3 10 4 9 5 2 3 7 10 0 0 5 5 1 2 4 10 0 1]
STATE|4|1|0|2|treeCount|7.24
STATE|4|1|0|2|grassMass|5.17
STATE|4|1|0|2|pAttack|5.82
STATE|4|1|0|2|arable|false
STATE|4|1|0|2|totalHarvest|1.6
STATE|4|1|0|2|animalLoss|1.24
STATE|4|1|0|2|ownedBy|3
STATE|4|1|0|2|village|3
STATE|4|1|0|2|shared?|false
STATE|4|1|0|3|animalCount|[10 1 8 1 1 0 4 3 5 3 1 6 4 7 5 0 1 2 1 2]
STATE|4|1|0|3|forageCount|0.39
STATE|4|1|0|3|forageMass|2.82
STATE|4|1|0|3|fenced?|true
STATE|4|1|0|3|attacked?|true
STATE|4|1|0|3|cropped|true
STATE|4|1|0|3|totalLivestock|[9 0 8 0 1 2 9 4 8 7 7 6 10 1 7 7 4 9 5 8]
STATE|4|1|0|3|treeCount|8.5
STATE|4|1|0|3|grassMass|8.75
STATE|4|1|0|3|pAttack|8.98
STATE|4|1|0|3|arable|false
STATE|4|1|0|3|totalHarvest|6.28
STATE|4|1|0|3|animalLoss|0.5
STATE|4|1|0|3|ownedBy|0
STATE|4|1|0|3|village|3
STATE|4|1|0|3|shared?|false
STATE|4|1|1|0|animalCount|[8 6 0 9 5 3 6 5 8 1 7 2 2 5 10 8 0 5 9 8]
STATE|4|1|1|0|forageCount|4.49
STATE|4|1|1|0|forageMass|4.91
STATE|4|1|1|0|fenced?|true
STATE|4|1|1|0|attacked?|true
STATE|4|1|1|0|cropped|true
STATE|4|1|1|0|totalLivestock|[5 3 6 5 4 5 10 2 4 9 5 7 1 3 2 1 8 10 8 1]
STATE|4|1|1|0|treeCount|8.89
STATE|4|1|1|0|grassMass|1.31
STATE|4|1|1|0|pAttack|8.43
STATE|4|1|1|0|arable|false
STATE|4|1|1|0|totalHarvest|8.3
STATE|4|1|1|0|animalLoss|5.12
STATE|4|1|1|0|ownedBy|1
STATE|4|1|1|0|village|0
STATE|4|1|1|0|shared?|false
STATE|4|1|1|1|animalCount|[5 8 3 10 4 4 9 6 5 4 4 10 4 4 2 7 1 7 8 6]
STATE|4|1|1|1|forageCount|9.91
STATE|4|1|1|1|forageMass|9.41
STATE|4|1|1|1|fenced?|true
STATE|4|1|1|1|attacked?|true
STATE|4|1|1|1|cropped|true
STATE|4|1|1|1|totalLivestock|[4 3 5 9 1 5 7 4 5 0 4 7 6 7 10 7 7 2 2 8]
STATE|4|1|1|1|treeCount|4.62
STATE|4|1|1|1|grassMass|6.3
STATE|4|1|1|1|pAttack|5.79
STATE|4|1|1|1|arable|true
STATE|4|1|1|1|totalHarvest|5.4
STATE|4|1|1|1|animalLoss|5.07
STATE|4|1|1|1|ownedBy|2
STATE|4|1|1|1|village|0
STATE|4|1|1|1|shared?|true
STATE|4|1|1|2|animalCount|[3 1 8 9 3 7 3 7 2 7 0 1 4 6 2 8 9 4 6 6]
STATE|4|1|1|2|forageCount|1.48
STATE|4|1|1|2|forageMass|9.12
STATE|4|1|1|2|fenced?|false
STATE|4|1|1|2|attacked?|true
STATE|4|1|1|2|cropped|false
STATE|4|1|1|2|totalLivestock|[5 3 5 5 10 10 1 6 1 6 0 1 1 7 3 3 0 1 0 2]
STATE|4|1|1|2|treeCount|8.13
STATE|4|1|1|2|grassMass|2.91
STATE|4|1|1|2|pAttack|0.8
STATE|4|1|1|2|arable|false
STATE|4|1|1|2|totalHarvest|4.92
STATE|4|1|1|2|animalLoss|4.4
STATE|4|1|1|2|ownedBy|1
STATE|4|1|1|2|village|1
STATE|4|1|1|2|shared?|false
STATE|4|1|1|3|animalCount|[7 10 3 8 7 8 0 3 8 4 5 10 0 3 3 9 1 5 0 6]
STATE|4|1|1|3|forageCount|7.01
STATE|4|1|1|3|forageMass|7.14
STATE|4|1|1|3|fenced?|false
STATE|4|1|1|3|attacked?|true
STATE|4|1|1|3|cropped|false
STATE|4|1|1|3|totalLivestock|[6 2 9 5 0 9 4 0 9 0 2 1 4 9 3 5 1 7 6 8]
STATE|4|1|1|3|treeCount|1.3
STATE|4|1|1|3|grassMass|6.81
STATE|4|1|1|3|pAttack|3.27
STATE|4|1|1|3|arable|false
STATE|4|1|1|3|totalHarvest|0.26
STATE|4|1|1|3|animalLoss|4.02
STATE|4|1|1|3|ownedBy|2
STATE|4|1|1|3|village|0
STATE|4|1|1|3|shared?|true
STATE|4|1|2|0|animalCount|[9 1 3 10 6 8 7 0 6 9 6 4 8 6 1 0 5 8 6 4]
STATE|4|1|2|0|forageCount|3.57
STATE|4|1|2|0|forageMass|3.91
STATE|4|1|2|0|fenced?|true
STATE|4|1|2|0|attacked?|false
STATE|4|1|2|0|cropped|false
STATE|4|1|2|0|totalLivestock|[10 8 1 8 0 8 3 8 8 8 2 6 1 1 9 5 10 6 0 5]
STATE|4|1|2|0|treeCount|7.44
STATE|4|1|2|0|grassMass|9.21
STATE|4|1|2|0|pAttack|4.91
STATE|4|1|2|0|arable|false
STATE|4|1|2|0|totalHarvest|2.04
STATE|4|1|2|0|animalLoss|8.94
STATE|4|1|2|0|ownedBy|0
STATE|4|1|2|0|village|1
STATE|4|1|2|0|shared?|true
STATE|4|1|2|1|animalCount|[7 3 7 9 1 7 3 6 0 2 2 6 2 0 6 6 0 0 1 5]
STATE|4|1|2|1|forageCount|2.82
STATE|4|1|2|1|forageMass|8.28
STATE|4|1|2|1|fenced?|true
STATE|4|1|2|1|attacked?|true
STATE|4|1|2|1|cropped|true
STATE|4|1|2|1|totalLivestock|[6 10 8 1 4 3 4 1 10 4 8 9 0 8 2 1 5 3 3 1]
STATE|4|1|2|1|treeCount|0.79
STATE|4|1|2|1|grassMass|4.59
STATE|4|1|2|1|pAttack|6.63
STATE|4|1|2|1|arable|true
STATE|4|1|2|1|totalHarvest|3.2
STATE|4|1|2|1|animalLoss|8.25
STATE|4|1|2|1|ownedBy|0
STATE|4|1|2|1|village|0
STATE|4|1|2|1|shared?|true
STATE|4|1|2|2|animalCount|[0 6 6 2 10 6 8 10 3 10 2 3 10 9 8 3 0 6 2 7]
STATE|4|1|2|2|forageCount|9.75
STATE|4|1|2|2|forageMass|3.15
STATE|4|1|2|2|fenced?|true
STATE|4|1|2|2|attacked?|false
STATE|4|1|2|2|cropped|true
STATE|4|1|2|2|totalLivestock|[4 9 6 4 10 0 2 9 0 2 6 4 6 0 9 10 3 9 5 1]
STATE|4|1|2|2|treeCount|1.74
STATE|4|1|2|2|grassMass|2.0
STATE|4|1|2|2|pAttack|0.65
STATE|4|1|2|2|arable|false
STATE|4|1|2|2|totalHarvest|6.12
STATE|4|1|2|2|animalLoss|8.79
STATE|4|1|2|2|ownedBy|2
STATE|4|1|2|2|village|0
STATE|4|1|2|2|shared?|false
STATE|4|1|2|3|animalCount|[4 4 0 4 4 4 1 9 10 0 8 0 7 7 1 6 9 9 4 8]
STATE|4|1|2|3|forageCount|6.6
STATE|4|1|2|3|forageMass|0.31
STATE|4|1|2|3|fenced?|false
STATE|4|1|2|3|attacked?|false
STATE|4|1|2|3|cropped|false
STATE|4|1|2|3|totalLivestock|[6 5 4 6 5 10 8 6 3 6 5 8 0 5 9 0 8 5 10 10]
STATE|4|1|2|3|treeCount|5.11
STATE|4|1|2|3|grassMass|6.9
STATE|4|1|2|3|pAttack|5.25
STATE|4|1|2|3|arable|true
STATE|4|1|2|3|totalHarvest|3.96
STATE|4|1|2|3|animalLoss|8.88
STATE|4|1|2|3|ownedBy|0
STATE|4|1|2|3|village|3
STATE|4|1|2|3|shared?|false
STATE|4|1|3|0|animalCount|[8 0 9 2 6 10 2 10 10 9 7 6 3 4 7 10 7 5 1 0]
STATE|4|1|3|0|forageCount|7.11
STATE|4|1|3|0|forageMass|6.61
STATE|4|1|3|0|fenced?|false
STATE|4|1|3|0|attacked?|false
STATE|4|1|3|0|cropped|true
STATE|4|1|3|0|totalLivestock|[6 9 1 3 6 1 3 8 9 1 0 7 1 2 10 2 2 9 8 8]
STATE|4|1|3|0|treeCount|6.46
STATE|4|1|3|0|grassMass|9.76
STATE|4|1|3|0|pAttack|6.86
STATE|4|1|3|0|arable|true
STATE|4|1|3|0|totalHarvest|9.82
STATE|4|1|3|0|animalLoss|7.36
STATE|4|1|3|0|ownedBy|3
STATE|4|1|3|0|village|0
STATE|4|1|3|0|shared?|true
STATE|4|1|3|1|animalCount|[0 6 9 5 8 10 2 1 3 3 2 5 8 8 0 8 8 9 10 7]
STATE|4|1|3|1|forageCount|9.72
STATE|4|1|3|1|forageMass|5.53
STATE|4|1|3|1|fenced?|true
STATE|4|1|3|1|attacked?|false
STATE|4|1|3|1|cropped|true
STATE|4|1|3|1|totalLivestock|[4 7 0 1 8 4 1 7 9 10 10 3 8 4 0 5 7 4 9 0]
STATE|4|1|3|1|treeCount|4.61
STATE|4|1|3|1|grassMass|7.3
STATE|4|1|3|1|pAttack|5.15
STATE|4|1|3|1|arable|true
STATE|4|1|3|1|totalHarvest|2.84
STATE|4|1|3|1|animalLoss|3.64
STATE|4|1|3|1|ownedBy|1
STATE|4|1|3|1|village|3
STATE|4|1|3|1|shared?|false
STATE|4|1|3|2|animalCount|[4 3 7 2 8 8 7 1 10 0 0 2 2 2 5 4 1 0 9 6]
STATE|4|1|3|2|forageCount|8.94
STATE|4|1|3|2|forageMass|7.64
STATE|4|1|3|2|fenced?|true
STATE|4|1|3|2|attacked?|false
STATE|4|1|3|2|cropped|false
STATE|4|1|3|2|totalLivestock|[8 4 10 10 2 3 3 10 2 7 6 6 5 10 8 9 8 3 0 6]
STATE|4|1|3|2|treeCount|2.21
STATE|4|1|3|2|grassMass|8.04
STATE|4|1|3|2|pAttack|9.12
STATE|4|1|3|2|arable|false
STATE|4|1|3|2|totalHarvest|5.92
STATE|4|1|3|2|animalLoss|0.63
STATE|4|1|3|2|ownedBy|0
STATE|4|1|3|2|village|0
STATE|4|1|3|2|shared?|false
STATE|4|1|3|3|animalCount|[6 7 10 1 1 0 9 5 2 8 1 4 0 0 10 4 7 3 7 4]
STATE|4|1|3|3|forageCount|5.06
STATE|4|1|3|3|forageMass|4.05
STATE|4|1|3|3|fenced?|false
STATE|4|1|3|3|attacked?|true
STATE|4|1|3|3|cropped|false
STATE|4|1|3|3|totalLivestock|[2 1 6 0 2 8 5 0 10 5 2 2 9 5 5 4 0 7 7 3]
STATE|4|1|3|3|treeCount|7.55
STATE|4|1|3|3|grassMass|0.0
STATE|4|1|3|3|pAttack|1.66
STATE|4|1|3|3|arable|false
STATE|4|1|3|3|totalHarvest|7.29
STATE|4|1|3|3|animalLoss|7.26
STATE|4|1|3|3|ownedBy|1
STATE|4|1|3|3|village|1
STATE|4|1|3|3|shared?|true
CHOICE|4|1|1|3|0|4|12:49:05.000 PM 28-Sep-2026
CONFIRM|4|1|1|12:49:06.000 PM 28-Sep-2026
CHOICE|4|1|2|3|1|3|12:49:07.000 PM 28-Sep-2026
CHOICE|4|1|2|1|1|3|12:49:10.000 PM 28-Sep-2026
CHOICE|4|1|2|1|1|1|12:49:25.000 PM 28-Sep-2026
CONFIRM|4|1|2|12:49:39.000 PM 28-Sep-2026
CHOICE|4|1|3|0|3|1|12:49:45.000 PM 28-Sep-2026
CHOICE|4|1|3|0|3|3|12:49:47.000 PM 28-Sep-2026
CONFIRM|4|1|3|12:49:58.000 PM 28-Sep-2026
CHOICE|4|1|4|0|2|1|12:50:01.000 PM 28-Sep-2026
CONFIRM|4|1|4|12:50:02.000 PM 28-Sep-2026
CHOICE|4|1|5|2|0|1|12:50:06.000 PM 28-Sep-2026
CHOICE|4|1|5|0|3|1|12:50:10.000 PM 28-Sep-2026
CHOICE|4|1|5|0|2|2|12:50:24.000 PM 28-Sep-2026
CONFIRM|4|1|5|12:50:31.000 PM 28-Sep-2026
CHOICE|4|1|6|0|1|4|12:50:39.000 PM 28-Sep-2026
CONFIRM|4|1|6|12:50:52.000 PM 28-Sep-2026
CHOICE|4|1|7|3|2|4|12:51:00.000 PM 28-Sep-2026
CHOICE|4|1|7|3|3|1|12:51:15.000 PM 28-Sep-2026
CHOICE|4|1|7|3|3|3|12:51:21.000 PM 28-Sep-2026
CONFIRM|4|1|7|12:51:33.000 PM 28-Sep-2026
CHOICE|4|1|8|2|1|4|12:51:34.000 PM 28-Sep-2026
CONFIRM|4|1|8|12:51:48.000 PM 28-Sep-2026
CHOICE|4|1|9|3|2|4|12:51:53.000 PM 28-Sep-2026
CONFIRM|4|1|9|12:51:59.000 PM 28-Sep-2026
CHOICE|4|1|10|1|3|1|12:52:11.000 PM 28-Sep-2026
CHOICE|4|1|10|2|1|2|12:52:19.000 PM 28-Sep-2026
CHOICE|4|1|10|3|1|4|12:52:25.000 PM 28-Sep-2026
CONFIRM|4|1|10|12:52:30.000 PM 28-Sep-2026
CHOICE|4|1|11|1|1|1|12:52:34.000 PM 28-Sep-2026
CHOICE|4|1|11|1|0|1|12:52:37.000 PM 28-Sep-2026
CONFIRM|4|1|11|12:52:39.000 PM 28-Sep-2026
CHOICE|4|1|12|0|0|2|12:52:42.000 PM 28-Sep-2026
CONFIRM|4|1|12|12:52:45.000 PM 28-Sep-2026
CHOICE|4|1|13|2|1|2|12:52:58.000 PM 28-Sep-2026
CHOICE|4|1|13|2|1|3|12:53:11.000 PM 28-Sep-2026
CONFIRM|4|1|13|12:53:22.000 PM 28-Sep-2026
CHOICE|4|1|14|3|0|4|12:53:23.000 PM 28-Sep-2026
CONFIRM|4|1|14|12:53:34.000 PM 28-Sep-2026
CHOICE|4|1|15|1|0|4|12:53:38.000 PM 28-Sep-2026
CONFIRM|4|1|15|12:53:44.000 PM 28-Sep-2026
CHOICE|4|1|16|1|3|1|12:53:54.000 PM 28-Sep-2026
CONFIRM|4|1|16|12:54:00.000 PM 28-Sep-2026
CHOICE|4|1|17|3|3|2|12:54:04.000 PM 28-Sep-2026
CONFIRM|4|1|17|12:54:19.000 PM 28-Sep-2026
CHOICE|4|1|18|2|1|4|12:54:29.000 PM 28-Sep-2026
CHOICE|4|1|18|0|0|1|12:54:44.000 PM 28-Sep-2026
CHOICE|4|1|18|0|0|-99|12:54:54.000 PM 28-Sep-2026
CONFIRM|4|1|18|12:54:55.000 PM 28-Sep-2026
CHOICE|4|1|19|1|1|3|12:54:59.000 PM 28-Sep-2026
CHOICE|4|1|19|2|3|1|12:55:03.000 PM 28-Sep-2026
CHOICE|4|1|19|2|3|1|12:55:06.000 PM 28-Sep-2026
CONFIRM|4|1|19|12:55:07.000 PM 28-Sep-2026
CHOICE|4|1|20|1|0|-99|12:55:21.000 PM 28-Sep-2026
CHOICE|4|1|20|1|0|4|12:55:29.000 PM 28-Sep-2026
CHOICE|4|1|20|1|0|-99|12:55:31.000 PM 28-Sep-2026
CONFIRM|4|1|20|12:55:46.000 PM 28-Sep-2026
SCORE|4|1|1|3|32|9
SCORE|4|1|2|18|61|11
SCORE|4|1|3|19|56|8
SCORE|4|1|4|12|21|10
SCORE|4|1|5|6|56|11
SCORE|4|1|6|19|44|6
SCORE|4|1|7|17|28|7
SCORE|4|1|8|0|21|20
SCORE|4|1|9|14|23|17
SCORE|4|1|10|19|34|8
SCORE|4|1|11|18|47|15
SCORE|4|1|12|5|30|3
SCORE|4|1|13|19|38|5
SCORE|4|1|14|4|22|4
SCORE|4|1|15|3|10|19
SCORE|4|1|16|13|45|1
SCORE|4|1|17|6|46|7
SCORE|4|1|18|7|9|19
SCORE|4|1|19|6|45|5
SCORE|4|1|20|7|26|19
PHASE|phase-4-2|12:55:54.000 PM 28-Sep-2026
STATE|4|2|0|0|animalCount|[2 6 3 3 7 1 1 0 3 1 6 10 4 1 0 4 1 9 0 3]
STATE|4|2|0|0|forageCount|8.6
STATE|4|2|0|0|forageMass|1.35
STATE|4|2|0|0|fenced?|true
STATE|4|2|0|0|attacked?|false
STATE|4|2|0|0|cropped|true
STATE|4|2|0|0|totalLivestock|[8 3 4 9 9 2 9 6 9 1 7 1 3 6 1 6 6 7 3 4]
STATE|4|2|0|0|treeCount|4.68
STATE|4|2|0|0|grassMass|9.6
STATE|4|2|0|0|pAttack|4.82
STATE|4|2|0|0|arable|true
STATE|4|2|0|0|totalHarvest|6.42
STATE|4|2|0|0|animalLoss|3.8
STATE|4|2|0|0|ownedBy|0
STATE|4|2|0|0|village|0
STATE|4|2|0|0|shared?|false
STATE|4|2|0|1|animalCount|[0 8 10 10 2 2 6 7 7 10 0 7 7 3 3 2 6 10 5 10]
STATE|4|2|0|1|forageCount|2.52
STATE|4|2|0|1|forageMass|2.14
STATE|4|2|0|1|fenced?|true
STATE|4|2|0|1|attacked?|false
STATE|4|2|0|1|cropped|true
STATE|4|2|0|1|totalLivestock|[0 5 8 10 8 5 10 10 4 8 9 7 0 10 5 6 7 7 7 4]
STATE|4|2|0|1|treeCount|0.06
STATE|4|2|0|1|grassMass|8.07
STATE|4|2|0|1|pAttack|7.79
STATE|4|2|0|1|arable|false
STATE|4|2|0|1|totalHarvest|1.32
STATE|4|2|0|1|animalLoss|6.03
STATE|4|2|0|1|ownedBy|0
STATE|4|2|0|1|village|2
STATE|4|2|0|1|shared?|false
STATE|4|2|0|2|animalCount|[7 0 7 9 2 1 6 10 2 8 2 2 9 10 5 6 3 0 8 5]
STATE|4|2|0|2|forageCount|8.08
STATE|4|2|0|2|forageMass|2.33
STATE|4|2|0|2|fenced?|false
STATE|4|2|0|2|attacked?|false
STATE|4|2|0|2|cropped|true
STATE|4|2|0|2|totalLivestock|[5 8 2 9 4 3 7 2 10 7 0 6 9 9 1 4 5 5 0 3]
STATE|4|2|0|2|treeCount|9.86
STATE|4|2|0|2|grassMass|4.7
STATE|4|2|0|2|pAttack|5.43
STATE|4|2|0|2|arable|false
STATE|4|2|0|2|totalHarvest|4.17
STATE|4|2|0|2|animalLoss|0.63
STATE|4|2|0|2|ownedBy|3
STATE|4|2|0|2|village|0
STATE|4|2|0|2|shared?|false
STATE|4|2|0|3|animalCount|[5 3 8 6 0 3 9 1 7 8 7 0 2 3 5 8 4 3 9 6]
STATE|4|2|0|3|forageCount|9.09
STATE|4|2|0|3|forageMass|1.26
STATE|4|2|0|3|fenced?|false
STATE|4|2|0|3|attacked?|false
STATE|4|2|0|3|cropped|true
STATE|4|2|0|3|totalLivestock|[8 6 8 8 7 3 10 3 5 8 6 7 4 8 1 8 5 5 2 5]
STATE|4|2|0|3|treeCount|9.68
STATE|4|2|0|3|grassMass|6.69
STATE|4|2|0|3|pAttack|6.29
STATE|4|2|0|3|arable|true
STATE|4|2|0|3|totalHarvest|7.35
STATE|4|2|0|3|animalLoss|8.66
STATE|4|2|0|3|ownedBy|2
STATE|4|2|0|3|village|0
STATE|4|2|0|3|shared?|false
STATE|4|2|1|0|animalCount|[5 3 5 7 7 0 0 7 4 9 8 10 2 10 7 3 2 9 1 3]
STATE|4|2|1|0|forageCount|4.6
STATE|4|2|1|0|forageMass|0.29
STATE|4|2|1|0|fenced?|true
STATE|4|2|1|0|attacked?|false
STATE|4|2|1|0|cropped|true
STATE|4|2|1|0|totalLivestock|[10 8 4 8 2 1 9 1 7 1 0 7 5 3 4 7 0 1 1 9]
STATE|4|2|1|0|treeCount|5.85
STATE|4|2|1|0|grassMass|3.69
STATE|4|2|1|0|pAttack|1.63
STATE|4|2|1|0|arable|true
STATE|4|2|1|0|totalHarvest|2.82
STATE|4|2|1|0|animalLoss|8.98
STATE|4|2|1|0|ownedBy|3
STATE|4|2|1|0|village|0
STATE|4|2|1|0|shared?|true
STATE|4|2|1|1|animalCount|[4 10 8 1 10 8 2 5 0 9 6 2 10 3 1 10 3 6 5 5]
STATE|4|2|1|1|forageCount|1.89
STATE|4|2|1|1|forageMass|0.71
STATE|4|2|1|1|fenced?|false
STATE|4|2|1|1|attacked?|false
STATE|4|2|1|1|cropped|true
STATE|4|2|1|1|totalLivestock|[3 1 0 4 5 10 2 6 3 2 8 10 10 6 3 6 8 8 0 7]
STATE|4|2|1|1|treeCount|8.72
STATE|4|2|1|1|grassMass|2.75
STATE|4|2|1|1|pAttack|5.78
STATE|4|2|1|1|arable|false
STATE|4|2|1|1|totalHarvest|1.17
STATE|4|2|1|1|animalLoss|2.36
STATE|4|2|1|1|ownedBy|0
STATE|4|2|1|1|village|0
STATE|4|2|1|1|shared?|true
STATE|4|2|1|2|animalCount|[1 10 7 8 5 5 7 10 1 10 0 7 6 9 4 2 3 7 5 0]
STATE|4|2|1|2|forageCount|7.98
STATE|4|2|1|2|forageMass|7.56
STATE|4|2|1|2|fenced?|false
STATE|4|2|1|2|attacked?|false
STATE|4|2|1|2|cropped|true
STATE|4|2|1|2|totalLivestock|[4 8 4 6 7 3 10 1 10 6 9 8 7 3 6 2 6 10 5 5]
STATE|4|2|1|2|treeCount|0.2
STATE|4|2|1|2|grassMass|8.25
STATE|4|2|1|2|pAttack|2.69
STATE|4|2|1|2|arable|false
STATE|4|2|1|2|totalHarvest|2.28
STATE|4|2|1|2|animalLoss|7.52
STATE|4|2|1|2|ownedBy|1
STATE|4|2|1|2|village|1
STATE|4|2|1|2|shared?|false
STATE|4|2|1|3|animalCount|[7 3 3 0 4 1 7 3 10 10 8 1 3 6 4 10 9 0 9 9]
STATE|4|2|1|3|forageCount|8.89
STATE|4|2|1|3|forageMass|5.77
STATE|4|2|1|3|fenced?|true
STATE|4|2|1|3|attacked?|false
STATE|4|2|1|3|cropped|false
STATE|4|2|1|3|totalLivestock|[9 1 10 8 3 9 9 8 1 5 4 9 4 5 5 7 5 3 8 5]
STATE|4|2|1|3|treeCount|2.97
STATE|4|2|1|3|grassMass|9.23
STATE|4|2|1|3|pAttack|0.22
STATE|4|2|1|3|arable|false
STATE|4|2|1|3|totalHarvest|9.13
STATE|4|2|1|3|animalLoss|3.04
STATE|4|2|1|3|ownedBy|3
STATE|4|2|1|3|village|0
STATE|4|2|1|3|shared?|false
STATE|4|2|2|0|animalCount|[7 4 8 9 5 7 10 3 5 6 3 8 9 9 8 0 2 0 9 9]
STATE|4|2|2|0|forageCount|4.28
STATE|4|2|2|0|forageMass|3.42
STATE|4|2|2|0|fenced?|true
STATE|4|2|2|0|attacked?|false
STATE|4|2|2|0|cropped|true
STATE|4|2|2|0|totalLivestock|[4 5 4 9 9 6 9 4 1 8 6 3 9 4 7 0 0 10 4 7]
STATE|4|2|2|0|treeCount|0.28
STATE|4|2|2|0|grassMass|0.84
STATE|4|2|2|0|pAttack|8.87
STATE|4|2|2|0|arable|true
STATE|4|2|2|0|totalHarvest|6.43
STATE|4|2|2|0|animalLoss|3.92
STATE|4|2|2|0|ownedBy|0
STATE|4|2|2|0|village|3
STATE|4|2|2|0|shared?|false
STATE|4|2|2|1|animalCount|[0 4 1 6 1 7 4 6 7 7 4 7 0 4 5 3 3 4 0 0]
STATE|4|2|2|1|forageCount|7.03
STATE|4|2|2|1|forageMass|9.37
STATE|4|2|2|1|fenced?|false
STATE|4|2|2|1|attacked?|true
STATE|4|2|2|1|cropped|false
STATE|4|2|2|1|totalLivestock|[0 5 6 9 5 7 5 4 5 9 6 4 2 3 10 2 1 0 5 8]
STATE|4|2|2|1|treeCount|6.39
STATE|4|2|2|1|grassMass|6.47
STATE|4|2|2|1|pAttack|9.69
STATE|4|2|2|1|arable|false
STATE|4|2|2|1|totalHarvest|8.52
STATE|4|2|2|1|animalLoss|7.4
STATE|4|2|2|1|ownedBy|0
STATE|4|2|2|1|village|3
STATE|4|2|2|1|shared?|false
STATE|4|2|2|2|animalCount|[9 4 6 3 3 10 8 1 5 1 0 6 0 5 7 5 9 5 10 3]
STATE|4|2|2|2|forageCount|4.72
STATE|4|2|2|2|forageMass|4.73
STATE|4|2|2|2|fenced?|false
STATE|4|2|2|2|attacked?|true
STATE|4|2|2|2|cropped|true
STATE|4|2|2|2|totalLivestock|[5 3 6 8 3 3 9 8 10 3 2 10 2 7 4 0 6 1 9 6]
STATE|4|2|2|2|treeCount|6.13
STATE|4|2|2|2|grassMass|8.35
STATE|4|2|2|2|pAttack|2.71
STATE|4|2|2|2|arable|true
STATE|4|2|2|2|totalHarvest|8.99
STATE|4|2|2|2|animalLoss|1.68
STATE|4|2|2|2|ownedBy|1
STATE|4|2|2|2|village|3
STATE|4|2|2|2|shared?|false
STATE|4|2|2|3|animalCount|[2 2 3 1 9 6 0 0 0 4 1 7 10 0 0 10 5 9 0 8]
STATE|4|2|2|3|forageCount|8.27
STATE|4|2|2|3|forageMass|6.76
STATE|4|2|2|3|fenced?|true
STATE|4|2|2|3|attacked?|true
STATE|4|2|2|3|cropped|false
STATE|4|2|2|3|totalLivestock|[0 10 3 0 3 3 9 7 2 1 5 6 0 0 9 6 8 3 6 1]
STATE|4|2|2|3|treeCount|2.12
STATE|4|2|2|3|grassMass|6.77
STATE|4|2|2|3|pAttack|4.26
STATE|4|2|2|3|arable|true
STATE|4|2|2|3|totalHarvest|9.99
STATE|4|2|2|3|animalLoss|0.98
STATE|4|2|2|3|ownedBy|1
STATE|4|2|2|3|village|0
STATE|4|2|2|3|shared?|false
STATE|4|2|3|0|animalCount|[7 7 1 5 0 4 0 3 8 4 8 7 10 9 6 7 2 2 8 10]
STATE|4|2|3|0|forageCount|3.84
STATE|4|2|3|0|forageMass|9.74
STATE|4|2|3|0|fenced?|false
STATE|4|2|3|0|attacked?|false
STATE|4|2|3|0|cropped|true
STATE|4|2|3|0|totalLivestock|[2 7 6 10 7 0 7 2 9 5 10 7 8 3 9 4 0 5 7 1]
STATE|4|2|3|0|treeCount|6.22
STATE|4|2|3|0|grassMass|0.11
STATE|4|2|3|0|pAttack|6.33
STATE|4|2|3|0|arable|true
STATE|4|2|3|0|totalHarvest|0.24
STATE|4|2|3|0|animalLoss|1.98
STATE|4|2|3|0|ownedBy|0
STATE|4|2|3|0|village|3
STATE|4|2|3|0|shared?|true
STATE|4|2|3|1|animalCount|[9 4 6 4 2 7 1 7 3 3 0 8 4 7 7 10 10 7 10 2]
STATE|4|2|3|1|forageCount|7.58
STATE|4|2|3|1|forageMass|9.56
STATE|4|2|3|1|fenced?|false
STATE|4|2|3|1|attacked?|false
STATE|4|2|3|1|cropped|false
STATE|4|2|3|1|totalLivestock|[3 1 2 10 10 10 4 5 4 4 6 7 0 4 6 5 6 9 5 3]
STATE|4|2|3|1|treeCount|1.53
STATE|4|2|3|1|grassMass|0.49
STATE|4|2|3|1|pAttack|3.51
STATE|4|2|3|1|arable|true
STATE|4|2|3|1|totalHarvest|4.29
STATE|4|2|3|1|animalLoss|6.99
STATE|4|2|3|1|ownedBy|1
STATE|4|2|3|1|village|3
STATE|4|2|3|1|shared?|false
STATE|4|2|3|2|animalCount|[3 5 1 5 7 10 8 0 7 0 5 7 10 6 3 9 9 2 4 8]
STATE|4|2|3|2|forageCount|8.64
STATE|4|2|3|2|forageMass|0.13
STATE|4|2|3|2|fenced?|true
STATE|4|2|3|2|attacked?|true
STATE|4|2|3|2|cropped|true
STATE|4|2|3|2|totalLivestock|[3 4 1 1 2 1 4 5 5 6 7 8 10 6 1 8 9 8 8 8]
STATE|4|2|3|2|treeCount|6.99
STATE|4|2|3|2|grassMass|1.32
STATE|4|2|3|2|pAttack|8.47
STATE|4|2|3|2|arable|false
STATE|4|2|3|2|totalHarvest|1.2
STATE|4|2|3|2|animalLoss|7.54
STATE|4|2|3|2|ownedBy|1
STATE|4|2|3|2|village|0
STATE|4|2|3|2|shared?|true
STATE|4|2|3|3|animalCount|[2 4 4 3 6 10 1 1 2 7 5 8 5 7 0 7 6 1 7 7]
STATE|4|2|3|3|forageCount|3.55
STATE|4|2|3|3|forageMass|7.76
STATE|4|2|3|3|fenced?|true
STATE|4|2|3|3|attacked?|true
STATE|4|2|3|3|cropped|true
STATE|4|2|3|3|totalLivestock|[9 2 5 4 1 0 10 7 7 9 6 2 0 5 3 0 1 10 0 10]
STATE|4|2|3|3|treeCount|5.73
STATE|4|2|3|3|grassMass|5.84
STATE|4|2|3|3|pAttack|0.99
STATE|4|2|3|3|arable|true
STATE|4|2|3|3|totalHarvest|9.09
STATE|4|2|3|3|animalLoss|3.93
STATE|4|2|3|3|ownedBy|0
STATE|4|2|3|3|village|2
STATE|4|2|3|3|shared?|true
CHOICE|4|2|1|1|0|3|12:55:57.000 PM 28-Sep-2026
CHOICE|4|2|1|1|0|1|12:56:03.000 PM 28-Sep-2026
CONFIRM|4|2|1|12:56:17.000 PM 28-Sep-2026
CHOICE|4|2|2|2|3|1|12:56:25.000 PM 28-Sep-2026
CHOICE|4|2|2|2|1|4|12:56:38.000 PM 28-Sep-2026
CHOICE|4|2|2|2|1|1|12:56:53.000 PM 28-Sep-2026
CONFIRM|4|2|2|12:56:59.000 PM 28-Sep-2026
CHOICE|4|2|3|1|2|4|12:57:14.000 PM 28-Sep-2026
CHOICE|4|2|3|2|0|2|12:57:26.000 PM 28-Sep-2026
CONFIRM|4|2|3|12:57:40.000 PM 28-Sep-2026
CHOICE|4|2|4|2|3|3|12:57:44.000 PM 28-Sep-2026
CONFIRM|4|2|4|12:57:53.000 PM 28-Sep-2026
CHOICE|4|2|5|3|0|2|12:58:03.000 PM 28-Sep-2026
CHOICE|4|2|5|3|1|3|12:58:18.000 PM 28-Sep-2026
CONFIRM|4|2|5|12:58:20.000 PM 28-Sep-2026
CHOICE|4|2|6|3|2|2|12:58:23.000 PM 28-Sep-2026
CONFIRM|4|2|6|12:58:35.000 PM 28-Sep-2026
CHOICE|4|2|7|2|3|1|12:58:49.000 PM 28-Sep-2026
CHOICE|4|2|7|1|2|2|12:58:56.000 PM 28-Sep-2026
CONFIRM|4|2|7|12:59:01.000 PM 28-Sep-2026
CHOICE|4|2|8|3|0|2|12:59:10.000 PM 28-Sep-2026
CHOICE|4|2|8|3|1|4|12:59:17.000 PM 28-Sep-2026
CHOICE|4|2|8|3|1|-99|12:59:27.000 PM 28-Sep-2026
CONFIRM|4|2|8|12:59:41.000 PM 28-Sep-2026
CHOICE|4|2|9|1|2|3|12:59:49.000 PM 28-Sep-2026
CHOICE|4|2|9|1|2|2|12:59:52.000 PM 28-Sep-2026
CONFIRM|4|2|9|12:59:57.000 PM 28-Sep-2026
CHOICE|4|2|10|1|3|4|12:59:58.000 PM 28-Sep-2026
CONFIRM|4|2|10|01:00:03.000 PM 28-Sep-2026
CHOICE|4|2|11|3|0|2|01:00:17.000 PM 28-Sep-2026
CHOICE|4|2|11|3|1|4|01:00:19.000 PM 28-Sep-2026
CONFIRM|4|2|11|01:00:23.000 PM 28-Sep-2026
CHOICE|4|2|12|3|2|4|01:00:28.000 PM 28-Sep-2026
CONFIRM|4|2|12|01:00:35.000 PM 28-Sep-2026
CHOICE|4|2|13|0|0|2|01:00:41.000 PM 28-Sep-2026
CHOICE|4|2|13|3|3|1|01:00:43.000 PM 28-Sep-2026
CHOICE|4|2|13|3|1|3|01:00:50.000 PM 28-Sep-2026
CONFIRM|4|2|13|01:00:56.000 PM 28-Sep-2026
CHOICE|4|2|14|0|2|2|01:01:05.000 PM 28-Sep-2026
CONFIRM|4|2|14|01:01:07.000 PM 28-Sep-2026
CHOICE|4|2|15|0|0|3|01:01:20.000 PM 28-Sep-2026
CONFIRM|4|2|15|01:01:24.000 PM 28-Sep-2026
CHOICE|4|2|16|2|0|1|01:01:29.000 PM 28-Sep-2026
CHOICE|4|2|16|3|1|1|01:01:37.000 PM 28-Sep-2026
CHOICE|4|2|16|3|3|3|01:01:41.000 PM 28-Sep-2026
CONFIRM|4|2|16|01:01:53.000 PM 28-Sep-2026
CHOICE|4|2|17|0|3|4|01:01:55.000 PM 28-Sep-2026
CONFIRM|4|2|17|01:02:04.000 PM 28-Sep-2026
CHOICE|4|2|18|0|0|4|01:02:16.000 PM 28-Sep-2026
CHOICE|4|2|18|0|0|4|01:02:22.000 PM 28-Sep-2026
CHOICE|4|2|18|0|0|1|01:02:26.000 PM 28-Sep-2026
CONFIRM|4|2|18|01:02:35.000 PM 28-Sep-2026
CHOICE|4|2|19|3|3|2|01:02:43.000 PM 28-Sep-2026
CHOICE|4|2|19|3|2|2|01:02:57.000 PM 28-Sep-2026
CONFIRM|4|2|19|01:03:03.000 PM 28-Sep-2026
CHOICE|4|2|20|3|3|3|01:03:16.000 PM 28-Sep-2026
CHOICE|4|2|20|0|0|4|01:03:22.000 PM 28-Sep-2026
CHOICE|4|2|20|1|2|3|01:03:31.000 PM 28-Sep-2026
CONFIRM|4|2|20|01:03:34.000 PM 28-Sep-2026
SCORE|4|2|1|1|4|0
SCORE|4|2|2|9|14|20
SCORE|4|2|3|7|56|1
SCORE|4|2|4|13|58|19
SCORE|4|2|5|16|58|12
SCORE|4|2|6|14|28|16
SCORE|4|2|7|5|51|17
SCORE|4|2|8|18|26|8
SCORE|4|2|9|7|8|8
SCORE|4|2|10|6|34|15
SCORE|4|2|11|6|49|11
SCORE|4|2|12|0|13|11
SCORE|4|2|13|12|15|6
SCORE|4|2|14|9|28|18
SCORE|4|2|15|12|37|6
SCORE|4|2|16|10|31|9
SCORE|4|2|17|7|31|13
SCORE|4|2|18|5|43|0
SCORE|4|2|19|2|11|14
SCORE|4|2|20|18|31|12
PHASE|phase-5-1|01:03:47.000 PM 28-Sep-2026
STATE|5|1|0|0|animalCount|[9 4 8 2 0 5 0 7 10 9 2 1 2 1 3 5 0 1 9 6]
STATE|5|1|0|0|forageCount|0.26
STATE|5|1|0|0|forageMass|4.62
STATE|5|1|0|0|fenced?|true
STATE|5|1|0|0|attacked?|true
STATE|5|1|0|0|cropped|false
STATE|5|1|0|0|totalLivestock|[3 2 8 5 7 9 4 1 6 2 1 2 2 6 8 8 6 1 0 4]
STATE|5|1|0|0|treeCount|1.7
STATE|5|1|0|0|grassMass|0.45
STATE|5|1|0|0|pAttack|4.17
STATE|5|1|0|0|arable|true
STATE|5|1|0|0|totalHarvest|0.37
STATE|5|1|0|0|animalLoss|6.64
STATE|5|1|0|0|ownedBy|3
STATE|5|1|0|0|village|1
STATE|5|1|0|0|shared?|false
STATE|5|1|0|1|animalCount|[0 2 5 8 7 2 1 3 6 9 10 6 0 4 9 4 5 6 1 6]
STATE|5|1|0|1|forageCount|1.21
STATE|5|1|0|1|forageMass|6.81
STATE|5|1|0|1|fenced?|false
STATE|5|1|0|1|attacked?|false
STATE|5|1|0|1|cropped|true
STATE|5|1|0|1|totalLivestock|[5 7 4 0 6 1 7 7 6 6 3 0 9 10 9 2 7 10 9 4]
STATE|5|1|0|1|treeCount|8.67
STATE|5|1|0|1|grassMass|9.83
STATE|5|1|0|1|pAttack|6.2
STATE|5|1|0|1|arable|true
STATE|5|1|0|1|totalHarvest|2.96
STATE|5|1|0|1|animalLoss|8.63
STATE|5|1|0|1|ownedBy|0
STATE|5|1|0|1|village|1
STATE|5|1|0|1|shared?|true
STATE|5|1|0|2|animalCount|[7 0 5 0 5 9 3 3 8 7 0 4 0 7 0 6 9 10 8 9]
STATE|5|1|0|2|forageCount|8.05
STATE|5|1|0|2|forageMass|5.44
STATE|5|1|0|2|fenced?|false
STATE|5|1|0|2|attacked?|true
STATE|5|1|0|2|cropped|false
STATE|5|1|0|2|totalLivestock|[4 0 8 9 10 2 5 4 5 2 0 5 5 9 9 8 3 3 4 5]
STATE|5|1|0|2|treeCount|4.99
STATE|5|1|0|2|grassMass|6.42
STATE|5|1|0|2|pAttack|7.33
STATE|5|1|0|2|arable|true
STATE|5|1|0|2|totalHarvest|9.79
STATE|5|1|0|2|animalLoss|2.55
STATE|5|1|0|2|ownedBy|0
STATE|5|1|0|2|village|2
STATE|5|1|0|2|shared?|false
STATE|5|1|0|3|animalCount|[0 0 3 4 8 0 6 1 5 7 5 5 0 1 10 4 8 3 2 4]
STATE|5|1|0|3|forageCount|4.59
STATE|5|1|0|3|forageMass|9.72
STATE|5|1|0|3|fenced?|false
STATE|5|1|0|3|attacked?|false
STATE|5|1|0|3|cropped|false
STATE|5|1|0|3|totalLivestock|[7 9 6 6 10 0 8 7 10 0 4 1 3 5 8 5 8 6 2 2]
STATE|5|1|0|3|treeCount|1.02
STATE|5|1|0|3|grassMass|3.26
STATE|5|1|0|3|pAttack|1.47
STATE|5|1|0|3|arable|true
STATE|5|1|0|3|totalHarvest|3.71
STATE|5|1|0|3|animalLoss|0.37
STATE|5|1|0|3|ownedBy|0
STATE|5|1|0|3|village|2
STATE|5|1|0|3|shared?|false
STATE|5|1|1|0|animalCount|[4 4 7 5 6 9 0 1 9 10 0 7 9 7 8 7 7 6 0 7]
STATE|5|1|1|0|forageCount|4.58
STATE|5|1|1|0|forageMass|4.92
STATE|5|1|1|0|fenced?|true
STATE|5|1|1|0|attacked?|true
STATE|5|1|1|0|cropped|false
STATE|5|1|1|0|totalLivestock|[10 2 4 8 3 1 0 1 9 8 8 8 5 1 2 4 1 5 6 2]
STATE|5|1|1|0|treeCount|2.65
STATE|5|1|1|0|grassMass|0.3
STATE|5|1|1|0|pAttack|9.57
STATE|5|1|1|0|arable|false
STATE|5|1|1|0|totalHarvest|6.77
STATE|5|1|1|0|animalLoss|7.37
STATE|5|1|1|0|ownedBy|1
STATE|5|1|1|0|village|3
STATE|5|1|1|0|shared?|false
STATE|5|1|1|1|animalCount|[0 2 7 4 8 1 9 5 2 9 2 3 2 6 9 9 5 6 9 2]
STATE|5|1|1|1|forageCount|9.01
STATE|5|1|1|1|forageMass|2.65
STATE|5|1|1|1|fenced?|true
STATE|5|1|1|1|attacked?|true
STATE|5|1|1|1|cropped|true
STATE|5|1|1|1|totalLivestock|[3 5 9 0 0 10 1 1 5 3 2 5 5 2 9 0 3 6 0 2]
STATE|5|1|1|1|treeCount|9.91
STATE|5|1|1|1|grassMass|8.9
STATE|5|1|1|1|pAttack|4.99
STATE|5|1|1|1|arable|false
STATE|5|1|1|1|totalHarvest|9.22
STATE|5|1|1|1|animalLoss|2.34
STATE|5|1|1|1|ownedBy|3
STATE|5|1|1|1|village|0
STATE|5|1|1|1|shared?|true
STATE|5|1|1|2|animalCount|[2 6 6 8 10 4 7 7 2 6 4 3 6 10 0 10 0 4 2 2]
STATE|5|1|1|2|forageCount|5.54
STATE|5|1|1|2|forageMass|7.75
STATE|5|1|1|2|fenced?|false
STATE|5|1|1|2|attacked?|true
STATE|5|1|1|2|cropped|true
STATE|5|1|1|2|totalLivestock|[8 7 2 3 4 1 10 6 0 8 2 4 8 6 9 6 0 10 4 6]
STATE|5|1|1|2|treeCount|4.28
STATE|5|1|1|2|grassMass|3.27
STATE|5|1|1|2|pAttack|1.28
STATE|5|1|1|2|arable|true
STATE|5|1|1|2|totalHarvest|4.65
STATE|5|1|1|2|animalLoss|7.39
STATE|5|1|1|2|ownedBy|3
STATE|5|1|1|2|village|2
STATE|5|1|1|2|shared?|true
STATE|5|1|1|3|animalCount|[9 8 1 10 4 4 9 7 1 7 10 9 1 4 0 0 2 6 3 9]
STATE|5|1|1|3|forageCount|7.25
STATE|5|1|1|3|forageMass|7.07
STATE|5|1|1|3|fenced?|false
STATE|5|1|1|3|attacked?|false
STATE|5|1|1|3|cropped|false
STATE|5|1|1|3|totalLivestock|[6 9 10 1 5 0 3 0 10 3 7 5 2 9 0 10 0 2 0 9]
STATE|5|1|1|3|treeCount|4.32
STATE|5|1|1|3|grassMass|2.86
STATE|5|1|1|3|pAttack|0.94
STATE|5|1|1|3|arable|true
STATE|5|1|1|3|totalHarvest|7.76
STATE|5|1|1|3|animalLoss|8.94
STATE|5|1|1|3|ownedBy|0
STATE|5|1|1|3|village|0
STATE|5|1|1|3|shared?|true
STATE|5|1|2|0|animalCount|[8 1 4 8 8 0 1 0 6 3 6 6 7 2 5 5 10 1 10 6]
STATE|5|1|2|0|forageCount|6.87
STATE|5|1|2|0|forageMass|1.33
STATE|5|1|2|0|fenced?|true
STATE|5|1|2|0|attacked?|false
STATE|5|1|2|0|cropped|true
STATE|5|1|2|0|totalLivestock|[2 9 7 5 8 10 1 9 2 2 9 4 7 2 0 2 7 4 5 0]
STATE|5|1|2|0|treeCount|1.7
STATE|5|1|2|0|grassMass|1.04
STATE|5|1|2|0|pAttack|8.61
STATE|5|1|2|0|arable|false
STATE|5|1|2|0|totalHarvest|1.23
STATE|5|1|2|0|animalLoss|4.76
STATE|5|1|2|0|ownedBy|0
STATE|5|1|2|0|village|3
STATE|5|1|2|0|shared?|false
STATE|5|1|2|1|animalCount|[4 10 7 3 0 2 1 0 6 3 2 7 7 7 2 1 7 1 5 4]
STATE|5|1|2|1|forageCount|4.81
STATE|5|1|2|1|forageMass|5.77
STATE|5|1|2|1|fenced?|true
STATE|5|1|2|1|attacked?|true
STATE|5|1|2|1|cropped|false
STATE|5|1|2|1|totalLivestock|[6 8 4 6 6 7 10 2 4 10 5 7 4 0 10 8 9 0 10 5]
STATE|5|1|2|1|treeCount|6.92
STATE|5|1|2|1|grassMass|9.67
STATE|5|1|2|1|pAttack|8.3
STATE|5|1|2|1|arable|false
STATE|5|1|2|1|totalHarvest|9.1
STATE|5|1|2|1|animalLoss|6.17
STATE|5|1|2|1|ownedBy|3
STATE|5|1|2|1|village|3
STATE|5|1|2|1|shared?|false
STATE|5|1|2|2|animalCount|[8 4 5 6 9 5 6 0 10 9 6 6 1 2 6 7 10 9 2 2]
STATE|5|1|2|2|forageCount|9.75
STATE|5|1|2|2|forageMass|8.36
STATE|5|1|2|2|fenced?|false
STATE|5|1|2|2|attacked?|false
STATE|5|1|2|2|cropped|true
STATE|5|1|2|2|totalLivestock|[1 3 0 0 3 8 2 6 5 3 2 2 4 7 9 5 3 7 0 10]
STATE|5|1|2|2|treeCount|0.95
STATE|5|1|2|2|grassMass|4.93
STATE|5|1|2|2|pAttack|4.5
STATE|5|1|2|2|arable|true
STATE|5|1|2|2|totalHarvest|3.57
STATE|5|1|2|2|animalLoss|3.11
STATE|5|1|2|2|ownedBy|1
STATE|5|1|2|2|village|0
STATE|5|1|2|2|shared?|false
STATE|5|1|2|3|animalCount|[2 0 7 9 9 0 3 10 2 6 2 3 3 9 4 10 6 8 8 5]
STATE|5|1|2|3|forageCount|4.35
STATE|5|1|2|3|forageMass|0.21
STATE|5|1|2|3|fenced?|true
STATE|5|1|2|3|attacked?|false
STATE|5|1|2|3|cropped|true
STATE|5|1|2|3|totalLivestock|[1 10 9 4 10 6 9 5 8 7 2 4 6 8 2 1 6 10 5 8]
STATE|5|1|2|3|treeCount|8.14
STATE|5|1|2|3|grassMass|8.76
STATE|5|1|2|3|pAttack|6.21
STATE|5|1|2|3|arable|true
STATE|5|1|2|3|totalHarvest|0.12
STATE|5|1|2|3|animalLoss|6.37
STATE|5|1|2|3|ownedBy|3
STATE|5|1|2|3|village|1
STATE|5|1|2|3|shared?|false
STATE|5|1|3|0|animalCount|[1 9 2 5 6 4 10 8 5 7 3 1 1 2 9 1 0 8 9 5]
STATE|5|1|3|0|forageCount|7.11
STATE|5|1|3|0|forageMass|3.88
STATE|5|1|3|0|fenced?|false
STATE|5|1|3|0|attacked?|false
STATE|5|1|3|0|cropped|false
STATE|5|1|3|0|totalLivestock|[3 2 1 4 3 10 2 1 5 2 8 4 2 5 2 8 10 4 5 1]
STATE|5|1|3|0|treeCount|8.28
STATE|5|1|3|0|grassMass|5.93
STATE|5|1|3|0|pAttack|2.48
STATE|5|1|3|0|arable|true
STATE|5|1|3|0|totalHarvest|5.78
STATE|5|1|3|0|animalLoss|6.41
STATE|5|1|3|0|ownedBy|3
STATE|5|1|3|0|village|0
STATE|5|1|3|0|shared?|true
STATE|5|1|3|1|animalCount|[3 6 8 6 0 3 6 0 3 5 0 10 10 1 0 0 6 7 10 2]
STATE|5|1|3|1|forageCount|5.29
STATE|5|1|3|1|forageMass|5.87
STATE|5|1|3|1|fenced?|false
STATE|5|1|3|1|attacked?|true
STATE|5|1|3|1|cropped|true
STATE|5|1|3|1|totalLivestock|[9 4 4 7 1 6 5 3 3 8 2 6 2 0 2 5 6 6 6 4]
STATE|5|1|3|1|treeCount|3.81
STATE|5|1|3|1|grassMass|8.63
STATE|5|1|3|1|pAttack|6.45
STATE|5|1|3|1|arable|true
STATE|5|1|3|1|totalHarvest|4.96
STATE|5|1|3|1|animalLoss|2.16
STATE|5|1|3|1|ownedBy|3
STATE|5|1|3|1|village|1
STATE|5|1|3|1|shared?|true
STATE|5|1|3|2|animalCount|[1 9 0 8 9 3 2 0 2 0 6 6 2 4 1 0 6 2 10 9]
STATE|5|1|3|2|forageCount|3.7
STATE|5|1|3|2|forageMass|9.41
STATE|5|1|3|2|fenced?|true
STATE|5|1|3|2|attacked?|true
STATE|5|1|3|2|cropped|false
STATE|5|1|3|2|totalLivestock|[5 10 7 4 9 5 5 3 3 9 6 8 9 6 6 9 2 0 5 3]
STATE|5|1|3|2|treeCount|0.89
STATE|5|1|3|2|grassMass|5.45
STATE|5|1|3|2|pAttack|8.97
STATE|5|1|3|2|arable|true
STATE|5|1|3|2|totalHarvest|3.91
STATE|5|1|3|2|animalLoss|5.23
STATE|5|1|3|2|ownedBy|1
STATE|5|1|3|2|village|2
STATE|5|1|3|2|shared?|true
STATE|5|1|3|3|animalCount|[4 3 6 7 4 3 0 6 7 4 4 5 1 9 3 5 3 0 9 7]
STATE|5|1|3|3|forageCount|9.98
STATE|5|1|3|3|forageMass|7.59
STATE|5|1|3|3|fenced?|true
STATE|5|1|3|3|attacked?|true
STATE|5|1|3|3|cropped|true
STATE|5|1|3|3|totalLivestock|[3 8 8 10 7 5 8 2 0 8 1 2 5 10 0 10 10 0 9 2]
STATE|5|1|3|3|treeCount|5.56
STATE|5|1|3|3|grassMass|1.11
STATE|5|1|3|3|pAttack|9.2
STATE|5|1|3|3|arable|true
STATE|5|1|3|3|totalHarvest|7.43
STATE|5|1|3|3|animalLoss|4.34
STATE|5|1|3|3|ownedBy|1
STATE|5|1|3|3|village|1
STATE|5|1|3|3|shared?|true
CHOICE|5|1|1|2|3|-99|01:04:00.000 PM 28-Sep-2026
CHOICE|5|1|1|2|3|4|01:04:01.000 PM 28-Sep-2026
CONFIRM|5|1|1|01:04:13.000 PM 28-Sep-2026
CHOICE|5|1|2|2|0|4|01:04:22.000 PM 28-Sep-2026
CHOICE|5|1|2|2|0|3|01:04:36.000 PM 28-Sep-2026
CHOICE|5|1|2|2|3|2|01:04:40.000 PM 28-Sep-2026
CONFIRM|5|1|2|01:04:53.000 PM 28-Sep-2026
CHOICE|5|1|3|1|1|4|01:05:00.000 PM 28-Sep-2026
CHOICE|5|1|3|0|0|3|01:05:13.000 PM 28-Sep-2026
CHOICE|5|1|3|3|3|4|01:05:20.000 PM 28-Sep-2026
CONFIRM|5|1|3|01:05:34.000 PM 28-Sep-2026
CHOICE|5|1|4|1|0|4|01:05:37.000 PM 28-Sep-2026
CHOICE|5|1|4|3|0|3|01:05:44.000 PM 28-Sep-2026
CHOICE|5|1|4|2|1|3|01:05:57.000 PM 28-Sep-2026
CONFIRM|5|1|4|01:06:01.000 PM 28-Sep-2026
CHOICE|5|1|5|0|1|2|01:06:13.000 PM 28-Sep-2026
CHOICE|5|1|5|0|1|2|01:06:17.000 PM 28-Sep-2026
CONFIRM|5|1|5|01:06:23.000 PM 28-Sep-2026
CHOICE|5|1|6|0|3|2|01:06:38.000 PM 28-Sep-2026
CONFIRM|5|1|6|01:06:50.000 PM 28-Sep-2026
CHOICE|5|1|7|3|3|2|01:06:58.000 PM 28-Sep-2026
CONFIRM|5|1|7|01:07:03.000 PM 28-Sep-2026
CHOICE|5|1|8|0|3|3|01:07:11.000 PM 28-Sep-2026
CHOICE|5|1|8|0|0|2|01:07:23.000 PM 28-Sep-2026
CHOICE|5|1|8|3|2|3|01:07:35.000 PM 28-Sep-2026
CONFIRM|5|1|8|01:07:47.000 PM 28-Sep-2026
CHOICE|5|1|9|3|2|4|01:07:57.000 PM 28-Sep-2026
CHOICE|5|1|9|3|2|1|01:08:05.000 PM 28-Sep-2026
CONFIRM|5|1|9|01:08:20.000 PM 28-Sep-2026
CHOICE|5|1|10|0|3|4|01:08:21.000 PM 28-Sep-2026
CONFIRM|5|1|10|01:08:23.000 PM 28-Sep-2026
CHOICE|5|1|11|0|2|4|01:08:36.000 PM 28-Sep-2026
CONFIRM|5|1|11|01:08:50.000 PM 28-Sep-2026
CHOICE|5|1|12|0|0|2|01:09:04.000 PM 28-Sep-2026
CHOICE|5|1|12|1|3|1|01:09:16.000 PM 28-Sep-2026
CHOICE|5|1|12|1|3|3|01:09:18.000 PM 28-Sep-2026
CONFIRM|5|1|12|01:09:20.000 PM 28-Sep-2026
CHOICE|5|1|13|0|0|1|01:09:22.000 PM 28-Sep-2026
CHOICE|5|1|13|1|1|4|01:09:30.000 PM 28-Sep-2026
CONFIRM|5|1|13|01:09:38.000 PM 28-Sep-2026
CHOICE|5|1|14|2|3|2|01:09:45.000 PM 28-Sep-2026
CONFIRM|5|1|14|01:09:50.000 PM 28-Sep-2026
CHOICE|5|1|15|0|3|4|01:09:55.000 PM 28-Sep-2026
CHOICE|5|1|15|0|3|-99|01:09:59.000 PM 28-Sep-2026
CONFIRM|5|1|15|01:10:07.000 PM 28-Sep-2026
CHOICE|5|1|16|1|1|3|01:10:11.000 PM 28-Sep-2026
CONFIRM|5|1|16|01:10:23.000 PM 28-Sep-2026
CHOICE|5|1|17|0|2|2|01:10:28.000 PM 28-Sep-2026
CONFIRM|5|1|17|01:10:40.000 PM 28-Sep-2026
CHOICE|5|1|18|3|0|1|01:10:46.000 PM 28-Sep-2026
CHOICE|5|1|18|3|0|3|01:11:01.000 PM 28-Sep-2026
CHOICE|5|1|18|3|3|2|01:11:03.000 PM 28-Sep-2026
CONFIRM|5|1|18|01:11:04.000 PM 28-Sep-2026
CHOICE|5|1|19|0|3|2|01:11:06.000 PM 28-Sep-2026
CHOICE|5|1|19|0|3|4|01:11:17.000 PM 28-Sep-2026
CHOICE|5|1|19|0|3|4|01:11:19.000 PM 28-Sep-2026
CONFIRM|5|1|19|01:11:28.000 PM 28-Sep-2026
CHOICE|5|1|20|1|1|2|01:11:38.000 PM 28-Sep-2026
CHOICE|5|1|20|0|1|2|01:11:43.000 PM 28-Sep-2026
CHOICE|5|1|20|0|1|4|01:11:58.000 PM 28-Sep-2026
CONFIRM|5|1|20|01:12:08.000 PM 28-Sep-2026
SCORE|5|1|1|1|40|3
SCORE|5|1|2|6|11|20
SCORE|5|1|3|13|59|15
SCORE|5|1|4|1|14|6
SCORE|5|1|5|19|34|5
SCORE|5|1|6|15|24|12
SCORE|5|1|7|12|15|2
SCORE|5|1|8|20|53|2
SCORE|5|1|9|20|46|18
SCORE|5|1|10|6|45|11
SCORE|5|1|11|14|45|6
SCORE|5|1|12|6|43|17
SCORE|5|1|13|0|47|9
SCORE|5|1|14|2|33|14
SCORE|5|1|15|5|7|11
SCORE|5|1|16|7|46|5
SCORE|5|1|17|8|27|7
SCORE|5|1|18|16|65|3
SCORE|5|1|19|0|4|18
SCORE|5|1|20|14|46|7
PHASE|phase-5-2|01:12:17.000 PM 28-Sep-2026
STATE|5|2|0|0|animalCount|[10 7 1 4 9 0 10 2 1 10 0 0 6 3 5 0 10 5 10 2]
STATE|5|2|0|0|forageCount|8.15
STATE|5|2|0|0|forageMass|5.52
STATE|5|2|0|0|fenced?|false
STATE|5|2|0|0|attacked?|false
STATE|5|2|0|0|cropped|false
STATE|5|2|0|0|totalLivestock|[3 6 10 3 4 9 7 5 3 2 3 0 0 0 9 9 8 4 5 3]
STATE|5|2|0|0|treeCount|3.07
STATE|5|2|0|0|grassMass|6.79
STATE|5|2|0|0|pAttack|5.16
STATE|5|2|0|0|arable|true
STATE|5|2|0|0|totalHarvest|8.6
STATE|5|2|0|0|animalLoss|9.23
STATE|5|2|0|0|ownedBy|1
STATE|5|2|0|0|village|1
STATE|5|2|0|0|shared?|true
STATE|5|2|0|1|animalCount|[9 10 9 6 8 7 0 7 1 8 3 8 3 10 6 4 0 9 8 1]
STATE|5|2|0|1|forageCount|0.0
STATE|5|2|0|1|forageMass|6.38
STATE|5|2|0|1|fenced?|false
STATE|5|2|0|1|attacked?|false
STATE|5|2|0|1|cropped|false
STATE|5|2|0|1|totalLivestock|[6 0 10 2 10 0 9 6 10 10 1 4 4 10 5 0 10 4 4 9]
STATE|5|2|0|1|treeCount|3.26
STATE|5|2|0|1|grassMass|2.94
STATE|5|2|0|1|pAttack|1.8
STATE|5|2|0|1|arable|true
STATE|5|2|0|1|totalHarvest|9.8
STATE|5|2|0|1|animalLoss|4.02
STATE|5|2|0|1|ownedBy|0
STATE|5|2|0|1|village|3
STATE|5|2|0|1|shared?|true
STATE|5|2|0|2|animalCount|[6 8 2 2 7 7 2 7 1 6 0 7 9 9 10 8 8 2 7 9]
STATE|5|2|0|2|forageCount|9.73
STATE|5|2|0|2|forageMass|6.59
STATE|5|2|0|2|fenced?|true
STATE|5|2|0|2|attacked?|true
STATE|5|2|0|2|cropped|false
STATE|5|2|0|2|totalLivestock|[10 3 1 9 1 4 10 5 0 0 2 4 9 1 2 1 8 4 10 8]
STATE|5|2|0|2|treeCount|1.36
STATE|5|2|0|2|grassMass|3.68
STATE|5|2|0|2|pAttack|0.77
STATE|5|2|0|2|arable|true
STATE|5|2|0|2|totalHarvest|7.36
STATE|5|2|0|2|animalLoss|1.96
STATE|5|2|0|2|ownedBy|0
STATE|5|2|0|2|village|1
STATE|5|2|0|2|shared?|false
STATE|5|2|0|3|animalCount|[10 5 6 8 0 9 1 6 10 7 1 0 1 3 6 8 7 8 2 8]
STATE|5|2|0|3|forageCount|0.99
STATE|5|2|0|3|forageMass|1.6
STATE|5|2|0|3|fenced?|true
STATE|5|2|0|3|attacked?|true
STATE|5|2|0|3|cropped|false
STATE|5|2|0|3|totalLivestock|[8 8 4 8 3 8 6 0 8 9 3 4 4 4 3 5 3 5 4 8]
STATE|5|2|0|3|treeCount|2.55
STATE|5|2|0|3|grassMass|3.97
STATE|5|2|0|3|pAttack|3.56
STATE|5|2|0|3|arable|false
STATE|5|2|0|3|totalHarvest|6.5
STATE|5|2|0|3|animalLoss|4.69
STATE|5|2|0|3|ownedBy|3
STATE|5|2|0|3|village|3
STATE|5|2|0|3|shared?|true
STATE|5|2|1|0|animalCount|[1 3 5 3 3 7 7 1 0 7 9 6 0 8 3 9 0 1 4 8]
STATE|5|2|1|0|forageCount|8.36
STATE|5|2|1|0|forageMass|3.21
STATE|5|2|1|0|fenced?|false
STATE|5|2|1|0|attacked?|false
STATE|5|2|1|0|cropped|false
STATE|5|2|1|0|totalLivestock|[1 2 1 3 8 4 5 7 7 8 7 6 8 1 3 5 3 9 0 10]
STATE|5|2|1|0|treeCount|2.14
STATE|5|2|1|0|grassMass|2.07
STATE|5|2|1|0|pAttack|2.99
STATE|5|2|1|0|arable|true
STATE|5|2|1|0|totalHarvest|5.81
STATE|5|2|1|0|animalLoss|9.44
STATE|5|2|1|0|ownedBy|3
STATE|5|2|1|0|village|0
STATE|5|2|1|0|shared?|true
STATE|5|2|1|1|animalCount|[4 4 3 4 8 5 3 4 9 1 2 2 4 5 9 9 8 4 8 10]
STATE|5|2|1|1|forageCount|6.41
STATE|5|2|1|1|forageMass|9.98
STATE|5|2|1|1|fenced?|true
STATE|5|2|1|1|attacked?|true
STATE|5|2|1|1|cropped|false
STATE|5|2|1|1|totalLivestock|[9 7 4 3 3 9 2 7 7 5 8 0 0 1 7 2 9 0 10 7]
STATE|5|2|1|1|treeCount|0.57
STATE|5|2|1|1|grassMass|1.04
STATE|5|2|1|1|pAttack|7.01
STATE|5|2|1|1|arable|true
STATE|5|2|1|1|totalHarvest|3.8
STATE|5|2|1|1|animalLoss|5.87
STATE|5|2|1|1|ownedBy|1
STATE|5|2|1|1|village|2
STATE|5|2|1|1|shared?|false
STATE|5|2|1|2|animalCount|[4 5 2 9 6 10 2 7 6 4 2 3 9 8 9 9 4 2 5 4]
STATE|5|2|1|2|forageCount|1.67
STATE|5|2|1|2|forageMass|2.92
STATE|5|2|1|2|fenced?|false
STATE|5|2|1|2|attacked?|false
STATE|5|2|1|2|cropped|false
STATE|5|2|1|2|totalLivestock|[1 10 4 6 4 2 5 4 1 9 7 5 5 7 6 0 7 6 1 4]
STATE|5|2|1|2|treeCount|8.13
STATE|5|2|1|2|grassMass|1.76
STATE|5|2|1|2|pAttack|7.24
STATE|5|2|1|2|arable|false
STATE|5|2|1|2|totalHarvest|1.47
STATE|5|2|1|2|animalLoss|7.88
STATE|5|2|1|2|ownedBy|0
STATE|5|2|1|2|village|3
STATE|5|2|1|2|shared?|true
STATE|5|2|1|3|animalCount|[3 7 10 4 10 6 4 5 5 9 1 9 8 0 2 5 1 2 9 7]
STATE|5|2|1|3|forageCount|1.8
STATE|5|2|1|3|forageMass|7.76
STATE|5|2|1|3|fenced?|false
STATE|5|2|1|3|attacked?|false
STATE|5|2|1|3|cropped|true
STATE|5|2|1|3|totalLivestock|[5 4 10 1 6 2 0 5 7 3 0 0 0 7 1 5 4 4 5 0]
STATE|5|2|1|3|treeCount|9.76
STATE|5|2|1|3|grassMass|7.83
STATE|5|2|1|3|pAttack|6.03
STATE|5|2|1|3|arable|false
STATE|5|2|1|3|totalHarvest|9.71
STATE|5|2|1|3|animalLoss|3.21
STATE|5|2|1|3|ownedBy|0
STATE|5|2|1|3|village|3
STATE|5|2|1|3|shared?|false
STATE|5|2|2|0|animalCount|[6 0 8 9 5 4 4 1 7 4 8 8 9 0 6 3 6 10 2 1]
STATE|5|2|2|0|forageCount|0.54
STATE|5|2|2|0|forageMass|7.42
STATE|5|2|2|0|fenced?|true
STATE|5|2|2|0|attacked?|true
STATE|5|2|2|0|cropped|false
STATE|5|2|2|0|totalLivestock|[2 7 3 8 7 1 9 6 0 5 2 6 7 3 4 2 8 0 2 4]
STATE|5|2|2|0|treeCount|6.09
STATE|5|2|2|0|grassMass|2.12
STATE|5|2|2|0|pAttack|1.7
STATE|5|2|2|0|arable|true
STATE|5|2|2|0|totalHarvest|6.92
STATE|5|2|2|0|animalLoss|9.29
STATE|5|2|2|0|ownedBy|1
STATE|5|2|2|0|village|3
STATE|5|2|2|0|shared?|true
STATE|5|2|2|1|animalCount|[5 6 10 5 0 2 10 5 8 9 5 8 8 7 0 5 10 8 9 1]
STATE|5|2|2|1|forageCount|8.04
STATE|5|2|2|1|forageMass|9.87
STATE|5|2|2|1|fenced?|false
STATE|5|2|2|1|attacked?|true
STATE|5|2|2|1|cropped|true
STATE|5|2|2|1|totalLivestock|[3 6 0 0 2 0 2 0 4 3 10 6 1 0 5 4 1 7 3 2]
STATE|5|2|2|1|treeCount|6.48
STATE|5|2|2|1|grassMass|7.22
STATE|5|2|2|1|pAttack|0.05
STATE|5|2|2|1|arable|true
STATE|5|2|2|1|totalHarvest|3.89
STATE|5|2|2|1|animalLoss|9.52
STATE|5|2|2|1|ownedBy|2
STATE|5|2|2|1|village|2
STATE|5|2|2|1|shared?|false
STATE|5|2|2|2|animalCount|[9 4 6 4 2 2 8 2 3 3 6 1 2 8 5 3 7 8 10 1]
STATE|5|2|2|2|forageCount|3.92
STATE|5|2|2|2|forageMass|3.6
STATE|5|2|2|2|fenced?|false
STATE|5|2|2|2|attacked?|true
STATE|5|2|2|2|cropped|true
STATE|5|2|2|2|totalLivestock|[2 1 1 9 6 4 6 4 3 9 7 2 8 8 9 5 6 2 6 6]
STATE|5|2|2|2|treeCount|2.34
STATE|5|2|2|2|grassMass|6.13
STATE|5|2|2|2|pAttack|4.46
STATE|5|2|2|2|arable|true
STATE|5|2|2|2|totalHarvest|2.09
STATE|5|2|2|2|animalLoss|0.98
STATE|5|2|2|2|ownedBy|3
STATE|5|2|2|2|village|0
STATE|5|2|2|2|shared?|true
STATE|5|2|2|3|animalCount|[2 5 10 5 2 3 5 4 5 4 10 5 7 10 10 6 9 4 1 4]
STATE|5|2|2|3|forageCount|4.71
STATE|5|2|2|3|forageMass|0.06
STATE|5|2|2|3|fenced?|false
STATE|5|2|2|3|attacked?|false
STATE|5|2|2|3|cropped|false
STATE|5|2|2|3|totalLivestock|[9 9 7 2 8 10 0 9 1 7 2 10 8 2 8 3 8 5 5 7]
STATE|5|2|2|3|treeCount|3.72
STATE|5|2|2|3|grassMass|8.42
STATE|5|2|2|3|pAttack|9.62
STATE|5|2|2|3|arable|false
STATE|5|2|2|3|totalHarvest|3.8
STATE|5|2|2|3|animalLoss|7.95
STATE|5|2|2|3|ownedBy|0
STATE|5|2|2|3|village|1
STATE|5|2|2|3|shared?|true
STATE|5|2|3|0|animalCount|[10 6 5 10 8 3 3 9 9 2 7 2 6 4 7 0 0 1 6 10]
STATE|5|2|3|0|forageCount|7.53
STATE|5|2|3|0|forageMass|4.48
STATE|5|2|3|0|fenced?|true
STATE|5|2|3|0|attacked?|false
STATE|5|2|3|0|cropped|true
STATE|5|2|3|0|totalLivestock|[0 8 1 8 3 1 10 6 10 7 0 2 0 7 7 0 4 10 4 5]
STATE|5|2|3|0|treeCount|3.55
STATE|5|2|3|0|grassMass|8.94
STATE|5|2|3|0|pAttack|3.37
STATE|5|2|3|0|arable|false
STATE|5|2|3|0|totalHarvest|1.87
STATE|5|2|3|0|animalLoss|8.51
STATE|5|2|3|0|ownedBy|1
STATE|5|2|3|0|village|0
STATE|5|2|3|0|shared?|false
STATE|5|2|3|1|animalCount|[2 8 8 7 3 7 2 6 7 1 10 7 0 8 9 0 6 0 0 1]
STATE|5|2|3|1|forageCount|5.14
STATE|5|2|3|1|forageMass|4.04
STATE|5|2|3|1|fenced?|false
STATE|5|2|3|1|attacked?|false
STATE|5|2|3|1|cropped|true
STATE|5|2|3|1|totalLivestock|[5 6 0 0 4 0 7 4 4 3 5 8 5 8 9 8 7 10 4 2]
STATE|5|2|3|1|treeCount|4.62
STATE|5|2|3|1|grassMass|0.41
STATE|5|2|3|1|pAttack|6.82
STATE|5|2|3|1|arable|false
STATE|5|2|3|1|totalHarvest|4.92
STATE|5|2|3|1|animalLoss|6.91
STATE|5|2|3|1|ownedBy|0
STATE|5|2|3|1|village|0
STATE|5|2|3|1|shared?|false
STATE|5|2|3|2|animalCount|[9 3 1 5 1 5 1 0 7 3 4 7 8 9 10 0 6 6 4 3]
STATE|5|2|3|2|forageCount|9.06
STATE|5|2|3|2|forageMass|6.6
STATE|5|2|3|2|fenced?|true
STATE|5|2|3|2|attacked?|true
STATE|5|2|3|2|cropped|true
STATE|5|2|3|2|totalLivestock|[8 1 10 2 7 1 7 3 4 3 0 6 3 2 7 9 0 6 2 6]
STATE|5|2|3|2|treeCount|8.98
STATE|5|2|3|2|grassMass|5.34
STATE|5|2|3|2|pAttack|4.81
STATE|5|2|3|2|arable|true
STATE|5|2|3|2|totalHarvest|9.09
STATE|5|2|3|2|animalLoss|0.5
STATE|5|2|3|2|ownedBy|3
STATE|5|2|3|2|village|0
STATE|5|2|3|2|shared?|true
STATE|5|2|3|3|animalCount|[0 9 0 0 3 9 6 5 2 4 4 5 1 3 9 7 4 9 3 4]
STATE|5|2|3|3|forageCount|2.16
STATE|5|2|3|3|forageMass|8.86
STATE|5|2|3|3|fenced?|false
STATE|5|2|3|3|attacked?|false
STATE|5|2|3|3|cropped|true
STATE|5|2|3|3|totalLivestock|[10 8 2 3 5 8 6 0 7 5 0 10 6 1 10 4 8 8 6 10]
STATE|5|2|3|3|treeCount|6.87
STATE|5|2|3|3|grassMass|9.2
STATE|5|2|3|3|pAttack|8.97
STATE|5|2|3|3|arable|false
STATE|5|2|3|3|totalHarvest|1.1
STATE|5|2|3|3|animalLoss|7.09
STATE|5|2|3|3|ownedBy|0
STATE|5|2|3|3|village|2
STATE|5|2|3|3|shared?|false
CHOICE|5|2|1|3|2|1|01:12:21.000 PM 28-Sep-2026
CONFIRM|5|2|1|01:12:36.000 PM 28-Sep-2026
CHOICE|5|2|2|3|2|4|01:12:48.000 PM 28-Sep-2026
CHOICE|5|2|2|3|2|4|01:12:54.000 PM 28-Sep-2026
CONFIRM|5|2|2|01:13:03.000 PM 28-Sep-2026
CHOICE|5|2|3|1|2|1|01:13:14.000 PM 28-Sep-2026
CHOICE|5|2|3|0|3|4|01:13:23.000 PM 28-Sep-2026
CONFIRM|5|2|3|01:13:36.000 PM 28-Sep-2026
CHOICE|5|2|4|0|2|4|01:13:38.000 PM 28-Sep-2026
CHOICE|5|2|4|3|1|4|01:13:44.000 PM 28-Sep-2026
CHOICE|5|2|4|2|1|-99|01:13:46.000 PM 28-Sep-2026
CONFIRM|5|2|4|01:13:50.000 PM 28-Sep-2026
CHOICE|5|2|5|0|2|4|01:13:59.000 PM 28-Sep-2026
CHOICE|5|2|5|2|2|1|01:14:02.000 PM 28-Sep-2026
CONFIRM|5|2|5|01:14:04.000 PM 28-Sep-2026
CHOICE|5|2|6|1|2|3|01:14:06.000 PM 28-Sep-2026
CHOICE|5|2|6|0|0|3|01:14:17.000 PM 28-Sep-2026
CHOICE|5|2|6|1|1|4|01:14:28.000 PM 28-Sep-2026
CONFIRM|5|2|6|01:14:40.000 PM 28-Sep-2026
CHOICE|5|2|7|3|0|2|01:14:49.000 PM 28-Sep-2026
CONFIRM|5|2|7|01:14:54.000 PM 28-Sep-2026
CHOICE|5|2|8|2|3|-99|01:15:05.000 PM 28-Sep-2026
CONFIRM|5|2|8|01:15:13.000 PM 28-Sep-2026
CHOICE|5|2|9|1|3|4|01:15:27.000 PM 28-Sep-2026
CHOICE|5|2|9|1|0|3|01:15:38.000 PM 28-Sep-2026
CHOICE|5|2|9|2|1|2|01:15:53.000 PM 28-Sep-2026
CONFIRM|5|2|9|01:16:02.000 PM 28-Sep-2026
CHOICE|5|2|10|0|2|1|01:16:11.000 PM 28-Sep-2026
CONFIRM|5|2|10|01:16:15.000 PM 28-Sep-2026
CHOICE|5|2|11|2|1|2|01:16:27.000 PM 28-Sep-2026
CHOICE|5|2|11|2|1|2|01:16:42.000 PM 28-Sep-2026
CONFIRM|5|2|11|01:16:47.000 PM 28-Sep-2026
CHOICE|5|2|12|1|2|1|01:16:48.000 PM 28-Sep-2026
CHOICE|5|2|12|1|1|3|01:16:55.000 PM 28-Sep-2026
CHOICE|5|2|12|3|1|-99|01:17:07.000 PM 28-Sep-2026
CONFIRM|5|2|12|01:17:17.000 PM 28-Sep-2026
CHOICE|5|2|13|3|1|2|01:17:18.000 PM 28-Sep-2026
CONFIRM|5|2|13|01:17:28.000 PM 28-Sep-2026
CHOICE|5|2|14|3|3|3|01:17:38.000 PM 28-Sep-2026
CONFIRM|5|2|14|01:17:43.000 PM 28-Sep-2026
CHOICE|5|2|15|2|2|-99|01:17:53.000 PM 28-Sep-2026
CHOICE|5|2|15|0|0|2|01:17:55.000 PM 28-Sep-2026
CONFIRM|5|2|15|01:17:58.000 PM 28-Sep-2026
CHOICE|5|2|16|3|1|4|01:18:10.000 PM 28-Sep-2026
CONFIRM|5|2|16|01:18:17.000 PM 28-Sep-2026
CHOICE|5|2|17|0|3|1|01:18:21.000 PM 28-Sep-2026
CHOICE|5|2|17|2|0|3|01:18:33.000 PM 28-Sep-2026
CONFIRM|5|2|17|01:18:36.000 PM 28-Sep-2026
CHOICE|5|2|18|1|1|2|01:18:43.000 PM 28-Sep-2026
CONFIRM|5|2|18|01:18:50.000 PM 28-Sep-2026
CHOICE|5|2|19|1|3|3|01:19:05.000 PM 28-Sep-2026
CONFIRM|5|2|19|01:19:15.000 PM 28-Sep-2026
CHOICE|5|2|20|1|2|1|01:19:21.000 PM 28-Sep-2026
CHOICE|5|2|20|1|0|2|01:19:34.000 PM 28-Sep-2026
CONFIRM|5|2|20|01:19:44.000 PM 28-Sep-2026
SCORE|5|2|1|0|9|11
SCORE|5|2|2|15|45|18
SCORE|5|2|3|2|35|18
SCORE|5|2|4|0|3|13
SCORE|5|2|5|4|10|20
SCORE|5|2|6|10|18|7
SCORE|5|2|7|10|51|20
SCORE|5|2|8|14|56|9
SCORE|5|2|9|3|11|17
SCORE|5|2|10|20|27|8
SCORE|5|2|11|8|35|17
SCORE|5|2|12|9|54|2
SCORE|5|2|13|1|4|2
SCORE|5|2|14|1|16|8
SCORE|5|2|15|18|29|12
SCORE|5|2|16|2|9|0
SCORE|5|2|17|17|18|5
SCORE|5|2|18|13|57|7
SCORE|5|2|19|1|51|12
SCORE|5|2|20|2|19|12
PHASE|phase-6-1|01:19:56.000 PM 28-Sep-2026
STATE|6|1|0|0|animalCount|[9 2 3 9 7 8 3 7 1 0 9 10 10 4 8 3 5 6 1 1]
STATE|6|1|0|0|forageCount|9.11
STATE|6|1|0|0|forageMass|0.25
STATE|6|1|0|0|fenced?|true
STATE|6|1|0|0|attacked?|true
STATE|6|1|0|0|cropped|false
STATE|6|1|0|0|totalLivestock|[9 10 4 3 4 8 7 1 1 3 9 10 3 10 7 6 0 1 2 10]
STATE|6|1|0|0|treeCount|9.17
STATE|6|1|0|0|grassMass|3.05
STATE|6|1|0|0|pAttack|8.85
STATE|6|1|0|0|arable|false
STATE|6|1|0|0|totalHarvest|1.21
STATE|6|1|0|0|animalLoss|9.97
STATE|6|1|0|0|ownedBy|0
STATE|6|1|0|0|village|0
STATE|6|1|0|0|shared?|false
STATE|6|1|0|1|animalCount|[4 7 5 2 3 10 3 7 5 0 8 4 6 0 3 2 0 10 8 4]
STATE|6|1|0|1|forageCount|8.11
STATE|6|1|0|1|forageMass|1.84
STATE|6|1|0|1|fenced?|false
STATE|6|1|0|1|attacked?|true
STATE|6|1|0|1|cropped|true
STATE|6|1|0|1|totalLivestock|[10 5 10 5 7 2 3 0 0 4 2 2 9 5 4 5 4 6 6 9]
STATE|6|1|0|1|treeCount|6.21
STATE|6|1|0|1|grassMass|9.25
STATE|6|1|0|1|pAttack|5.25
STATE|6|1|0|1|arable|false
STATE|6|1|0|1|totalHarvest|6.62
STATE|6|1|0|1|animalLoss|7.61
STATE|6|1|0|1|ownedBy|3
STATE|6|1|0|1|village|0
STATE|6|1|0|1|shared?|true
STATE|6|1|0|2|animalCount|[4 5 7 3 4 2 3 2 7 7 8 9 10 10 5 10 5 10 6 7]
STATE|6|1|0|2|forageCount|8.07
STATE|6|1|0|2|forageMass|9.47
STATE|6|1|0|2|fenced?|true
STATE|6|1|0|2|attacked?|false
STATE|6|1|0|2|cropped|true
STATE|6|1|0|2|totalLivestock|[6 6 7 2 8 8 3 10 8 7 4 0 6 0 4 3 5 9 10 6]
STATE|6|1|0|2|treeCount|5.82
STATE|6|1|0|2|grassMass|5.66
STATE|6|1|0|2|pAttack|1.44
STATE|6|1|0|2|arable|false
STATE|6|1|0|2|totalHarvest|7.44
STATE|6|1|0|2|animalLoss|9.32
STATE|6|1|0|2|ownedBy|2
STATE|6|1|0|2|village|3
STATE|6|1|0|2|shared?|true
STATE|6|1|0|3|animalCount|[4 9 5 5 8 8 6 3 2 10 9 3 6 6 4 5 0 6 0 9]
STATE|6|1|0|3|forageCount|0.54
STATE|6|1|0|3|forageMass|4.96
STATE|6|1|0|3|fenced?|true
STATE|6|1|0|3|attacked?|false
STATE|6|1|0|3|cropped|false
STATE|6|1|0|3|totalLivestock|[2 1 2 0 4 1 2 7 8 6 7 0 6 3 8 7 4 2 4 10]
STATE|6|1|0|3|treeCount|4.68
STATE|6|1|0|3|grassMass|9.88
STATE|6|1|0|3|pAttack|9.32
STATE|6|1|0|3|arable|false
STATE|6|1|0|3|totalHarvest|3.68
STATE|6|1|0|3|animalLoss|5.08
STATE|6|1|0|3|ownedBy|0
STATE|6|1|0|3|village|3
STATE|6|1|0|3|shared?|true
STATE|6|1|1|0|animalCount|[1 10 9 3 7 10 6 6 3 9 6 1 9 4 2 2 10 10 7 5]
STATE|6|1|1|0|forageCount|6.14
STATE|6|1|1|0|forageMass|3.36
STATE|6|1|1|0|fenced?|true
STATE|6|1|1|0|attacked?|false
STATE|6|1|1|0|cropped|false
STATE|6|1|1|0|totalLivestock|[3 0 7 7 2 4 2 4 7 7 8 1 9 4 7 10 4 10 3 10]
STATE|6|1|1|0|treeCount|2.51
STATE|6|1|1|0|grassMass|8.84
STATE|6|1|1|0|pAttack|5.61
STATE|6|1|1|0|arable|true
STATE|6|1|1|0|totalHarvest|2.3
STATE|6|1|1|0|animalLoss|8.16
STATE|6|1|1|0|ownedBy|0
STATE|6|1|1|0|village|3
STATE|6|1|1|0|shared?|true
STATE|6|1|1|1|animalCount|[7 5 10 7 6 10 0 8 3 3 9 8 3 1 7 6 0 1 7 2]
STATE|6|1|1|1|forageCount|9.2
STATE|6|1|1|1|forageMass|4.47
STATE|6|1|1|1|fenced?|true
STATE|6|1|1|1|attacked?|false
STATE|6|1|1|1|cropped|false
STATE|6|1|1|1|totalLivestock|[6 10 8 7 8 0 9 6 3 4 6 7 7 6 4 7 4 8 4 9]
STATE|6|1|1|1|treeCount|2.29
STATE|6|1|1|1|grassMass|6.11
STATE|6|1|1|1|pAttack|7.97
STATE|6|1|1|1|arable|true
STATE|6|1|1|1|totalHarvest|3.34
STATE|6|1|1|1|animalLoss|0.98
STATE|6|1|1|1|ownedBy|2
STATE|6|1|1|1|village|3
STATE|6|1|1|1|shared?|false
STATE|6|1|1|2|animalCount|[3 9 9 3 4 3 3 6 0 6 4 0 6 5 3 3 5 7 1 5]
STATE|6|1|1|2|forageCount|0.52
STATE|6|1|1|2|forageMass|4.63
STATE|6|1|1|2|fenced?|true
STATE|6|1|1|2|attacked?|true
STATE|6|1|1|2|cropped|false
STATE|6|1|1|2|totalLivestock|[7 5 2 0 9 5 0 5 3 10 9 9 1 5 8 7 4 0 0 10]
STATE|6|1|1|2|treeCount|7.41
STATE|6|1|1|2|grassMass|7.18
STATE|6|1|1|2|pAttack|8.43
STATE|6|1|1|2|arable|false
STATE|6|1|1|2|totalHarvest|3.44
STATE|6|1|1|2|animalLoss|8.1
STATE|6|1|1|2|ownedBy|1
STATE|6|1|1|2|village|1
STATE|6|1|1|2|shared?|true
STATE|6|1|1|3|animalCount|[4 7 3 0 3 8 10 10 4 2 1 6 8 5 8 10 5 3 0 2]
STATE|6|1|1|3|forageCount|8.52
STATE|6|1|1|3|forageMass|2.66
STATE|6|1|1|3|fenced?|true
STATE|6|1|1|3|attacked?|false
STATE|6|1|1|3|cropped|true
STATE|6|1|1|3|totalLivestock|[3 2 1 0 9 1 5 1 10 2 2 8 1 4 9 0 4 8 4 1]
STATE|6|1|1|3|treeCount|0.3
STATE|6|1|1|3|grassMass|7.08
STATE|6|1|1|3|pAttack|3.01
STATE|6|1|1|3|arable|false
STATE|6|1|1|3|totalHarvest|2.05
STATE|6|1|1|3|animalLoss|5.71
STATE|6|1|1|3|ownedBy|2
STATE|6|1|1|3|village|0
STATE|6|1|1|3|shared?|true
STATE|6|1|2|0|animalCount|[3 0 3 6 8 5 3 6 10 10 0 2 4 8 9 1 6 6 8 9]
STATE|6|1|2|0|forageCount|6.53
STATE|6|1|2|0|forageMass|6.13
STATE|6|1|2|0|fenced?|false
STATE|6|1|2|0|attacked?|true
STATE|6|1|2|0|cropped|false
STATE|6|1|2|0|totalLivestock|[6 9 9 3 1 5 6 2 1 6 9 4 10 2 10 2 4 5 10 8]
STATE|6|1|2|0|treeCount|2.81
STATE|6|1|2|0|grassMass|1.55
STATE|6|1|2|0|pAttack|9.96
STATE|6|1|2|0|arable|true
STATE|6|1|2|0|totalHarvest|4.4
STATE|6|1|2|0|animalLoss|7.74
STATE|6|1|2|0|ownedBy|0
STATE|6|1|2|0|village|1
STATE|6|1|2|0|shared?|false
STATE|6|1|2|1|animalCount|[9 7 10 6 8 10 7 6 6 6 1 6 7 2 3 7 3 3 5 10]
STATE|6|1|2|1|forageCount|7.33
STATE|6|1|2|1|forageMass|2.72
STATE|6|1|2|1|fenced?|true
STATE|6|1|2|1|attacked?|true
STATE|6|1|2|1|cropped|false
STATE|6|1|2|1|totalLivestock|[10 3 10 0 9 7 7 8 3 4 6 2 4 0 4 0 0 1 3 7]
STATE|6|1|2|1|treeCount|5.55
STATE|6|1|2|1|grassMass|0.73
STATE|6|1|2|1|pAttack|6.88
STATE|6|1|2|1|arable|true
STATE|6|1|2|1|totalHarvest|0.33
STATE|6|1|2|1|animalLoss|1.7
STATE|6|1|2|1|ownedBy|3
STATE|6|1|2|1|village|0
STATE|6|1|2|1|shared?|false
STATE|6|1|2|2|animalCount|[3 9 2 0 2 1 8 6 9 7 4 0 3 7 1 4 3 10 3 7]
STATE|6|1|2|2|forageCount|3.43
STATE|6|1|2|2|forageMass|6.68
STATE|6|1|2|2|fenced?|true
STATE|6|1|2|2|attacked?|true
STATE|6|1|2|2|cropped|false
STATE|6|1|2|2|totalLivestock|[3 2 9 3 3 10 10 1 1 3 5 5 0 4 8 8 10 10 10 7]
STATE|6|1|2|2|treeCount|1.72
STATE|6|1|2|2|grassMass|6.39
STATE|6|1|2|2|pAttack|0.56
STATE|6|1|2|2|arable|true
STATE|6|1|2|2|totalHarvest|3.63
STATE|6|1|2|2|animalLoss|6.93
STATE|6|1|2|2|ownedBy|0
STATE|6|1|2|2|village|1
STATE|6|1|2|2|shared?|false
STATE|6|1|2|3|animalCount|[5 1 6 0 9 5 9 8 1 7 5 7 5 5 3 6 9 5 1 7]
STATE|6|1|2|3|forageCount|3.78
STATE|6|1|2|3|forageMass|9.41
STATE|6|1|2|3|fenced?|false
STATE|6|1|2|3|attacked?|true
STATE|6|1|2|3|cropped|false
STATE|6|1|2|3|totalLivestock|[6 6 10 0 6 6 3 4 1 7 2 5 10 7 7 1 6 5 6 7]
STATE|6|1|2|3|treeCount|7.38
STATE|6|1|2|3|grassMass|8.47
STATE|6|1|2|3|pAttack|5.07
STATE|6|1|2|3|arable|false
STATE|6|1|2|3|totalHarvest|6.1
STATE|6|1|2|3|animalLoss|8.47
STATE|6|1|2|3|ownedBy|1
STATE|6|1|2|3|village|3
STATE|6|1|2|3|shared?|false
STATE|6|1|3|0|animalCount|[0 3 8 5 4 9 0 2 9 4 9 8 5 3 5 4 3 4 8 3]
STATE|6|1|3|0|forageCount|5.39
STATE|6|1|3|0|forageMass|4.61
STATE|6|1|3|0|fenced?|true
STATE|6|1|3|0|attacked?|true
STATE|6|1|3|0|cropped|false
STATE|6|1|3|0|totalLivestock|[4 2 6 2 2 7 7 3 10 8 6 5 0 3 5 10 9 2 10 6]
STATE|6|1|3|0|treeCount|2.48
STATE|6|1|3|0|grassMass|6.2
STATE|6|1|3|0|pAttack|7.43
STATE|6|1|3|0|arable|false
STATE|6|1|3|0|totalHarvest|4.91
STATE|6|1|3|0|animalLoss|8.63
STATE|6|1|3|0|ownedBy|0
STATE|6|1|3|0|village|0
STATE|6|1|3|0|shared?|false
STATE|6|1|3|1|animalCount|[1 10 4 6 2 4 7 2 6 6 7 3 6 9 1 3 0 1 5 2]
STATE|6|1|3|1|forageCount|4.76
STATE|6|1|3|1|forageMass|1.47
STATE|6|1|3|1|fenced?|true
STATE|6|1|3|1|attacked?|true
STATE|6|1|3|1|cropped|false
STATE|6|1|3|1|totalLivestock|[5 3 2 4 1 7 1 0 3 6 4 5 4 9 1 8 9 10 4 2]
STATE|6|1|3|1|treeCount|3.37
STATE|6|1|3|1|grassMass|9.68
STATE|6|1|3|1|pAttack|5.66
STATE|6|1|3|1|arable|true
STATE|6|1|3|1|totalHarvest|0.51
STATE|6|1|3|1|animalLoss|8.36
STATE|6|1|3|1|ownedBy|1
STATE|6|1|3|1|village|3
STATE|6|1|3|1|shared?|true
STATE|6|1|3|2|animalCount|[1 1 5 7 4 3 7 2 2 0 6 1 3 8 4 6 2 0 9 4]
STATE|6|1|3|2|forageCount|2.79
STATE|6|1|3|2|forageMass|1.24
STATE|6|1|3|2|fenced?|true
STATE|6|1|3|2|attacked?|false
STATE|6|1|3|2|cropped|false
STATE|6|1|3|2|totalLivestock|[7 9 5 9 0 8 9 1 10 9 10 2 7 2 5 1 1 10 9 9]
STATE|6|1|3|2|treeCount|8.3
STATE|6|1|3|2|grassMass|7.05
STATE|6|1|3|2|pAttack|3.04
STATE|6|1|3|2|arable|false
STATE|6|1|3|2|totalHarvest|8.93
STATE|6|1|3|2|animalLoss|1.39
STATE|6|1|3|2|ownedBy|0
STATE|6|1|3|2|village|2
STATE|6|1|3|2|shared?|false
STATE|6|1|3|3|animalCount|[6 3 8 2 10 9 1 5 3 3 8 2 8 1 9 5 1 5 3 6]
STATE|6|1|3|3|forageCount|6.52
STATE|6|1|3|3|forageMass|5.72
STATE|6|1|3|3|fenced?|true
STATE|6|1|3|3|attacked?|false
STATE|6|1|3|3|cropped|true
STATE|6|1|3|3|totalLivestock|[5 10 9 2 4 1 5 9 6 4 9 7 6 0 1 7 6 7 6 3]
STATE|6|1|3|3|treeCount|0.91
STATE|6|1|3|3|grassMass|7.23
STATE|6|1|3|3|pAttack|8.25
STATE|6|1|3|3|arable|false
STATE|6|1|3|3|totalHarvest|8.06
STATE|6|1|3|3|animalLoss|6.12
STATE|6|1|3|3|ownedBy|3
STATE|6|1|3|3|village|0
STATE|6|1|3|3|shared?|true
CHOICE|6|1|1|1|3|2|01:20:01.000 PM 28-Sep-2026
CHOICE|6|1|1|1|3|-99|01:20:05.000 PM 28-Sep-2026
CHOICE|6|1|1|2|1|1|01:20:17.000 PM 28-Sep-2026
CONFIRM|6|1|1|01:20:31.000 PM 28-Sep-2026
CHOICE|6|1|2|0|2|4|01:20:40.000 PM 28-Sep-2026
CHOICE|6|1|2|0|2|1|01:20:48.000 PM 28-Sep-2026
CONFIRM|6|1|2|01:20:54.000 PM 28-Sep-2026
CHOICE|6|1|3|0|1|3|01:20:57.000 PM 28-Sep-2026
CONFIRM|6|1|3|01:21:03.000 PM 28-Sep-2026
CHOICE|6|1|4|3|2|1|01:21:04.000 PM 28-Sep-2026
CHOICE|6|1|4|1|0|2|01:21:14.000 PM 28-Sep-2026
CONFIRM|6|1|4|01:21:18.000 PM 28-Sep-2026
CHOICE|6|1|5|1|0|2|01:21:23.000 PM 28-Sep-2026
CHOICE|6|1|5|2|2|1|01:21:30.000 PM 28-Sep-2026
CHOICE|6|1|5|2|2|4|01:21:34.000 PM 28-Sep-2026
CONFIRM|6|1|5|01:21:35.000 PM 28-Sep-2026
CHOICE|6|1|6|3|1|2|01:21:38.000 PM 28-Sep-2026
CHOICE|6|1|6|0|1|-99|01:21:51.000 PM 28-Sep-2026
CHOICE|6|1|6|1|1|4|01:22:05.000 PM 28-Sep-2026
CONFIRM|6|1|6|01:22:06.000 PM 28-Sep-2026
CHOICE|6|1|7|3|1|2|01:22:08.000 PM 28-Sep-2026
CONFIRM|6|1|7|01:22:12.000 PM 28-Sep-2026
CHOICE|6|1|8|1|0|2|01:22:20.000 PM 28-Sep-2026
CONFIRM|6|1|8|01:22:28.000 PM 28-Sep-2026
CHOICE|6|1|9|1|2|2|01:22:39.000 PM 28-Sep-2026
CONFIRM|6|1|9|01:22:51.000 PM 28-Sep-2026
CHOICE|6|1|10|3|1|4|01:23:02.000 PM 28-Sep-2026
CHOICE|6|1|10|1|1|1|01:23:04.000 PM 28-Sep-2026
CHOICE|6|1|10|1|0|2|01:23:12.000 PM 28-Sep-2026
CONFIRM|6|1|10|01:23:21.000 PM 28-Sep-2026
CHOICE|6|1|11|3|1|3|01:23:27.000 PM 28-Sep-2026
CONFIRM|6|1|11|01:23:38.000 PM 28-Sep-2026
CHOICE|6|1|12|0|0|-99|01:23:40.000 PM 28-Sep-2026
CHOICE|6|1|12|1|3|3|01:23:54.000 PM 28-Sep-2026
CONFIRM|6|1|12|01:23:55.000 PM 28-Sep-2026
CHOICE|6|1|13|3|1|1|01:24:06.000 PM 28-Sep-2026
CHOICE|6|1|13|1|0|2|01:24:20.000 PM 28-Sep-2026
CONFIRM|6|1|13|01:24:28.000 PM 28-Sep-2026
CHOICE|6|1|14|1|1|-99|01:24:34.000 PM 28-Sep-2026
CHOICE|6|1|14|1|1|3|01:24:47.000 PM 28-Sep-2026
CONFIRM|6|1|14|01:24:49.000 PM 28-Sep-2026
CHOICE|6|1|15|1|2|4|01:24:53.000 PM 28-Sep-2026
CHOICE|6|1|15|2|1|2|01:25:03.000 PM 28-Sep-2026
CONFIRM|6|1|15|01:25:13.000 PM 28-Sep-2026
CHOICE|6|1|16|2|1|1|01:25:15.000 PM 28-Sep-2026
CHOICE|6|1|16|2|1|4|01:25:26.000 PM 28-Sep-2026
CONFIRM|6|1|16|01:25:39.000 PM 28-Sep-2026
CHOICE|6|1|17|1|1|3|01:25:50.000 PM 28-Sep-2026
CHOICE|6|1|17|3|1|4|01:26:05.000 PM 28-Sep-2026
CONFIRM|6|1|17|01:26:06.000 PM 28-Sep-2026
CHOICE|6|1|18|0|2|-99|01:26:12.000 PM 28-Sep-2026
CHOICE|6|1|18|0|2|1|01:26:23.000 PM 28-Sep-2026
CONFIRM|6|1|18|01:26:26.000 PM 28-Sep-2026
CHOICE|6|1|19|1|2|-99|01:26:41.000 PM 28-Sep-2026
CONFIRM|6|1|19|01:26:47.000 PM 28-Sep-2026
CHOICE|6|1|20|1|0|3|01:26:55.000 PM 28-Sep-2026
CONFIRM|6|1|20|01:27:10.000 PM 28-Sep-2026
SCORE|6|1|1|12|40|8
SCORE|6|1|2|18|34|9
SCORE|6|1|3|1|7|12
SCORE|6|1|4|18|45|13
SCORE|6|1|5|5|51|0
SCORE|6|1|6|19|28|13
SCORE|6|1|7|8|14|9
SCORE|6|1|8|0|38|1
SCORE|6|1|9|6|8|19
SCORE|6|1|10|13|35|8
SCORE|6|1|11|14|54|5
SCORE|6|1|12|3|9|2
SCORE|6|1|13|13|24|19
SCORE|6|1|14|19|28|19
SCORE|6|1|15|6|43|20
SCORE|6|1|16|10|13|12
SCORE|6|1|17|12|17|2
SCORE|6|1|18|19|48|0
SCORE|6|1|19|12|17|0
SCORE|6|1|20|9|29|2
PHASE|phase-6-2|01:27:18.000 PM 28-Sep-2026
STATE|6|2|0|0|animalCount|[7 3 10 10 8 3 3 1 6 7 9 10 10 6 8 9 8 8 4 10]
STATE|6|2|0|0|forageCount|2.03
STATE|6|2|0|0|forageMass|0.87
STATE|6|2|0|0|fenced?|false
STATE|6|2|0|0|attacked?|true
STATE|6|2|0|0|cropped|true
STATE|6|2|0|0|totalLivestock|[1 2 1 0 5 0 5 6 10 7 1 8 10 3 7 4 4 0 6 6]
STATE|6|2|0|0|treeCount|0.22
STATE|6|2|0|0|grassMass|1.46
STATE|6|2|0|0|pAttack|4.94
STATE|6|2|0|0|arable|false
STATE|6|2|0|0|totalHarvest|6.45
STATE|6|2|0|0|animalLoss|7.27
STATE|6|2|0|0|ownedBy|2
STATE|6|2|0|0|village|1
STATE|6|2|0|0|shared?|false
STATE|6|2|0|1|animalCount|[4 3 0 0 10 3 0 8 2 5 6 5 7 9 0 5 2 10 6 4]
STATE|6|2|0|1|forageCount|0.37
STATE|6|2|0|1|forageMass|0.38
STATE|6|2|0|1|fenced?|true
STATE|6|2|0|1|attacked?|false
STATE|6|2|0|1|cropped|true
STATE|6|2|0|1|totalLivestock|[2 1 6 10 7 10 1 0 0 1 3 7 9 3 0 6 8 6 1 8]
STATE|6|2|0|1|treeCount|1.44
STATE|6|2|0|1|grassMass|1.71
STATE|6|2|0|1|pAttack|5.94
STATE|6|2|0|1|arable|false
STATE|6|2|0|1|totalHarvest|6.35
STATE|6|2|0|1|animalLoss|1.15
STATE|6|2|0|1|ownedBy|0
STATE|6|2|0|1|village|3
STATE|6|2|0|1|shared?|false
STATE|6|2|0|2|animalCount|[4 6 4 2 2 5 0 8 4 2 10 4 4 10 5 0 9 0 1 8]
STATE|6|2|0|2|forageCount|5.93
STATE|6|2|0|2|forageMass|7.52
STATE|6|2|0|2|fenced?|false
STATE|6|2|0|2|attacked?|false
STATE|6|2|0|2|cropped|false
STATE|6|2|0|2|totalLivestock|[0 7 10 4 2 1 9 10 2 6 7 2 2 7 5 3 6 3 6 9]
STATE|6|2|0|2|treeCount|8.24
STATE|6|2|0|2|grassMass|7.88
STATE|6|2|0|2|pAttack|3.82
STATE|6|2|0|2|arable|true
STATE|6|2|0|2|totalHarvest|5.06
STATE|6|2|0|2|animalLoss|4.26
STATE|6|2|0|2|ownedBy|0
STATE|6|2|0|2|village|0
STATE|6|2|0|2|shared?|true
STATE|6|2|0|3|animalCount|[10 1 3 0 8 5 0 8 4 10 9 0 3 4 10 0 4 10 10 2]
STATE|6|2|0|3|forageCount|7.76
STATE|6|2|0|3|forageMass|8.88
STATE|6|2|0|3|fenced?|false
STATE|6|2|0|3|attacked?|true
STATE|6|2|0|3|cropped|false
STATE|6|2|0|3|totalLivestock|[0 2 9 7 6 6 9 9 10 4 2 2 5 9 6 4 3 4 6 6]
STATE|6|2|0|3|treeCount|2.21
STATE|6|2|0|3|grassMass|5.5
STATE|6|2|0|3|pAttack|9.85
STATE|6|2|0|3|arable|false
STATE|6|2|0|3|totalHarvest|2.95
STATE|6|2|0|3|animalLoss|0.23
STATE|6|2|0|3|ownedBy|2
STATE|6|2|0|3|village|3
STATE|6|2|0|3|shared?|false
STATE|6|2|1|0|animalCount|[5 2 6 5 8 8 7 0 3 0 8 0 1 6 1 5 8 9 3 6]
STATE|6|2|1|0|forageCount|7.66
STATE|6|2|1|0|forageMass|7.94
STATE|6|2|1|0|fenced?|true
STATE|6|2|1|0|attacked?|false
STATE|6|2|1|0|cropped|true
STATE|6|2|1|0|totalLivestock|[1 10 5 2 1 9 6 9 3 7 7 7 10 8 3 5 0 5 1 6]
STATE|6|2|1|0|treeCount|3.75
STATE|6|2|1|0|grassMass|0.21
STATE|6|2|1|0|pAttack|9.97
STATE|6|2|1|0|arable|true
STATE|6|2|1|0|totalHarvest|3.21
STATE|6|2|1|0|animalLoss|1.5
STATE|6|2|1|0|ownedBy|0
STATE|6|2|1|0|village|3
STATE|6|2|1|0|shared?|false
STATE|6|2|1|1|animalCount|[9 0 3 9 3 6 0 5 8 8 10 3 3 4 2 4 1 5 6 3]
STATE|6|2|1|1|forageCount|7.78
STATE|6|2|1|1|forageMass|0.36
STATE|6|2|1|1|fenced?|false
STATE|6|2|1|1|attacked?|false
STATE|6|2|1|1|cropped|false
STATE|6|2|1|1|totalLivestock|[10 3 4 6 0 0 5 0 3 6 5 8 0 2 10 5 9 10 9 5]
STATE|6|2|1|1|treeCount|1.59
STATE|6|2|1|1|grassMass|5.78
STATE|6|2|1|1|pAttack|8.8
STATE|6|2|1|1|arable|true
STATE|6|2|1|1|totalHarvest|3.84
STATE|6|2|1|1|animalLoss|2.72
STATE|6|2|1|1|ownedBy|3
STATE|6|2|1|1|village|0
STATE|6|2|1|1|shared?|false
STATE|6|2|1|2|animalCount|[10 7 7 8 6 9 6 7 8 1 0 9 10 3 7 7 5 10 6 3]
STATE|6|2|1|2|forageCount|7.66
STATE|6|2|1|2|forageMass|4.62
STATE|6|2|1|2|fenced?|false
STATE|6|2|1|2|attacked?|true
STATE|6|2|1|2|cropped|true
STATE|6|2|1|2|totalLivestock|[5 6 5 1 10 10 6 7 10 3 7 10 0 1 4 5 8 1 3 10]
STATE|6|2|1|2|treeCount|8.83
STATE|6|2|1|2|grassMass|7.22
STATE|6|2|1|2|pAttack|9.15
STATE|6|2|1|2|arable|true
STATE|6|2|1|2|totalHarvest|7.11
STATE|6|2|1|2|animalLoss|1.41
STATE|6|2|1|2|ownedBy|0
STATE|6|2|1|2|village|3
STATE|6|2|1|2|shared?|false
STATE|6|2|1|3|animalCount|[0 5 2 0 1 2 4 6 2 7 0 1 1 10 9 3 9 9 7 9]
STATE|6|2|1|3|forageCount|9.96
STATE|6|2|1|3|forageMass|6.79
STATE|6|2|1|3|fenced?|false
STATE|6|2|1|3|attacked?|false
STATE|6|2|1|3|cropped|false
STATE|6|2|1|3|totalLivestock|[5 1 10 6 8 6 0 1 9 5 0 2 10 10 6 4 9 3 7 10]
STATE|6|2|1|3|treeCount|0.46
STATE|6|2|1|3|grassMass|5.41
STATE|6|2|1|3|pAttack|4.72
STATE|6|2|1|3|arable|false
STATE|6|2|1|3|totalHarvest|3.67
STATE|6|2|1|3|animalLoss|9.85
STATE|6|2|1|3|ownedBy|3
STATE|6|2|1|3|village|2
STATE|6|2|1|3|shared?|false
STATE|6|2|2|0|animalCount|[10 0 7 2 3 0 9 8 2 6 4 4 4 9 2 6 10 4 5 10]
STATE|6|2|2|0|forageCount|5.89
STATE|6|2|2|0|forageMass|7.32
STATE|6|2|2|0|fenced?|false
STATE|6|2|2|0|attacked?|true
STATE|6|2|2|0|cropped|false
STATE|6|2|2|0|totalLivestock|[1 7 3 7 0 6 10 6 10 9 10 10 9 2 8 9 1 2 1 3]
STATE|6|2|2|0|treeCount|6.6
STATE|6|2|2|0|grassMass|7.68
STATE|6|2|2|0|pAttack|1.67
STATE|6|2|2|0|arable|false
STATE|6|2|2|0|totalHarvest|7.94
STATE|6|2|2|0|animalLoss|9.36
STATE|6|2|2|0|ownedBy|3
STATE|6|2|2|0|village|1
STATE|6|2|2|0|shared?|false
STATE|6|2|2|1|animalCount|[6 1 1 6 6 0 8 9 7 9 6 2 2 5 7 1 3 5 10 2]
STATE|6|2|2|1|forageCount|6.59
STATE|6|2|2|1|forageMass|7.88
STATE|6|2|2|1|fenced?|true
STATE|6|2|2|1|attacked?|false
STATE|6|2|2|1|cropped|false
STATE|6|2|2|1|totalLivestock|[3 4 6 6 10 5 10 9 8 8 9 4 3 6 1 4 1 4 5 4]
STATE|6|2|2|1|treeCount|6.57
STATE|6|2|2|1|grassMass|7.73
STATE|6|2|2|1|pAttack|3.27
STATE|6|2|2|1|arable|false
STATE|6|2|2|1|totalHarvest|2.62
STATE|6|2|2|1|animalLoss|7.01
STATE|6|2|2|1|ownedBy|3
STATE|6|2|2|1|village|0
STATE|6|2|2|1|shared?|false
STATE|6|2|2|2|animalCount|[0 10 7 3 10 3 5 7 1 5 3 5 5 4 3 8 9 3 5 5]
STATE|6|2|2|2|forageCount|7.18
STATE|6|2|2|2|forageMass|5.75
STATE|6|2|2|2|fenced?|true
STATE|6|2|2|2|attacked?|true
STATE|6|2|2|2|cropped|true
STATE|6|2|2|2|totalLivestock|[8 1 9 3 5 10 4 8 6 10 10 6 1 10 0 0 8 7 6 2]
STATE|6|2|2|2|treeCount|6.13
STATE|6|2|2|2|grassMass|3.7
STATE|6|2|2|2|pAttack|2.17
STATE|6|2|2|2|arable|true
STATE|6|2|2|2|totalHarvest|0.46
STATE|6|2|2|2|animalLoss|5.47
STATE|6|2|2|2|ownedBy|0
STATE|6|2|2|2|village|0
STATE|6|2|2|2|shared?|false
STATE|6|2|2|3|animalCount|[8 0 6 0 3 8 1 9 9 9 2 3 0 10 4 6 2 8 6 9]
STATE|6|2|2|3|forageCount|1.6
STATE|6|2|2|3|forageMass|0.51
STATE|6|2|2|3|fenced?|true
STATE|6|2|2|3|attacked?|false
STATE|6|2|2|3|cropped|false
STATE|6|2|2|3|totalLivestock|[4 10 6 3 0 4 3 1 7 0 5 10 5 3 9 0 1 3 10 4]
STATE|6|2|2|3|treeCount|2.92
STATE|6|2|2|3|grassMass|3.0
STATE|6|2|2|3|pAttack|4.27
STATE|6|2|2|3|arable|true
STATE|6|2|2|3|totalHarvest|8.87
STATE|6|2|2|3|animalLoss|4.98
STATE|6|2|2|3|ownedBy|0
STATE|6|2|2|3|village|1
STATE|6|2|2|3|shared?|false
STATE|6|2|3|0|animalCount|[10 6 7 6 2 1 0 8 10 4 3 5 9 0 2 8 6 2 1 9]
STATE|6|2|3|0|forageCount|9.21
STATE|6|2|3|0|forageMass|7.65
STATE|6|2|3|0|fenced?|true
STATE|6|2|3|0|attacked?|false
STATE|6|2|3|0|cropped|true
STATE|6|2|3|0|totalLivestock|[0 7 4 4 7 6 3 1 7 1 0 6 6 6 10 1 1 7 4 0]
STATE|6|2|3|0|treeCount|9.75
STATE|6|2|3|0|grassMass|0.17
STATE|6|2|3|0|pAttack|1.69
STATE|6|2|3|0|arable|false
STATE|6|2|3|0|totalHarvest|7.12
STATE|6|2|3|0|animalLoss|7.67
STATE|6|2|3|0|ownedBy|3
STATE|6|2|3|0|village|1
STATE|6|2|3|0|shared?|false
STATE|6|2|3|1|animalCount|[5 3 4 4 6 9 5 2 9 2 2 2 2 4 4 1 9 5 3 10]
STATE|6|2|3|1|forageCount|0.37
STATE|6|2|3|1|forageMass|6.79
STATE|6|2|3|1|fenced?|true
STATE|6|2|3|1|attacked?|false
STATE|6|2|3|1|cropped|true
STATE|6|2|3|1|totalLivestock|[2 5 10 0 2 6 8 6 7 4 5 1 10 0 6 2 0 2 4 10]
STATE|6|2|3|1|treeCount|7.17
STATE|6|2|3|1|grassMass|8.39
STATE|6|2|3|1|pAttack|1.26
STATE|6|2|3|1|arable|true
STATE|6|2|3|1|totalHarvest|7.25
STATE|6|2|3|1|animalLoss|7.83
STATE|6|2|3|1|ownedBy|0
STATE|6|2|3|1|village|3
STATE|6|2|3|1|shared?|true
STATE|6|2|3|2|animalCount|[10 8 9 3 2 4 4 0 8 6 6 10 9 10 3 5 10 5 3 3]
STATE|6|2|3|2|forageCount|2.34
STATE|6|2|3|2|forageMass|9.6
STATE|6|2|3|2|fenced?|false
STATE|6|2|3|2|attacked?|false
STATE|6|2|3|2|cropped|true
STATE|6|2|3|2|totalLivestock|[3 1 7 6 5 10 6 10 9 2 6 9 8 7 7 3 5 8 1 10]
STATE|6|2|3|2|treeCount|3.58
STATE|6|2|3|2|grassMass|1.76
STATE|6|2|3|2|pAttack|6.09
STATE|6|2|3|2|arable|true
STATE|6|2|3|2|totalHarvest|3.77
STATE|6|2|3|2|animalLoss|4.13
STATE|6|2|3|2|ownedBy|2
STATE|6|2|3|2|village|3
STATE|6|2|3|2|shared?|true
STATE|6|2|3|3|animalCount|[10 4 5 3 1 0 3 3 6 2 10 2 3 5 4 10 5 3 9 4]
STATE|6|2|3|3|forageCount|8.44
STATE|6|2|3|3|forageMass|8.47
STATE|6|2|3|3|fenced?|true
STATE|6|2|3|3|attacked?|false
STATE|6|2|3|3|cropped|false
STATE|6|2|3|3|totalLivestock|[0 10 6 9 8 5 9 4 2 5 2 10 10 7 4 10 10 3 1 3]
STATE|6|2|3|3|treeCount|1.0
STATE|6|2|3|3|grassMass|8.44
STATE|6|2|3|3|pAttack|2.11
STATE|6|2|3|3|arable|true
STATE|6|2|3|3|totalHarvest|5.66
STATE|6|2|3|3|animalLoss|4.23
STATE|6|2|3|3|ownedBy|3
STATE|6|2|3|3|village|3
STATE|6|2|3|3|shared?|true
CHOICE|6|2|1|1|2|1|01:27:29.000 PM 28-Sep-2026
CHOICE|6|2|1|1|2|3|01:27:36.000 PM 28-Sep-2026
CHOICE|6|2|1|1|2|3|01:27:42.000 PM 28-Sep-2026
CONFIRM|6|2|1|01:27:44.000 PM 28-Sep-2026
CHOICE|6|2|2|2|3|2|01:27:59.000 PM 28-Sep-2026
CONFIRM|6|2|2|01:28:04.000 PM 28-Sep-2026
CHOICE|6|2|3|0|1|1|01:28:11.000 PM 28-Sep-2026
CHOICE|6|2|3|0|1|1|01:28:20.000 PM 28-Sep-2026
CHOICE|6|2|3|3|1|2|01:28:24.000 PM 28-Sep-2026
CONFIRM|6|2|3|01:28:30.000 PM 28-Sep-2026
CHOICE|6|2|4|2|3|3|01:28:31.000 PM 28-Sep-2026
CHOICE|6|2|4|3|1|1|01:28:45.000 PM 28-Sep-2026
CONFIRM|6|2|4|01:29:00.000 PM 28-Sep-2026
CHOICE|6|2|5|2|2|3|01:29:10.000 PM 28-Sep-2026
CHOICE|6|2|5|2|1|2|01:29:25.000 PM 28-Sep-2026
CHOICE|6|2|5|3|2|-99|01:29:30.000 PM 28-Sep-2026
CONFIRM|6|2|5|01:29:44.000 PM 28-Sep-2026
CHOICE|6|2|6|2|0|3|01:29:53.000 PM 28-Sep-2026
CHOICE|6|2|6|2|1|2|01:30:03.000 PM 28-Sep-2026
CONFIRM|6|2|6|01:30:11.000 PM 28-Sep-2026
CHOICE|6|2|7|2|1|4|01:30:14.000 PM 28-Sep-2026
CONFIRM|6|2|7|01:30:21.000 PM 28-Sep-2026
CHOICE|6|2|8|1|0|2|01:30:22.000 PM 28-Sep-2026
CHOICE|6|2|8|0|1|4|01:30:25.000 PM 28-Sep-2026
CHOICE|6|2|8|1|3|2|01:30:32.000 PM 28-Sep-2026
CONFIRM|6|2|8|01:30:35.000 PM 28-Sep-2026
CHOICE|6|2|9|0|0|4|01:30:50.000 PM 28-Sep-2026
CHOICE|6|2|9|0|0|4|01:31:04.000 PM 28-Sep-2026
CONFIRM|6|2|9|01:31:13.000 PM 28-Sep-2026
CHOICE|6|2|10|1|2|3|01:31:22.000 PM 28-Sep-2026
CHOICE|6|2|10|1|2|1|01:31:26.000 PM 28-Sep-2026
CONFIRM|6|2|10|01:31:40.000 PM 28-Sep-2026
CHOICE|6|2|11|3|3|3|01:31:45.000 PM 28-Sep-2026
CONFIRM|6|2|11|01:32:00.000 PM 28-Sep-2026
CHOICE|6|2|12|0|3|4|01:32:08.000 PM 28-Sep-2026
CONFIRM|6|2|12|01:32:21.000 PM 28-Sep-2026
CHOICE|6|2|13|3|3|2|01:32:26.000 PM 28-Sep-2026
CHOICE|6|2|13|0|2|2|01:32:34.000 PM 28-Sep-2026
CONFIRM|6|2|13|01:32:44.000 PM 28-Sep-2026
CHOICE|6|2|14|3|1|4|01:32:57.000 PM 28-Sep-2026
CONFIRM|6|2|14|01:33:00.000 PM 28-Sep-2026
CHOICE|6|2|15|0|1|4|01:33:05.000 PM 28-Sep-2026
CHOICE|6|2|15|0|2|-99|01:33:16.000 PM 28-Sep-2026
CONFIRM|6|2|15|01:33:24.000 PM 28-Sep-2026
CHOICE|6|2|16|3|0|3|01:33:26.000 PM 28-Sep-2026
CHOICE|6|2|16|0|2|4|01:33:27.000 PM 28-Sep-2026
CONFIRM|6|2|16|01:33:29.000 PM 28-Sep-2026
CHOICE|6|2|17|1|3|4|01:33:38.000 PM 28-Sep-2026
CONFIRM|6|2|17|01:33:44.000 PM 28-Sep-2026
CHOICE|6|2|18|3|0|4|01:33:58.000 PM 28-Sep-2026
CHOICE|6|2|18|3|3|4|01:34:13.000 PM 28-Sep-2026
CONFIRM|6|2|18|01:34:25.000 PM 28-Sep-2026
CHOICE|6|2|19|3|1|1|01:34:36.000 PM 28-Sep-2026
CHOICE|6|2|19|3|0|3|01:34:40.000 PM 28-Sep-2026
CONFIRM|6|2|19|01:34:49.000 PM 28-Sep-2026
CHOICE|6|2|20|3|2|2|01:34:50.000 PM 28-Sep-2026
CONFIRM|6|2|20|01:35:04.000 PM 28-Sep-2026
SCORE|6|2|1|4|16|18
SCORE|6|2|2|7|49|4
SCORE|6|2|3|3|30|1
SCORE|6|2|4|4|12|11
SCORE|6|2|5|10|55|15
SCORE|6|2|6|4|23|10
SCORE|6|2|7|16|42|14
SCORE|6|2|8|0|43|2
SCORE|6|2|9|11|23|10
SCORE|6|2|10|19|55|9
SCORE|6|2|11|0|47|7
SCORE|6|2|12|4|26|20
SCORE|6|2|13|9|59|15
SCORE|6|2|14|8|18|11
SCORE|6|2|15|8|50|12
SCORE|6|2|16|0|49|17
SCORE|6|2|17|19|44|13
SCORE|6|2|18|19|26|7
SCORE|6|2|19|3|15|2
SCORE|6|2|20|11|55|13
PHASE|phase-7-1|01:35:05.000 PM 28-Sep-2026
STATE|7|1|0|0|animalCount|[3 10 6 9 3 6 2 0 5 10 3 2 6 6 4 5 8 5 7 9]
STATE|7|1|0|0|forageCount|0.67
STATE|7|1|0|0|forageMass|9.83
STATE|7|1|0|0|fenced?|false
STATE|7|1|0|0|attacked?|false
STATE|7|1|0|0|cropped|true
STATE|7|1|0|0|totalLivestock|[8 5 0 10 4 0 10 6 9 8 4 7 10 6 9 9 3 5 4 5]
STATE|7|1|0|0|treeCount|8.48
STATE|7|1|0|0|grassMass|9.39
STATE|7|1|0|0|pAttack|6.24
STATE|7|1|0|0|arable|false
STATE|7|1|0|0|totalHarvest|8.78
STATE|7|1|0|0|animalLoss|6.03
STATE|7|1|0|0|ownedBy|0
STATE|7|1|0|0|village|2
STATE|7|1|0|0|shared?|true
STATE|7|1|0|1|animalCount|[9 0 8 7 2 9 5 8 1 0 3 9 9 3 6 10 8 8 10 3]
STATE|7|1|0|1|forageCount|8.66
STATE|7|1|0|1|forageMass|7.0
STATE|7|1|0|1|fenced?|true
STATE|7|1|0|1|attacked?|true
STATE|7|1|0|1|cropped|false
STATE|7|1|0|1|totalLivestock|[2 10 2 4 7 6 10 9 4 5 5 7 5 1 8 4 9 1 6 5]
STATE|7|1|0|1|treeCount|3.87
STATE|7|1|0|1|grassMass|0.8
STATE|7|1|0|1|pAttack|4.36
STATE|7|1|0|1|arable|true
STATE|7|1|0|1|totalHarvest|8.72
STATE|7|1|0|1|animalLoss|0.42
STATE|7|1|0|1|ownedBy|3
STATE|7|1|0|1|village|0
STATE|7|1|0|1|shared?|false
STATE|7|1|0|2|animalCount|[4 0 6 6 0 4 6 10 0 4 9 0 2 9 8 9 1 8 8 3]
STATE|7|1|0|2|forageCount|6.89
STATE|7|1|0|2|forageMass|7.46
STATE|7|1|0|2|fenced?|false
STATE|7|1|0|2|attacked?|true
STATE|7|1|0|2|cropped|false
STATE|7|1|0|2|totalLivestock|[5 5 9 8 3 0 4 1 9 2 10 6 9 7 10 2 9 3 5 4]
STATE|7|1|0|2|treeCount|2.85
STATE|7|1|0|2|grassMass|6.03
STATE|7|1|0|2|pAttack|3.95
STATE|7|1|0|2|arable|true
STATE|7|1|0|2|totalHarvest|9.5
STATE|7|1|0|2|animalLoss|7.61
STATE|7|1|0|2|ownedBy|0
STATE|7|1|0|2|village|1
STATE|7|1|0|2|shared?|true
STATE|7|1|0|3|animalCount|[9 2 0 4 7 0 10 5 1 4 9 8 1 9 9 6 4 8 1 6]
STATE|7|1|0|3|forageCount|1.2
STATE|7|1|0|3|forageMass|8.39
STATE|7|1|0|3|fenced?|false
STATE|7|1|0|3|attacked?|true
STATE|7|1|0|3|cropped|false
STATE|7|1|0|3|totalLivestock|[8 8 0 0 3 0 10 0 3 8 4 9 2 6 3 1 4 1 0 2]
STATE|7|1|0|3|treeCount|7.8
STATE|7|1|0|3|grassMass|8.35
STATE|7|1|0|3|pAttack|9.5
STATE|7|1|0|3|arable|true
STATE|7|1|0|3|totalHarvest|3.77
STATE|7|1|0|3|animalLoss|0.04
STATE|7|1|0|3|ownedBy|2
STATE|7|1|0|3|village|1
STATE|7|1|0|3|shared?|false
STATE|7|1|1|0|animalCount|[6 1 4 10 1 3 2 7 2 6 9 10 3 5 4 7 2 3 6 1]
STATE|7|1|1|0|forageCount|9.13
STATE|7|1|1|0|forageMass|5.29
STATE|7|1|1|0|fenced?|false
STATE|7|1|1|0|attacked?|true
STATE|7|1|1|0|cropped|false
STATE|7|1|1|0|totalLivestock|[8 6 1 2 1 10 8 5 3 6 9 3 4 9 4 3 1 2 3 1]
STATE|7|1|1|0|treeCount|5.49
STATE|7|1|1|0|grassMass|3.14
STATE|7|1|1|0|pAttack|8.36
STATE|7|1|1|0|arable|true
STATE|7|1|1|0|totalHarvest|4.3
STATE|7|1|1|0|animalLoss|6.21
STATE|7|1|1|0|ownedBy|1
STATE|7|1|1|0|village|3
STATE|7|1|1|0|shared?|true
STATE|7|1|1|1|animalCount|[7 1 0 3 8 10 0 4 3 1 6 4 9 9 9 3 9 10 1 3]
STATE|7|1|1|1|forageCount|3.56
STATE|7|1|1|1|forageMass|3.47
STATE|7|1|1|1|fenced?|true
STATE|7|1|1|1|attacked?|true
STATE|7|1|1|1|cropped|true
STATE|7|1|1|1|totalLivestock|[4 3 2 5 0 8 9 2 1 5 10 10 9 3 10 2 0 6 1 3]
STATE|7|1|1|1|treeCount|5.95
STATE|7|1|1|1|grassMass|1.81
STATE|7|1|1|1|pAttack|1.62
STATE|7|1|1|1|arable|true
STATE|7|1|1|1|totalHarvest|8.64
STATE|7|1|1|1|animalLoss|4.67
STATE|7|1|1|1|ownedBy|2
STATE|7|1|1|1|village|1
STATE|7|1|1|1|shared?|true
STATE|7|1|1|2|animalCount|[8 6 5 1 7 7 1 7 3 0 3 10 1 6 7 5 2 7 4 9]
STATE|7|1|1|2|forageCount|5.79
STATE|7|1|1|2|forageMass|8.13
STATE|7|1|1|2|fenced?|false
STATE|7|1|1|2|attacked?|false
STATE|7|1|1|2|cropped|true
STATE|7|1|1|2|totalLivestock|[10 1 1 10 0 0 1 8 9 10 0 5 9 0 6 3 3 6 7 5]
STATE|7|1|1|2|treeCount|0.81
STATE|7|1|1|2|grassMass|2.5
STATE|7|1|1|2|pAttack|3.21
STATE|7|1|1|2|arable|false
STATE|7|1|1|2|totalHarvest|3.47
STATE|7|1|1|2|animalLoss|5.64
STATE|7|1|1|2|ownedBy|2
STATE|7|1|1|2|village|0
STATE|7|1|1|2|shared?|true
STATE|7|1|1|3|animalCount|[8 1 6 7 3 6 6 10 7 9 2 6 1 2 6 9 7 7 2 0]
STATE|7|1|1|3|forageCount|5.0
STATE|7|1|1|3|forageMass|7.28
STATE|7|1|1|3|fenced?|false
STATE|7|1|1|3|attacked?|false
STATE|7|1|1|3|cropped|true
STATE|7|1|1|3|totalLivestock|[4 6 8 7 8 1 4 8 6 6 6 3 6 2 3 1 1 9 0 4]
STATE|7|1|1|3|treeCount|4.32
STATE|7|1|1|3|grassMass|7.69
STATE|7|1|1|3|pAttack|3.17
STATE|7|1|1|3|arable|false
STATE|7|1|1|3|totalHarvest|9.3
STATE|7|1|1|3|animalLoss|7.22
STATE|7|1|1|3|ownedBy|0
STATE|7|1|1|3|village|3
STATE|7|1|1|3|shared?|true
STATE|7|1|2|0|animalCount|[3 6 1 4 1 3 10 7 1 3 9 10 9 8 2 0 9 3 1 1]
STATE|7|1|2|0|forageCount|1.16
STATE|7|1|2|0|forageMass|0.57
STATE|7|1|2|0|fenced?|false
STATE|7|1|2|0|attacked?|false
STATE|7|1|2|0|cropped|true
STATE|7|1|2|0|totalLivestock|[7 3 0 9 9 1 5 8 0 9 1 10 1 7 3 9 7 3 5 1]
STATE|7|1|2|0|treeCount|9.3
STATE|7|1|2|0|grassMass|4.44
STATE|7|1|2|0|pAttack|3.88
STATE|7|1|2|0|arable|false
STATE|7|1|2|0|totalHarvest|9.73
STATE|7|1|2|0|animalLoss|6.0
STATE|7|1|2|0|ownedBy|2
STATE|7|1|2|0|village|2
STATE|7|1|2|0|shared?|false
STATE|7|1|2|1|animalCount|[9 4 4 10 6 8 3 0 4 1 5 7 6 4 5 0 9 4 8 7]
STATE|7|1|2|1|forageCount|8.6
STATE|7|1|2|1|forageMass|2.34
STATE|7|1|2|1|fenced?|true
STATE|7|1|2|1|attacked?|false
STATE|7|1|2|1|cropped|true
STATE|7|1|2|1|totalLivestock|[1 2 3 4 3 10 2 4 3 4 1 7 9 0 5 0 8 5 4 8]
STATE|7|1|2|1|treeCount|5.69
STATE|7|1|2|1|grassMass|3.42
STATE|7|1|2|1|pAttack|5.87
STATE|7|1|2|1|arable|false
STATE|7|1|2|1|totalHarvest|6.12
STATE|7|1|2|1|animalLoss|3.04
STATE|7|1|2|1|ownedBy|2
STATE|7|1|2|1|village|3
STATE|7|1|2|1|shared?|true
STATE|7|1|2|2|animalCount|[0 3 2 6 9 9 5 1 10 5 4 5 6 7 10 1 3 5 5 6]
STATE|7|1|2|2|forageCount|5.69
STATE|7|1|2|2|forageMass|8.13
STATE|7|1|2|2|fenced?|false
STATE|7|1|2|2|attacked?|false
STATE|7|1|2|2|cropped|false
STATE|7|1|2|2|totalLivestock|[2 5 9 4 6 5 5 4 9 0 5 9 2 0 4 7 3 3 1 6]
STATE|7|1|2|2|treeCount|9.25
STATE|7|1|2|2|grassMass|2.18
STATE|7|1|2|2|pAttack|3.63
STATE|7|1|2|2|arable|true
STATE|7|1|2|2|totalHarvest|7.1
STATE|7|1|2|2|animalLoss|3.01
STATE|7|1|2|2|ownedBy|0
STATE|7|1|2|2|village|0
STATE|7|1|2|2|shared?|true
STATE|7|1|2|3|animalCount|[10 6 9 9 6 3 0 4 1 6 3 4 6 1 1 3 5 2 5 9]
STATE|7|1|2|3|forageCount|7.5
STATE|7|1|2|3|forageMass|5.18
STATE|7|1|2|3|fenced?|false
STATE|7|1|2|3|attacked?|true
STATE|7|1|2|3|cropped|true
STATE|7|1|2|3|totalLivestock|[6 9 2 0 7 5 6 10 8 4 3 3 3 2 6 5 8 3 10 10]
STATE|7|1|2|3|treeCount|9.99
STATE|7|1|2|3|grassMass|4.19
STATE|7|1|2|3|pAttack|5.1
STATE|7|1|2|3|arable|true
STATE|7|1|2|3|totalHarvest|5.17
STATE|7|1|2|3|animalLoss|7.97
STATE|7|1|2|3|ownedBy|1
STATE|7|1|2|3|village|3
STATE|7|1|2|3|shared?|false
STATE|7|1|3|0|animalCount|[5 2 6 6 5 5 5 8 9 10 5 1 9 0 8 5 0 1 7 3]
STATE|7|1|3|0|forageCount|4.14
STATE|7|1|3|0|forageMass|9.21
STATE|7|1|3|0|fenced?|true
STATE|7|1|3|0|attacked?|true
STATE|7|1|3|0|cropped|false
STATE|7|1|3|0|totalLivestock|[6 4 9 5 4 10 10 8 0 0 2 6 9 2 1 10 8 9 6 5]
STATE|7|1|3|0|treeCount|8.89
STATE|7|1|3|0|grassMass|5.07
STATE|7|1|3|0|pAttack|6.17
STATE|7|1|3|0|arable|false
STATE|7|1|3|0|totalHarvest|4.65
STATE|7|1|3|0|animalLoss|2.11
STATE|7|1|3|0|ownedBy|0
STATE|7|1|3|0|village|0
STATE|7|1|3|0|shared?|false
STATE|7|1|3|1|animalCount|[9 3 9 0 7 1 0 3 7 5 8 10 9 3 7 4 0 0 0 2]
STATE|7|1|3|1|forageCount|3.4
STATE|7|1|3|1|forageMass|5.76
STATE|7|1|3|1|fenced?|true
STATE|7|1|3|1|attacked?|true
STATE|7|1|3|1|cropped|true
STATE|7|1|3|1|totalLivestock|[6 8 5 4 5 1 10 7 2 7 9 0 9 5 6 6 6 10 5 8]
STATE|7|1|3|1|treeCount|6.58
STATE|7|1|3|1|grassMass|0.13
STATE|7|1|3|1|pAttack|1.71
STATE|7|1|3|1|arable|true
STATE|7|1|3|1|totalHarvest|6.29
STATE|7|1|3|1|animalLoss|8.59
STATE|7|1|3|1|ownedBy|0
STATE|7|1|3|1|village|3
STATE|7|1|3|1|shared?|false
STATE|7|1|3|2|animalCount|[0 7 7 9 3 5 3 10 6 9 5 8 7 7 10 5 7 2 7 0]
STATE|7|1|3|2|forageCount|3.66
STATE|7|1|3|2|forageMass|4.17
STATE|7|1|3|2|fenced?|true
STATE|7|1|3|2|attacked?|false
STATE|7|1|3|2|cropped|false
STATE|7|1|3|2|totalLivestock|[9 6 1 3 9 3 10 3 8 9 9 5 5 8 7 5 5 1 9 10]
STATE|7|1|3|2|treeCount|7.94
STATE|7|1|3|2|grassMass|4.87
STATE|7|1|3|2|pAttack|5.11
STATE|7|1|3|2|arable|false
STATE|7|1|3|2|totalHarvest|6.42
STATE|7|1|3|2|animalLoss|9.41
STATE|7|1|3|2|ownedBy|3
STATE|7|1|3|2|village|3
STATE|7|1|3|2|shared?|true
STATE|7|1|3|3|animalCount|[7 2 3 4 1 10 4 3 3 2 8 7 8 5 10 10 1 0 6 3]
STATE|7|1|3|3|forageCount|0.46
STATE|7|1|3|3|forageMass|6.85
STATE|7|1|3|3|fenced?|true
STATE|7|1|3|3|attacked?|false
STATE|7|1|3|3|cropped|false
STATE|7|1|3|3|totalLivestock|[10 8 10 2 8 0 7 9 7 5 4 3 8 0 6 4 8 3 4 1]
STATE|7|1|3|3|treeCount|9.38
STATE|7|1|3|3|grassMass|2.13
STATE|7|1|3|3|pAttack|7.71
STATE|7|1|3|3|arable|false
STATE|7|1|3|3|totalHarvest|6.23
STATE|7|1|3|3|animalLoss|8.34
STATE|7|1|3|3|ownedBy|3
STATE|7|1|3|3|village|3
STATE|7|1|3|3|shared?|false
CHOICE|7|1|1|3|0|4|01:35:07.000 PM 28-Sep-2026
CONFIRM|7|1|1|01:35:22.000 PM 28-Sep-2026
CHOICE|7|1|2|3|0|3|01:35:26.000 PM 28-Sep-2026
CHOICE|7|1|2|1|2|4|01:35:40.000 PM 28-Sep-2026
CONFIRM|7|1|2|01:35:44.000 PM 28-Sep-2026
CHOICE|7|1|3|3|1|4|01:35:53.000 PM 28-Sep-2026
CHOICE|7|1|3|3|1|2|01:36:04.000 PM 28-Sep-2026
CHOICE|7|1|3|3|1|-99|01:36:19.000 PM 28-Sep-2026
CONFIRM|7|1|3|01:36:33.000 PM 28-Sep-2026
CHOICE|7|1|4|3|2|3|01:36:37.000 PM 28-Sep-2026
CHOICE|7|1|4|3|2|2|01:36:39.000 PM 28-Sep-2026
CHOICE|7|1|4|2|0|2|01:36:47.000 PM 28-Sep-2026
CONFIRM|7|1|4|01:36:54.000 PM 28-Sep-2026
CHOICE|7|1|5|0|2|3|01:37:00.000 PM 28-Sep-2026
CONFIRM|7|1|5|01:37:09.000 PM 28-Sep-2026
CHOICE|7|1|6|1|2|3|01:37:24.000 PM 28-Sep-2026
CHOICE|7|1|6|2|1|1|01:37:26.000 PM 28-Sep-2026
CONFIRM|7|1|6|01:37:39.000 PM 28-Sep-2026
CHOICE|7|1|7|1|0|1|01:37:44.000 PM 28-Sep-2026
CONFIRM|7|1|7|01:37:45.000 PM 28-Sep-2026
CHOICE|7|1|8|3|3|1|01:37:50.000 PM 28-Sep-2026
CHOICE|7|1|8|2|0|1|01:38:03.000 PM 28-Sep-2026
CHOICE|7|1|8|1|2|1|01:38:09.000 PM 28-Sep-2026
CONFIRM|7|1|8|01:38:24.000 PM 28-Sep-2026
CHOICE|7|1|9|1|0|4|01:38:35.000 PM 28-Sep-2026
CHOICE|7|1|9|1|0|3|01:38:38.000 PM 28-Sep-2026
CHOICE|7|1|9|0|2|3|01:38:53.000 PM 28-Sep-2026
CONFIRM|7|1|9|01:39:07.000 PM 28-Sep-2026
CHOICE|7|1|10|1|1|4|01:39:14.000 PM 28-Sep-2026
CHOICE|7|1|10|2|1|-99|01:39:15.000 PM 28-Sep-2026
CHOICE|7|1|10|2|1|3|01:39:27.000 PM 28-Sep-2026
CONFIRM|7|1|10|01:39:30.000 PM 28-Sep-2026
CHOICE|7|1|11|1|2|4|01:39:45.000 PM 28-Sep-2026
CHOICE|7|1|11|0|3|1|01:39:57.000 PM 28-Sep-2026
CHOICE|7|1|11|1|2|4|01:40:06.000 PM 28-Sep-2026
CONFIRM|7|1|11|01:40:10.000 PM 28-Sep-2026
CHOICE|7|1|12|1|0|1|01:40:25.000 PM 28-Sep-2026
CHOICE|7|1|12|0|3|4|01:40:39.000 PM 28-Sep-2026
CHOICE|7|1|12|0|3|2|01:40:41.000 PM 28-Sep-2026
CONFIRM|7|1|12|01:40:53.000 PM 28-Sep-2026
CHOICE|7|1|13|2|1|1|01:40:58.000 PM 28-Sep-2026
CHOICE|7|1|13|0|1|2|01:41:01.000 PM 28-Sep-2026
CONFIRM|7|1|13|01:41:13.000 PM 28-Sep-2026
CHOICE|7|1|14|3|1|3|01:41:21.000 PM 28-Sep-2026
CONFIRM|7|1|14|01:41:32.000 PM 28-Sep-2026
CHOICE|7|1|15|3|1|4|01:41:45.000 PM 28-Sep-2026
CHOICE|7|1|15|2|2|4|01:41:59.000 PM 28-Sep-2026
CHOICE|7|1|15|1|1|1|01:42:09.000 PM 28-Sep-2026
CONFIRM|7|1|15|01:42:10.000 PM 28-Sep-2026
CHOICE|7|1|16|3|1|4|01:42:22.000 PM 28-Sep-2026
CHOICE|7|1|16|2|2|2|01:42:32.000 PM 28-Sep-2026
CONFIRM|7|1|16|01:42:44.000 PM 28-Sep-2026
CHOICE|7|1|17|2|2|4|01:42:47.000 PM 28-Sep-2026
CHOICE|7|1|17|3|1|1|01:43:02.000 PM 28-Sep-2026
CHOICE|7|1|17|3|2|1|01:43:10.000 PM 28-Sep-2026
CONFIRM|7|1|17|01:43:14.000 PM 28-Sep-2026
CHOICE|7|1|18|3|3|3|01:43:20.000 PM 28-Sep-2026
CHOICE|7|1|18|1|2|4|01:43:26.000 PM 28-Sep-2026
CONFIRM|7|1|18|01:43:39.000 PM 28-Sep-2026
CHOICE|7|1|19|2|0|2|01:43:45.000 PM 28-Sep-2026
CONFIRM|7|1|19|01:43:54.000 PM 28-Sep-2026
CHOICE|7|1|20|1|1|4|01:43:57.000 PM 28-Sep-2026
CONFIRM|7|1|20|01:44:05.000 PM 28-Sep-2026
SCORE|7|1|1|19|45|13
SCORE|7|1|2|20|22|5
SCORE|7|1|3|17|43|15
SCORE|7|1|4|6|26|13
SCORE|7|1|5|16|42|5
SCORE|7|1|6|3|8|10
SCORE|7|1|7|9|12|14
SCORE|7|1|8|18|68|14
SCORE|7|1|9|15|47|8
SCORE|7|1|10|11|23|7
SCORE|7|1|11|16|38|9
SCORE|7|1|12|7|25|3
SCORE|7|1|13|1|42|14
SCORE|7|1|14|16|55|7
SCORE|7|1|15|12|58|0
SCORE|7|1|16|13|42|5
SCORE|7|1|17|16|33|15
SCORE|7|1|18|18|37|20
SCORE|7|1|19|1|21|6
SCORE|7|1|20|18|28|3
PHASE|phase-7-2|01:44:17.000 PM 28-Sep-2026
STATE|7|2|0|0|animalCount|[0 9 8 8 7 4 1 8 3 2 2 0 3 4 8 4 6 6 2 5]
STATE|7|2|0|0|forageCount|0.82
STATE|7|2|0|0|forageMass|3.64
STATE|7|2|0|0|fenced?|false
STATE|7|2|0|0|attacked?|true
STATE|7|2|0|0|cropped|true
STATE|7|2|0|0|totalLivestock|[3 0 9 2 8 7 0 6 7 3 1 4 1 1 8 4 3 5 9 8]
STATE|7|2|0|0|treeCount|6.23
STATE|7|2|0|0|grassMass|2.71
STATE|7|2|0|0|pAttack|5.2
STATE|7|2|0|0|arable|true
STATE|7|2|0|0|totalHarvest|2.81
STATE|7|2|0|0|animalLoss|9.9
STATE|7|2|0|0|ownedBy|1
STATE|7|2|0|0|village|0
STATE|7|2|0|0|shared?|true
STATE|7|2|0|1|animalCount|[2 10 2 4 8 2 7 8 4 8 0 9 0 2 5 9 2 6 5 1]
STATE|7|2|0|1|forageCount|1.32
STATE|7|2|0|1|forageMass|4.09
STATE|7|2|0|1|fenced?|false
STATE|7|2|0|1|attacked?|false
STATE|7|2|0|1|cropped|true
STATE|7|2|0|1|totalLivestock|[2 3 1 1 8 0 1 0 6 6 10 1 2 7 5 8 3 9 8 7]
STATE|7|2|0|1|treeCount|1.57
STATE|7|2|0|1|grassMass|5.9
STATE|7|2|0|1|pAttack|3.3
STATE|7|2|0|1|arable|false
STATE|7|2|0|1|totalHarvest|3.59
STATE|7|2|0|1|animalLoss|6.55
STATE|7|2|0|1|ownedBy|3
STATE|7|2|0|1|village|3
STATE|7|2|0|1|shared?|true
STATE|7|2|0|2|animalCount|[2 4 1 2 5 0 3 1 5 1 7 9 1 3 9 10 6 8 0 3]
STATE|7|2|0|2|forageCount|5.27
STATE|7|2|0|2|forageMass|2.1
STATE|7|2|0|2|fenced?|false
STATE|7|2|0|2|attacked?|true
STATE|7|2|0|2|cropped|true
STATE|7|2|0|2|totalLivestock|[8 0 6 0 2 3 5 9 8 5 6 8 9 10 3 8 5 1 4 1]
STATE|7|2|0|2|treeCount|8.17
STATE|7|2|0|2|grassMass|9.3
STATE|7|2|0|2|pAttack|4.61
STATE|7|2|0|2|arable|false
STATE|7|2|0|2|totalHarvest|3.9
STATE|7|2|0|2|animalLoss|5.67
STATE|7|2|0|2|ownedBy|0
STATE|7|2|0|2|village|1
STATE|7|2|0|2|shared?|false
STATE|7|2|0|3|animalCount|[6 6 1 4 2 2 7 7 2 5 6 5 5 7 10 1 0 6 7 7]
STATE|7|2|0|3|forageCount|2.99
STATE|7|2|0|3|forageMass|0.71
STATE|7|2|0|3|fenced?|true
STATE|7|2|0|3|attacked?|false
STATE|7|2|0|3|cropped|false
STATE|7|2|0|3|totalLivestock|[10 2 4 6 8 2 8 3 8 6 4 9 9 3 8 1 6 7 4 6]
STATE|7|2|0|3|treeCount|9.13
STATE|7|2|0|3|grassMass|2.34
STATE|7|2|0|3|pAttack|5.79
STATE|7|2|0|3|arable|true
STATE|7|2|0|3|totalHarvest|3.95
STATE|7|2|0|3|animalLoss|7.62
STATE|7|2|0|3|ownedBy|3
STATE|7|2|0|3|village|0
STATE|7|2|0|3|shared?|true
STATE|7|2|1|0|animalCount|[4 1 3 7 2 4 8 3 10 10 1 1 8 5 0 4 8 9 3 9]
STATE|7|2|1|0|forageCount|3.28
STATE|7|2|1|0|forageMass|3.49
STATE|7|2|1|0|fenced?|true
STATE|7|2|1|0|attacked?|true
STATE|7|2|1|0|cropped|true
STATE|7|2|1|0|totalLivestock|[5 2 4 0 6 7 0 2 5 0 8 8 1 8 2 8 4 4 5 3]
STATE|7|2|1|0|treeCount|3.22
STATE|7|2|1|0|grassMass|8.27
STATE|7|2|1|0|pAttack|7.68
STATE|7|2|1|0|arable|false
STATE|7|2|1|0|totalHarvest|4.88
STATE|7|2|1|0|animalLoss|0.26
STATE|7|2|1|0|ownedBy|3
STATE|7|2|1|0|village|2
STATE|7|2|1|0|shared?|false
STATE|7|2|1|1|animalCount|[6 7 5 10 7 0 8 10 9 6 0 3 1 0 1 7 9 0 7 8]
STATE|7|2|1|1|forageCount|6.84
STATE|7|2|1|1|forageMass|5.72
STATE|7|2|1|1|fenced?|true
STATE|7|2|1|1|attacked?|true
STATE|7|2|1|1|cropped|false
STATE|7|2|1|1|totalLivestock|[8 0 1 1 3 6 10 1 6 6 8 4 8 1 4 4 10 0 5 6]
STATE|7|2|1|1|treeCount|7.86
STATE|7|2|1|1|grassMass|3.5
STATE|7|2|1|1|pAttack|8.15
STATE|7|2|1|1|arable|false
STATE|7|2|1|1|totalHarvest|7.17
STATE|7|2|1|1|animalLoss|2.06
STATE|7|2|1|1|ownedBy|0
STATE|7|2|1|1|village|3
STATE|7|2|1|1|shared?|false
STATE|7|2|1|2|animalCount|[10 3 1 7 1 2 6 0 8 10 6 6 2 4 6 5 4 6 7 1]
STATE|7|2|1|2|forageCount|0.03
STATE|7|2|1|2|forageMass|1.07
STATE|7|2|1|2|fenced?|true
STATE|7|2|1|2|attacked?|false
STATE|7|2|1|2|cropped|false
STATE|7|2|1|2|totalLivestock|[9 1 2 7 7 9 5 5 4 7 0 1 9 9 7 9 4 5 9 4]
STATE|7|2|1|2|treeCount|9.45
STATE|7|2|1|2|grassMass|7.05
STATE|7|2|1|2|pAttack|7.66
STATE|7|2|1|2|arable|false
STATE|7|2|1|2|totalHarvest|8.53
STATE|7|2|1|2|animalLoss|7.46
STATE|7|2|1|2|ownedBy|2
STATE|7|2|1|2|village|0
STATE|7|2|1|2|shared?|false
STATE|7|2|1|3|animalCount|[6 1 7 6 5 10 7 10 10 2 5 1 5 2 9 6 0 7 3 6]
STATE|7|2|1|3|forageCount|1.66
STATE|7|2|1|3|forageMass|2.73
STATE|7|2|1|3|fenced?|true
STATE|7|2|1|3|attacked?|true
STATE|7|2|1|3|cropped|true
STATE|7|2|1|3|totalLivestock|[3 10 1 4 3 1 4 3 6 1 7 8 8 8 0 8 4 6 0 3]
STATE|7|2|1|3|treeCount|4.41
STATE|7|2|1|3|grassMass|7.3
STATE|7|2|1|3|pAttack|2.73
STATE|7|2|1|3|arable|false
STATE|7|2|1|3|totalHarvest|3.67
STATE|7|2|1|3|animalLoss|7.89
STATE|7|2|1|3|ownedBy|3
STATE|7|2|1|3|village|0
STATE|7|2|1|3|shared?|true
STATE|7|2|2|0|animalCount|[5 5 1 10 4 7 7 8 8 7 6 0 10 4 8 6 0 6 10 9]
STATE|7|2|2|0|forageCount|4.62
STATE|7|2|2|0|forageMass|5.09
STATE|7|2|2|0|fenced?|false
STATE|7|2|2|0|attacked?|true
STATE|7|2|2|0|cropped|false
STATE|7|2|2|0|totalLivestock|[9 2 10 1 8 7 3 8 7 9 2 9 3 0 0 4 3 6 3 1]
STATE|7|2|2|0|treeCount|7.6
STATE|7|2|2|0|grassMass|7.18
STATE|7|2|2|0|pAttack|3.91
STATE|7|2|2|0|arable|false
STATE|7|2|2|0|totalHarvest|4.3
STATE|7|2|2|0|animalLoss|0.87
STATE|7|2|2|0|ownedBy|1
STATE|7|2|2|0|village|3
STATE|7|2|2|0|shared?|true
STATE|7|2|2|1|animalCount|[6 4 7 6 5 1 8 2 2 1 10 6 3 5 7 7 4 7 6 6]
STATE|7|2|2|1|forageCount|0.25
STATE|7|2|2|1|forageMass|7.75
STATE|7|2|2|1|fenced?|false
STATE|7|2|2|1|attacked?|false
STATE|7|2|2|1|cropped|true
STATE|7|2|2|1|totalLivestock|[5 6 5 5 0 10 0 0 7 4 4 9 5 7 10 5 9 5 3 0]
STATE|7|2|2|1|treeCount|9.7
STATE|7|2|2|1|grassMass|6.77
STATE|7|2|2|1|pAttack|7.91
STATE|7|2|2|1|arable|true
STATE|7|2|2|1|totalHarvest|8.35
STATE|7|2|2|1|animalLoss|5.33
STATE|7|2|2|1|ownedBy|1
STATE|7|2|2|1|village|1
STATE|7|2|2|1|shared?|true
STATE|7|2|2|2|animalCount|[4 8 7 1 9 5 8 4 4 0 6 10 1 8 6 4 1 4 4 4]
STATE|7|2|2|2|forageCount|8.44
STATE|7|2|2|2|forageMass|5.81
STATE|7|2|2|2|fenced?|true
STATE|7|2|2|2|attacked?|false
STATE|7|2|2|2|cropped|true
STATE|7|2|2|2|totalLivestock|[7 7 8 3 0 8 6 5 0 7 5 0 0 3 9 6 7 7 10 6]
STATE|7|2|2|2|treeCount|0.8
STATE|7|2|2|2|grassMass|9.76
STATE|7|2|2|2|pAttack|1.75
STATE|7|2|2|2|arable|true
STATE|7|2|2|2|totalHarvest|3.84
STATE|7|2|2|2|animalLoss|9.29
STATE|7|2|2|2|ownedBy|0
STATE|7|2|2|2|village|0
STATE|7|2|2|2|shared?|false
STATE|7|2|2|3|animalCount|[3 9 8 0 10 3 0 2 2 3 1 3 4 9 2 10 9 9 9 6]
STATE|7|2|2|3|forageCount|8.84
STATE|7|2|2|3|forageMass|9.32
STATE|7|2|2|3|fenced?|true
STATE|7|2|2|3|attacked?|false
STATE|7|2|2|3|cropped|false
STATE|7|2|2|3|totalLivestock|[9 9 4 0 7 5 1 3 7 7 2 6 4 7 6 2 3 7 6 3]
STATE|7|2|2|3|treeCount|7.94
STATE|7|2|2|3|grassMass|9.95
STATE|7|2|2|3|pAttack|9.66
STATE|7|2|2|3|arable|false
STATE|7|2|2|3|totalHarvest|7.93
STATE|7|2|2|3|animalLoss|0.53
STATE|7|2|2|3|ownedBy|0
STATE|7|2|2|3|village|3
STATE|7|2|2|3|shared?|false
STATE|7|2|3|0|animalCount|[2 2 5 4 2 4 9 9 9 4 6 8 8 6 1 0 6 6 7 1]
STATE|7|2|3|0|forageCount|0.51
STATE|7|2|3|0|forageMass|8.64
STATE|7|2|3|0|fenced?|true
STATE|7|2|3|0|attacked?|true
STATE|7|2|3|0|cropped|false
STATE|7|2|3|0|totalLivestock|[4 7 10 7 9 0 1 2 6 1 1 0 1 6 8 4 7 2 0 3]
STATE|7|2|3|0|treeCount|0.11
STATE|7|2|3|0|grassMass|9.7
STATE|7|2|3|0|pAttack|4.9
STATE|7|2|3|0|arable|false
STATE|7|2|3|0|totalHarvest|1.21
STATE|7|2|3|0|animalLoss|1.17
STATE|7|2|3|0|ownedBy|2
STATE|7|2|3|0|village|2
STATE|7|2|3|0|shared?|false
STATE|7|2|3|1|animalCount|[8 8 10 1 9 5 6 1 3 9 3 8 0 9 0 2 9 1 3 10]
STATE|7|2|3|1|forageCount|4.6
STATE|7|2|3|1|forageMass|9.33
STATE|7|2|3|1|fenced?|true
STATE|7|2|3|1|attacked?|false
STATE|7|2|3|1|cropped|false
STATE|7|2|3|1|totalLivestock|[9 0 9 3 7 9 7 4 10 4 7 8 6 4 8 5 7 0 1 9]
STATE|7|2|3|1|treeCount|3.52
STATE|7|2|3|1|grassMass|0.43
STATE|7|2|3|1|pAttack|8.99
STATE|7|2|3|1|arable|true
STATE|7|2|3|1|totalHarvest|6.41
STATE|7|2|3|1|animalLoss|0.58
STATE|7|2|3|1|ownedBy|1
STATE|7|2|3|1|village|3
STATE|7|2|3|1|shared?|true
STATE|7|2|3|2|animalCount|[0 2 4 1 6 7 9 2 6 1 8 2 2 1 2 0 8 1 4 10]
STATE|7|2|3|2|forageCount|6.5
STATE|7|2|3|2|forageMass|4.43
STATE|7|2|3|2|fenced?|true
STATE|7|2|3|2|attacked?|false
STATE|7|2|3|2|cropped|true
STATE|7|2|3|2|totalLivestock|[3 3 8 0 4 4 0 5 0 5 9 5 6 7 1 9 10 3 0 7]
STATE|7|2|3|2|treeCount|4.21
STATE|7|2|3|2|grassMass|0.99
STATE|7|2|3|2|pAttack|3.65
STATE|7|2|3|2|arable|false
STATE|7|2|3|2|totalHarvest|6.12
STATE|7|2|3|2|animalLoss|0.16
STATE|7|2|3|2|ownedBy|0
STATE|7|2|3|2|village|3
STATE|7|2|3|2|shared?|false
STATE|7|2|3|3|animalCount|[5 4 5 9 8 3 0 0 5 6 9 3 10 4 2 4 8 6 10 5]
STATE|7|2|3|3|forageCount|2.69
STATE|7|2|3|3|forageMass|0.5
STATE|7|2|3|3|fenced?|true
STATE|7|2|3|3|attacked?|true
STATE|7|2|3|3|cropped|true
STATE|7|2|3|3|totalLivestock|[7 4 10 7 1 7 9 3 7 1 3 2 4 0 6 3 1 1 5 3]
STATE|7|2|3|3|treeCount|2.6
STATE|7|2|3|3|grassMass|5.82
STATE|7|2|3|3|pAttack|2.13
STATE|7|2|3|3|arable|false
STATE|7|2|3|3|totalHarvest|2.4
STATE|7|2|3|3|animalLoss|5.48
STATE|7|2|3|3|ownedBy|3
STATE|7|2|3|3|village|0
STATE|7|2|3|3|shared?|false
CHOICE|7|2|1|2|1|1|01:44:30.000 PM 28-Sep-2026
CHOICE|7|2|1|0|2|1|01:44:45.000 PM 28-Sep-2026
CHOICE|7|2|1|0|2|3|01:44:51.000 PM 28-Sep-2026
CONFIRM|7|2|1|01:45:00.000 PM 28-Sep-2026
CHOICE|7|2|2|0|1|1|01:45:07.000 PM 28-Sep-2026
CHOICE|7|2|2|0|1|4|01:45:12.000 PM 28-Sep-2026
CHOICE|7|2|2|0|1|2|01:45:14.000 PM 28-Sep-2026
CONFIRM|7|2|2|01:45:19.000 PM 28-Sep-2026
CHOICE|7|2|3|1|2|4|01:45:23.000 PM 28-Sep-2026
CHOICE|7|2|3|1|0|2|01:45:38.000 PM 28-Sep-2026
CHOICE|7|2|3|1|1|3|01:45:51.000 PM 28-Sep-2026
CONFIRM|7|2|3|01:45:59.000 PM 28-Sep-2026
CHOICE|7|2|4|3|2|4|01:46:02.000 PM 28-Sep-2026
CHOICE|7|2|4|3|2|4|01:46:11.000 PM 28-Sep-2026
CHOICE|7|2|4|3|2|1|01:46:12.000 PM 28-Sep-2026
CONFIRM|7|2|4|01:46:21.000 PM 28-Sep-2026
CHOICE|7|2|5|0|0|1|01:46:32.000 PM 28-Sep-2026
CHOICE|7|2|5|0|0|2|01:46:37.000 PM 28-Sep-2026
CONFIRM|7|2|5|01:46:38.000 PM 28-Sep-2026
CHOICE|7|2|6|0|1|2|01:46:51.000 PM 28-Sep-2026
CHOICE|7|2|6|0|1|3|01:47:00.000 PM 28-Sep-2026
CHOICE|7|2|6|2|2|2|01:47:04.000 PM 28-Sep-2026
CONFIRM|7|2|6|01:47:10.000 PM 28-Sep-2026
CHOICE|7|2|7|1|1|3|01:47:24.000 PM 28-Sep-2026
CHOICE|7|2|7|1|1|2|01:47:39.000 PM 28-Sep-2026
CHOICE|7|2|7|1|1|1|01:47:41.000 PM 28-Sep-2026
CONFIRM|7|2|7|01:47:45.000 PM 28-Sep-2026
CHOICE|7|2|8|0|0|3|01:47:59.000 PM 28-Sep-2026
CONFIRM|7|2|8|01:48:02.000 PM 28-Sep-2026
CHOICE|7|2|9|3|3|2|01:48:09.000 PM 28-Sep-2026
CHOICE|7|2|9|0|0|2|01:48:11.000 PM 28-Sep-2026
CONFIRM|7|2|9|01:48:14.000 PM 28-Sep-2026
CHOICE|7|2|10|3|2|1|01:48:24.000 PM 28-Sep-2026
CHOICE|7|2|10|3|2|-99|01:48:39.000 PM 28-Sep-2026
CHOICE|7|2|10|3|2|1|01:48:50.000 PM 28-Sep-2026
CONFIRM|7|2|10|01:48:53.000 PM 28-Sep-2026
CHOICE|7|2|11|0|0|-99|01:49:07.000 PM 28-Sep-2026
CHOICE|7|2|11|0|0|2|01:49:09.000 PM 28-Sep-2026
CONFIRM|7|2|11|01:49:15.000 PM 28-Sep-2026
CHOICE|7|2|12|0|2|2|01:49:24.000 PM 28-Sep-2026
CHOICE|7|2|12|2|0|3|01:49:34.000 PM 28-Sep-2026
CHOICE|7|2|12|2|0|4|01:49:49.000 PM 28-Sep-2026
CONFIRM|7|2|12|01:49:55.000 PM 28-Sep-2026
CHOICE|7|2|13|2|2|-99|01:50:04.000 PM 28-Sep-2026
CHOICE|7|2|13|0|3|-99|01:50:19.000 PM 28-Sep-2026
CONFIRM|7|2|13|01:50:27.000 PM 28-Sep-2026
CHOICE|7|2|14|3|3|-99|01:50:35.000 PM 28-Sep-2026
CONFIRM|7|2|14|01:50:50.000 PM 28-Sep-2026
CHOICE|7|2|15|1|2|3|01:50:54.000 PM 28-Sep-2026
CHOICE|7|2|15|1|2|1|01:51:06.000 PM 28-Sep-2026
CHOICE|7|2|15|2|1|-99|01:51:17.000 PM 28-Sep-2026
CONFIRM|7|2|15|01:51:20.000 PM 28-Sep-2026
CHOICE|7|2|16|0|3|-99|01:51:27.000 PM 28-Sep-2026
CONFIRM|7|2|16|01:51:39.000 PM 28-Sep-2026
CHOICE|7|2|17|1|0|-99|01:51:48.000 PM 28-Sep-2026
CHOICE|7|2|17|3|2|3|01:52:01.000 PM 28-Sep-2026
CONFIRM|7|2|17|01:52:04.000 PM 28-Sep-2026
CHOICE|7|2|18|0|3|4|01:52:10.000 PM 28-Sep-2026
CONFIRM|7|2|18|01:52:11.000 PM 28-Sep-2026
CHOICE|7|2|19|1|1|4|01:52:14.000 PM 28-Sep-2026
CHOICE|7|2|19|0|1|2|01:52:28.000 PM 28-Sep-2026
CHOICE|7|2|19|2|2|4|01:52:30.000 PM 28-Sep-2026
CONFIRM|7|2|19|01:52:41.000 PM 28-Sep-2026
CHOICE|7|2|20|0|3|4|01:52:46.000 PM 28-Sep-2026
CONFIRM|7|2|20|01:52:50.000 PM 28-Sep-2026
SCORE|7|2|1|5|21|12
SCORE|7|2|2|9|15|2
SCORE|7|2|3|0|1|0
SCORE|7|2|4|19|50|11
SCORE|7|2|5|15|35|3
SCORE|7|2|6|20|47|13
SCORE|7|2|7|15|18|14
SCORE|7|2|8|10|17|12
SCORE|7|2|9|6|20|10
SCORE|7|2|10|1|31|4
SCORE|7|2|11|12|41|18
SCORE|7|2|12|4|19|1
SCORE|7|2|13|16|21|18
SCORE|7|2|14|17|34|9
SCORE|7|2|15|18|29|4
SCORE|7|2|16|11|52|19
SCORE|7|2|17|20|48|8
SCORE|7|2|18|14|22|3
SCORE|7|2|19|12|39|1
SCORE|7|2|20|1|45|2
PHASE|phase-8-1|01:52:52.000 PM 28-Sep-2026
STATE|8|1|0|0|animalCount|[0 5 0 5 4 1 0 4 9 3 7 3 2 9 7 3 3 4 6 8]
STATE|8|1|0|0|forageCount|4.59
STATE|8|1|0|0|forageMass|3.29
STATE|8|1|0|0|fenced?|true
STATE|8|1|0|0|attacked?|true
STATE|8|1|0|0|cropped|true
STATE|8|1|0|0|totalLivestock|[6 8 0 1 5 0 9 2 6 0 1 4 9 9 5 1 3 4 3 3]
STATE|8|1|0|0|treeCount|3.17
STATE|8|1|0|0|grassMass|7.33
STATE|8|1|0|0|pAttack|8.27
STATE|8|1|0|0|arable|true
STATE|8|1|0|0|totalHarvest|3.36
STATE|8|1|0|0|animalLoss|3.96
STATE|8|1|0|0|ownedBy|2
STATE|8|1|0|0|village|0
STATE|8|1|0|0|shared?|false
STATE|8|1|0|1|animalCount|[2 5 8 2 1 5 3 4 6 0 1 9 1 4 3 3 9 5 9 7]
STATE|8|1|0|1|forageCount|4.98
STATE|8|1|0|1|forageMass|4.84
STATE|8|1|0|1|fenced?|false
STATE|8|1|0|1|attacked?|false
STATE|8|1|0|1|cropped|false
STATE|8|1|0|1|totalLivestock|[3 0 6 3 10 10 7 0 5 6 1 0 6 10 3 9 7 7 3 2]
STATE|8|1|0|1|treeCount|2.9
STATE|8|1|0|1|grassMass|2.02
STATE|8|1|0|1|pAttack|3.5
STATE|8|1|0|1|arable|true
STATE|8|1|0|1|totalHarvest|7.67
STATE|8|1|0|1|animalLoss|10.0
STATE|8|1|0|1|ownedBy|1
STATE|8|1|0|1|village|2
STATE|8|1|0|1|shared?|true
STATE|8|1|0|2|animalCount|[10 4 4 0 4 5 3 2 9 2 8 10 10 8 7 4 7 8 9 8]
STATE|8|1|0|2|forageCount|1.91
STATE|8|1|0|2|forageMass|2.15
STATE|8|1|0|2|fenced?|true
STATE|8|1|0|2|attacked?|true
STATE|8|1|0|2|cropped|true
STATE|8|1|0|2|totalLivestock|[1 7 7 10 2 2 9 5 1 9 1 2 3 3 1 10 7 3 3 9]
STATE|8|1|0|2|treeCount|1.35
STATE|8|1|0|2|grassMass|3.94
STATE|8|1|0|2|pAttack|1.89
STATE|8|1|0|2|arable|true
STATE|8|1|0|2|totalHarvest|3.2
STATE|8|1|0|2|animalLoss|2.75
STATE|8|1|0|2|ownedBy|2
STATE|8|1|0|2|village|0
STATE|8|1|0|2|shared?|false
STATE|8|1|0|3|animalCount|[5 10 3 5 0 9 3 5 1 5 7 4 1 3 0 6 5 4 0 2]
STATE|8|1|0|3|forageCount|6.07
STATE|8|1|0|3|forageMass|2.83
STATE|8|1|0|3|fenced?|true
STATE|8|1|0|3|attacked?|true
STATE|8|1|0|3|cropped|false
STATE|8|1|0|3|totalLivestock|[3 5 7 2 9 8 8 6 6 5 7 0 7 10 1 8 5 8 5 2]
STATE|8|1|0|3|treeCount|1.59
STATE|8|1|0|3|grassMass|2.95
STATE|8|1|0|3|pAttack|6.94
STATE|8|1|0|3|arable|true
STATE|8|1|0|3|totalHarvest|7.82
STATE|8|1|0|3|animalLoss|4.16
STATE|8|1|0|3|ownedBy|3
STATE|8|1|0|3|village|2
STATE|8|1|0|3|shared?|true
STATE|8|1|1|0|animalCount|[8 7 3 5 10 7 0 10 10 5 9 3 7 0 7 7 3 4 7 9]
STATE|8|1|1|0|forageCount|7.81
STATE|8|1|1|0|forageMass|4.21
STATE|8|1|1|0|fenced?|true
STATE|8|1|1|0|attacked?|true
STATE|8|1|1|0|cropped|true
STATE|8|1|1|0|totalLivestock|[9 5 8 9 0 6 9 10 5 8 7 0 0 5 10 0 8 4 10 5]
STATE|8|1|1|0|treeCount|7.9
STATE|8|1|1|0|grassMass|6.55
STATE|8|1|1|0|pAttack|4.74
STATE|8|1|1|0|arable|false
STATE|8|1|1|0|totalHarvest|3.98
STATE|8|1|1|0|animalLoss|7.23
STATE|8|1|1|0|ownedBy|0
STATE|8|1|1|0|village|3
STATE|8|1|1|0|shared?|true
STATE|8|1|1|1|animalCount|[10 9 8 0 2 7 2 1 10 2 6 4 4 3 8 4 2 4 8 2]
STATE|8|1|1|1|forageCount|8.95
STATE|8|1|1|1|forageMass|2.55
STATE|8|1|1|1|fenced?|false
STATE|8|1|1|1|attacked?|true
STATE|8|1|1|1|cropped|false
STATE|8|1|1|1|totalLivestock|[8 3 6 5 0 5 3 5 1 10 8 5 4 8 2 5 0 7 4 2]
STATE|8|1|1|1|treeCount|0.83
STATE|8|1|1|1|grassMass|1.29
STATE|8|1|1|1|pAttack|9.48
STATE|8|1|1|1|arable|true
STATE|8|1|1|1|totalHarvest|0.48
STATE|8|1|1|1|animalLoss|5.56
STATE|8|1|1|1|ownedBy|1
STATE|8|1|1|1|village|3
STATE|8|1|1|1|shared?|true
STATE|8|1|1|2|animalCount|[6 10 0 3 4 8 10 0 10 3 6 2 4 0 3 4 6 5 7 2]
STATE|8|1|1|2|forageCount|3.18
STATE|8|1|1|2|forageMass|4.55
STATE|8|1|1|2|fenced?|false
STATE|8|1|1|2|attacked?|true
STATE|8|1|1|2|cropped|false
STATE|8|1|1|2|totalLivestock|[1 1 4 6 8 1 2 5 7 7 0 4 4 9 3 10 3 10 9 10]
STATE|8|1|1|2|treeCount|4.1
STATE|8|1|1|2|grassMass|6.2
STATE|8|1|1|2|pAttack|1.92
STATE|8|1|1|2|arable|true
STATE|8|1|1|2|totalHarvest|5.43
STATE|8|1|1|2|animalLoss|0.4
STATE|8|1|1|2|ownedBy|0
STATE|8|1|1|2|village|0
STATE|8|1|1|2|shared?|false
STATE|8|1|1|3|animalCount|[10 0 10 5 10 3 2 2 0 8 4 1 4 0 9 1 2 4 1 2]
STATE|8|1|1|3|forageCount|7.97
STATE|8|1|1|3|forageMass|5.3
STATE|8|1|1|3|fenced?|true
STATE|8|1|1|3|attacked?|true
STATE|8|1|1|3|cropped|false
STATE|8|1|1|3|totalLivestock|[10 7 1 4 4 0 5 6 10 8 2 8 6 4 7 8 1 6 5 7]
STATE|8|1|1|3|treeCount|6.52
STATE|8|1|1|3|grassMass|5.88
STATE|8|1|1|3|pAttack|5.78
STATE|8|1|1|3|arable|false
STATE|8|1|1|3|totalHarvest|2.82
STATE|8|1|1|3|animalLoss|5.03
STATE|8|1|1|3|ownedBy|1
STATE|8|1|1|3|village|0
STATE|8|1|1|3|shared?|false
STATE|8|1|2|0|animalCount|[0 5 6 4 6 4 8 4 5 1 5 2 0 5 3 3 1 9 8 5]
STATE|8|1|2|0|forageCount|4.86
STATE|8|1|2|0|forageMass|4.08
STATE|8|1|2|0|fenced?|false
STATE|8|1|2|0|attacked?|false
STATE|8|1|2|0|cropped|true
STATE|8|1|2|0|totalLivestock|[7 3 1 1 10 7 6 5 2 3 3 8 0 2 0 1 0 5 8 7]
STATE|8|1|2|0|treeCount|2.84
STATE|8|1|2|0|grassMass|2.78
STATE|8|1|2|0|pAttack|9.14
STATE|8|1|2|0|arable|true
STATE|8|1|2|0|totalHarvest|2.09
STATE|8|1|2|0|animalLoss|5.56
STATE|8|1|2|0|ownedBy|2
STATE|8|1|2|0|village|0
STATE|8|1|2|0|shared?|false
STATE|8|1|2|1|animalCount|[10 8 1 5 5 6 6 9 7 4 0 5 8 7 0 9 5 7 0 3]
STATE|8|1|2|1|forageCount|3.12
STATE|8|1|2|1|forageMass|9.14
STATE|8|1|2|1|fenced?|true
STATE|8|1|2|1|attacked?|false
STATE|8|1|2|1|cropped|false
STATE|8|1|2|1|totalLivestock|[5 9 1 10 6 10 3 3 1 5 7 3 0 6 10 3 3 0 10 0]
STATE|8|1|2|1|treeCount|3.08
STATE|8|1|2|1|grassMass|7.8
STATE|8|1|2|1|pAttack|8.33
STATE|8|1|2|1|arable|true
STATE|8|1|2|1|totalHarvest|3.22
STATE|8|1|2|1|animalLoss|6.79
STATE|8|1|2|1|ownedBy|0
STATE|8|1|2|1|village|2
STATE|8|1|2|1|shared?|true
STATE|8|1|2|2|animalCount|[3 1 2 2 2 6 8 8 5 4 10 9 7 7 10 3 9 4 8 3]
STATE|8|1|2|2|forageCount|7.93
STATE|8|1|2|2|forageMass|5.73
STATE|8|1|2|2|fenced?|true
STATE|8|1|2|2|attacked?|false
STATE|8|1|2|2|cropped|false
STATE|8|1|2|2|totalLivestock|[4 2 0 6 6 2 0 5 6 0 4 3 8 2 9 9 6 3 5 4]
STATE|8|1|2|2|treeCount|4.92
STATE|8|1|2|2|grassMass|8.69
STATE|8|1|2|2|pAttack|1.08
STATE|8|1|2|2|arable|true
STATE|8|1|2|2|totalHarvest|6.9
STATE|8|1|2|2|animalLoss|6.85
STATE|8|1|2|2|ownedBy|3
STATE|8|1|2|2|village|3
STATE|8|1|2|2|shared?|true
STATE|8|1|2|3|animalCount|[1 1 3 4 6 0 4 7 5 5 10 5 5 0 1 6 3 2 1 5]
STATE|8|1|2|3|forageCount|5.87
STATE|8|1|2|3|forageMass|2.84
STATE|8|1|2|3|fenced?|true
STATE|8|1|2|3|attacked?|true
STATE|8|1|2|3|cropped|false
STATE|8|1|2|3|totalLivestock|[3 0 10 10 7 6 0 2 6 3 3 10 10 1 4 9 3 5 7 10]
STATE|8|1|2|3|treeCount|1.51
STATE|8|1|2|3|grassMass|1.37
STATE|8|1|2|3|pAttack|9.4
STATE|8|1|2|3|arable|false
STATE|8|1|2|3|totalHarvest|5.88
STATE|8|1|2|3|animalLoss|4.28
STATE|8|1|2|3|ownedBy|1
STATE|8|1|2|3|village|2
STATE|8|1|2|3|shared?|true
STATE|8|1|3|0|animalCount|[10 8 2 6 4 5 1 6 10 8 3 4 2 10 6 6 2 5 4 8]
STATE|8|1|3|0|forageCount|2.71
STATE|8|1|3|0|forageMass|1.31
STATE|8|1|3|0|fenced?|false
STATE|8|1|3|0|attacked?|false
STATE|8|1|3|0|cropped|true
STATE|8|1|3|0|totalLivestock|[10 4 7 5 7 6 2 4 9 4 4 4 10 10 0 8 0 9 7 2]
STATE|8|1|3|0|treeCount|8.86
STATE|8|1|3|0|grassMass|2.66
STATE|8|1|3|0|pAttack|5.58
STATE|8|1|3|0|arable|false
STATE|8|1|3|0|totalHarvest|7.67
STATE|8|1|3|0|animalLoss|4.21
STATE|8|1|3|0|ownedBy|0
STATE|8|1|3|0|village|3
STATE|8|1|3|0|shared?|true
STATE|8|1|3|1|animalCount|[0 9 7 5 3 3 8 8 3 1 2 0 3 6 2 9 5 0 8 8]
STATE|8|1|3|1|forageCount|8.22
STATE|8|1|3|1|forageMass|0.02
STATE|8|1|3|1|fenced?|true
STATE|8|1|3|1|attacked?|false
STATE|8|1|3|1|cropped|true
STATE|8|1|3|1|totalLivestock|[4 0 8 5 5 1 10 8 5 1 2 6 4 10 1 5 8 5 4 2]
STATE|8|1|3|1|treeCount|5.59
STATE|8|1|3|1|grassMass|3.42
STATE|8|1|3|1|pAttack|3.7
STATE|8|1|3|1|arable|false
STATE|8|1|3|1|totalHarvest|8.7
STATE|8|1|3|1|animalLoss|4.58
STATE|8|1|3|1|ownedBy|3
STATE|8|1|3|1|village|3
STATE|8|1|3|1|shared?|true
STATE|8|1|3|2|animalCount|[5 2 4 6 5 1 5 5 0 0 0 7 9 0 10 0 2 7 4 7]
STATE|8|1|3|2|forageCount|0.33
STATE|8|1|3|2|forageMass|3.43
STATE|8|1|3|2|fenced?|false
STATE|8|1|3|2|attacked?|true
STATE|8|1|3|2|cropped|false
STATE|8|1|3|2|totalLivestock|[7 6 6 3 0 2 5 1 8 5 4 9 1 7 9 7 7 4 3 1]
STATE|8|1|3|2|treeCount|9.24
STATE|8|1|3|2|grassMass|7.69
STATE|8|1|3|2|pAttack|5.84
STATE|8|1|3|2|arable|true
STATE|8|1|3|2|totalHarvest|1.15
STATE|8|1|3|2|animalLoss|1.0
STATE|8|1|3|2|ownedBy|2
STATE|8|1|3|2|village|1
STATE|8|1|3|2|shared?|false
STATE|8|1|3|3|animalCount|[6 1 6 10 2 6 5 10 4 10 8 8 1 4 3 2 5 0 5 9]
STATE|8|1|3|3|forageCount|0.85
STATE|8|1|3|3|forageMass|3.65
STATE|8|1|3|3|fenced?|false
STATE|8|1|3|3|attacked?|false
STATE|8|1|3|3|cropped|true
STATE|8|1|3|3|totalLivestock|[8 2 7 10 10 4 7 2 7 5 2 5 6 1 8 6 9 1 5 10]
STATE|8|1|3|3|treeCount|4.25
STATE|8|1|3|3|grassMass|1.29
STATE|8|1|3|3|pAttack|9.92
STATE|8|1|3|3|arable|true
STATE|8|1|3|3|totalHarvest|9.07
STATE|8|1|3|3|animalLoss|1.17
STATE|8|1|3|3|ownedBy|1
STATE|8|1|3|3|village|3
STATE|8|1|3|3|shared?|false
CHOICE|8|1|1|1|0|-99|01:52:59.000 PM 28-Sep-2026
CHOICE|8|1|1|3|3|1|01:53:09.000 PM 28-Sep-2026
CHOICE|8|1|1|2|1|4|01:53:21.000 PM 28-Sep-2026
CONFIRM|8|1|1|01:53:26.000 PM 28-Sep-2026
CHOICE|8|1|2|0|2|3|01:53:33.000 PM 28-Sep-2026
CHOICE|8|1|2|0|2|3|01:53:46.000 PM 28-Sep-2026
CONFIRM|8|1|2|01:53:59.000 PM 28-Sep-2026
CHOICE|8|1|3|1|1|1|01:54:04.000 PM 28-Sep-2026
CONFIRM|8|1|3|01:54:13.000 PM 28-Sep-2026
CHOICE|8|1|4|2|2|4|01:54:14.000 PM 28-Sep-2026
CHOICE|8|1|4|1|1|4|01:54:24.000 PM 28-Sep-2026
CHOICE|8|1|4|1|1|1|01:54:38.000 PM 28-Sep-2026
CONFIRM|8|1|4|01:54:41.000 PM 28-Sep-2026
CHOICE|8|1|5|2|0|1|01:54:44.000 PM 28-Sep-2026
CHOICE|8|1|5|2|0|3|01:54:46.000 PM 28-Sep-2026
CONFIRM|8|1|5|01:54:52.000 PM 28-Sep-2026
CHOICE|8|1|6|2|1|3|01:55:04.000 PM 28-Sep-2026
CONFIRM|8|1|6|01:55:05.000 PM 28-Sep-2026
CHOICE|8|1|7|2|0|1|01:55:20.000 PM 28-Sep-2026
CHOICE|8|1|7|2|3|1|01:55:24.000 PM 28-Sep-2026
CONFIRM|8|1|7|01:55:38.000 PM 28-Sep-2026
CHOICE|8|1|8|1|1|4|01:55:47.000 PM 28-Sep-2026
CHOICE|8|1|8|1|1|4|01:55:56.000 PM 28-Sep-2026
CHOICE|8|1|8|1|1|3|01:56:04.000 PM 28-Sep-2026
CONFIRM|8|1|8|01:56:09.000 PM 28-Sep-2026
CHOICE|8|1|9|3|3|2|01:56:10.000 PM 28-Sep-2026
CHOICE|8|1|9|0|1|4|01:56:23.000 PM 28-Sep-2026
CHOICE|8|1|9|0|1|2|01:56:34.000 PM 28-Sep-2026
CONFIRM|8|1|9|01:56:42.000 PM 28-Sep-2026
CHOICE|8|1|10|2|1|-99|01:56:57.000 PM 28-Sep-2026
CHOICE|8|1|10|0|2|4|01:57:05.000 PM 28-Sep-2026
CHOICE|8|1|10|0|3|3|01:57:20.000 PM 28-Sep-2026
CONFIRM|8|1|10|01:57:29.000 PM 28-Sep-2026
CHOICE|8|1|11|3|0|-99|01:57:36.000 PM 28-Sep-2026
CONFIRM|8|1|11|01:57:38.000 PM 28-Sep-2026
CHOICE|8|1|12|1|2|3|01:57:45.000 PM 28-Sep-2026
CONFIRM|8|1|12|01:57:51.000 PM 28-Sep-2026
CHOICE|8|1|13|3|1|-99|01:57:59.000 PM 28-Sep-2026
CHOICE|8|1|13|3|1|2|01:58:13.000 PM 28-Sep-2026
CONFIRM|8|1|13|01:58:22.000 PM 28-Sep-2026
CHOICE|8|1|14|0|1|3|01:58:26.000 PM 28-Sep-2026
CONFIRM|8|1|14|01:58:30.000 PM 28-Sep-2026
CHOICE|8|1|15|2|1|-99|01:58:34.000 PM 28-Sep-2026
CHOICE|8|1|15|2|2|-99|01:58:49.000 PM 28-Sep-2026
CONFIRM|8|1|15|01:59:00.000 PM 28-Sep-2026
CHOICE|8|1|16|3|0|1|01:59:14.000 PM 28-Sep-2026
CONFIRM|8|1|16|01:59:21.000 PM 28-Sep-2026
CHOICE|8|1|17|2|2|3|01:59:28.000 PM 28-Sep-2026
CHOICE|8|1|17|0|0|1|01:59:34.000 PM 28-Sep-2026
CHOICE|8|1|17|2|0|3|01:59:36.000 PM 28-Sep-2026
CONFIRM|8|1|17|01:59:37.000 PM 28-Sep-2026
CHOICE|8|1|18|2|3|1|01:59:42.000 PM 28-Sep-2026
CHOICE|8|1|18|2|3|4|01:59:54.000 PM 28-Sep-2026
CHOICE|8|1|18|2|0|2|01:59:59.000 PM 28-Sep-2026
CONFIRM|8|1|18|02:00:09.000 PM 28-Sep-2026
CHOICE|8|1|19|3|2|1|02:00:20.000 PM 28-Sep-2026
CONFIRM|8|1|19|02:00:33.000 PM 28-Sep-2026
CHOICE|8|1|20|3|1|2|02:00:43.000 PM 28-Sep-2026
CHOICE|8|1|20|3|0|3|02:00:57.000 PM 28-Sep-2026
CONFIRM|8|1|20|02:01:11.000 PM 28-Sep-2026
SCORE|8|1|1|17|42|14
SCORE|8|1|2|5|7|19
SCORE|8|1|3|5|50|7
SCORE|8|1|4|8|32|0
SCORE|8|1|5|10|23|5
SCORE|8|1|6|11|53|17
SCORE|8|1|7|16|22|3
SCORE|8|1|8|9|49|16
SCORE|8|1|9|5|10|10
SCORE|8|1|10|4|16|16
SCORE|8|1|11|18|38|16
SCORE|8|1|12|11|40|1
SCORE|8|1|13|13|21|18
SCORE|8|1|14|6|31|11
SCORE|8|1|15|0|12|17
SCORE|8|1|16|15|25|6
SCORE|8|1|17|8|11|20
SCORE|8|1|18|4|9|12
SCORE|8|1|19|17|55|4
SCORE|8|1|20|17|20|15
PHASE|phase-8-2|02:01:25.000 PM 28-Sep-2026
STATE|8|2|0|0|animalCount|[1 7 9 7 2 1 0 8 10 7 4 6 7 1 3 2 10 5 9 9]
STATE|8|2|0|0|forageCount|6.46
STATE|8|2|0|0|forageMass|3.24
STATE|8|2|0|0|fenced?|false
STATE|8|2|0|0|attacked?|true
STATE|8|2|0|0|cropped|false
STATE|8|2|0|0|totalLivestock|[7 0 9 7 3 0 10 8 6 0 1 7 10 1 6 1 2 0 10 5]
STATE|8|2|0|0|treeCount|4.43
STATE|8|2|0|0|grassMass|3.31
STATE|8|2|0|0|pAttack|3.71
STATE|8|2|0|0|arable|false
STATE|8|2|0|0|totalHarvest|3.23
STATE|8|2|0|0|animalLoss|5.73
STATE|8|2|0|0|ownedBy|0
STATE|8|2|0|0|village|0
STATE|8|2|0|0|shared?|false
STATE|8|2|0|1|animalCount|[2 2 7 8 3 2 0 9 5 10 4 6 6 2 2 0 4 3 8 7]
STATE|8|2|0|1|forageCount|9.98
STATE|8|2|0|1|forageMass|5.83
STATE|8|2|0|1|fenced?|false
STATE|8|2|0|1|attacked?|false
STATE|8|2|0|1|cropped|true
STATE|8|2|0|1|totalLivestock|[1 5 2 9 5 10 9 7 10 6 10 4 4 10 3 8 1 0 2 8]
STATE|8|2|0|1|treeCount|5.07
STATE|8|2|0|1|grassMass|4.66
STATE|8|2|0|1|pAttack|9.36
STATE|8|2|0|1|arable|false
STATE|8|2|0|1|totalHarvest|4.51
STATE|8|2|0|1|animalLoss|6.94
STATE|8|2|0|1|ownedBy|3
STATE|8|2|0|1|village|2
STATE|8|2|0|1|shared?|false
STATE|8|2|0|2|animalCount|[2 3 7 4 2 0 0 8 8 4 0 1 6 5 9 1 10 7 5 4]
STATE|8|2|0|2|forageCount|6.87
STATE|8|2|0|2|forageMass|6.42
STATE|8|2|0|2|fenced?|true
STATE|8|2|0|2|attacked?|false
STATE|8|2|0|2|cropped|true
STATE|8|2|0|2|totalLivestock|[4 7 3 7 8 9 0 3 2 10 3 0 10 0 7 5 3 4 8 4]
STATE|8|2|0|2|treeCount|3.94
STATE|8|2|0|2|grassMass|6.48
STATE|8|2|0|2|pAttack|6.78
STATE|8|2|0|2|arable|true
STATE|8|2|0|2|totalHarvest|7.32
STATE|8|2|0|2|animalLoss|8.04
STATE|8|2|0|2|ownedBy|0
STATE|8|2|0|2|village|0
STATE|8|2|0|2|shared?|true
STATE|8|2|0|3|animalCount|[10 4 7 5 0 9 9 2 7 3 9 5 5 4 6 6 7 10 9 2]
STATE|8|2|0|3|forageCount|2.25
STATE|8|2|0|3|forageMass|6.84
STATE|8|2|0|3|fenced?|true
STATE|8|2|0|3|attacked?|false
STATE|8|2|0|3|cropped|true
STATE|8|2|0|3|totalLivestock|[0 4 9 6 6 2 10 7 3 9 4 4 0 1 3 6 3 4 6 3]
STATE|8|2|0|3|treeCount|9.38
STATE|8|2|0|3|grassMass|8.13
STATE|8|2|0|3|pAttack|0.61
STATE|8|2|0|3|arable|false
STATE|8|2|0|3|totalHarvest|9.13
STATE|8|2|0|3|animalLoss|8.33
STATE|8|2|0|3|ownedBy|0
STATE|8|2|0|3|village|2
STATE|8|2|0|3|shared?|false
STATE|8|2|1|0|animalCount|[1 0 6 7 6 9 6 2 10 4 10 4 3 4 3 9 5 2 6 8]
STATE|8|2|1|0|forageCount|7.5
STATE|8|2|1|0|forageMass|2.15
STATE|8|2|1|0|fenced?|true
STATE|8|2|1|0|attacked?|false
STATE|8|2|1|0|cropped|false
STATE|8|2|1|0|totalLivestock|[4 4 3 10 2 9 8 8 1 8 6 2 10 0 7 8 3 1 6 4]
STATE|8|2|1|0|treeCount|3.96
STATE|8|2|1|0|grassMass|4.22
STATE|8|2|1|0|pAttack|1.99
STATE|8|2|1|0|arable|true
STATE|8|2|1|0|totalHarvest|4.86
STATE|8|2|1|0|animalLoss|8.96
STATE|8|2|1|0|ownedBy|2
STATE|8|2|1|0|village|1
STATE|8|2|1|0|shared?|true
STATE|8|2|1|1|animalCount|[10 8 0 5 3 2 9 0 3 5 2 1 9 9 8 0 1 9 9 0]
STATE|8|2|1|1|forageCount|0.01
STATE|8|2|1|1|forageMass|1.09
STATE|8|2|1|1|fenced?|false
STATE|8|2|1|1|attacked?|false
STATE|8|2|1|1|cropped|true
STATE|8|2|1|1|totalLivestock|[2 2 1 9 7 9 1 4 7 9 5 2 1 8 5 1 9 7 7 2]
STATE|8|2|1|1|treeCount|8.56
STATE|8|2|1|1|grassMass|4.33
STATE|8|2|1|1|pAttack|8.26
STATE|8|2|1|1|arable|false
STATE|8|2|1|1|totalHarvest|8.65
STATE|8|2|1|1|animalLoss|1.78
STATE|8|2|1|1|ownedBy|1
STATE|8|2|1|1|village|3
STATE|8|2|1|1|shared?|false
STATE|8|2|1|2|animalCount|[6 1 2 5 10 7 2 9 4 10 9 4 9 6 7 4 8 5 5 3]
STATE|8|2|1|2|forageCount|5.74
STATE|8|2|1|2|forageMass|4.87
STATE|8|2|1|2|fenced?|false
STATE|8|2|1|2|attacked?|false
STATE|8|2|1|2|cropped|true
STATE|8|2|1|2|totalLivestock|[7 10 4 8 8 5 0 3 5 0 5 5 1 7 1 1 7 6 1 5]
STATE|8|2|1|2|treeCount|3.38
STATE|8|2|1|2|grassMass|1.28
STATE|8|2|1|2|pAttack|3.28
STATE|8|2|1|2|arable|true
STATE|8|2|1|2|totalHarvest|7.27
STATE|8|2|1|2|animalLoss|4.63
STATE|8|2|1|2|ownedBy|3
STATE|8|2|1|2|village|1
STATE|8|2|1|2|shared?|false
STATE|8|2|1|3|animalCount|[4 4 2 0 1 4 8 7 0 3 1 8 1 5 2 7 0 9 4 5]
STATE|8|2|1|3|forageCount|6.5
STATE|8|2|1|3|forageMass|7.37
STATE|8|2|1|3|fenced?|true
STATE|8|2|1|3|attacked?|true
STATE|8|2|1|3|cropped|true
STATE|8|2|1|3|totalLivestock|[7 1 5 6 8 10 10 4 0 9 8 5 0 10 1 9 10 7 8 4]
STATE|8|2|1|3|treeCount|6.37
STATE|8|2|1|3|grassMass|5.77
STATE|8|2|1|3|pAttack|8.38
STATE|8|2|1|3|arable|false
STATE|8|2|1|3|totalHarvest|6.34
STATE|8|2|1|3|animalLoss|1.16
STATE|8|2|1|3|ownedBy|1
STATE|8|2|1|3|village|2
STATE|8|2|1|3|shared?|false
STATE|8|2|2|0|animalCount|[10 9 6 0 7 9 8 9 10 3 1 0 4 4 3 4 3 6 5 9]
STATE|8|2|2|0|forageCount|5.65
STATE|8|2|2|0|forageMass|6.87
STATE|8|2|2|0|fenced?|false
STATE|8|2|2|0|attacked?|true
STATE|8|2|2|0|cropped|false
STATE|8|2|2|0|totalLivestock|[6 7 9 5 1 3 10 4 6 0 10 4 1 9 7 2 6 7 1 9]
STATE|8|2|2|0|treeCount|3.97
STATE|8|2|2|0|grassMass|0.25
STATE|8|2|2|0|pAttack|2.46
STATE|8|2|2|0|arable|false
STATE|8|2|2|0|totalHarvest|3.58
STATE|8|2|2|0|animalLoss|5.35
STATE|8|2|2|0|ownedBy|3
STATE|8|2|2|0|village|2
STATE|8|2|2|0|shared?|true
STATE|8|2|2|1|animalCount|[9 6 7 5 8 10 6 2 3 4 7 9 9 6 4 4 8 7 6 9]
STATE|8|2|2|1|forageCount|5.11
STATE|8|2|2|1|forageMass|3.88
STATE|8|2|2|1|fenced?|false
STATE|8|2|2|1|attacked?|true
STATE|8|2|2|1|cropped|true
STATE|8|2|2|1|totalLivestock|[6 10 2 8 3 6 0 8 6 4 6 7 3 0 4 7 4 7 7 1]
STATE|8|2|2|1|treeCount|2.52
STATE|8|2|2|1|grassMass|1.49
STATE|8|2|2|1|pAttack|7.39
STATE|8|2|2|1|arable|false
STATE|8|2|2|1|totalHarvest|0.69
STATE|8|2|2|1|animalLoss|1.99
STATE|8|2|2|1|ownedBy|0
STATE|8|2|2|1|village|0
STATE|8|2|2|1|shared?|true
STATE|8|2|2|2|animalCount|[8 6 1 9 0 0 1 1 3 7 4 2 5 4 6 6 6 10 9 8]
STATE|8|2|2|2|forageCount|1.37
STATE|8|2|2|2|forageMass|5.68
STATE|8|2|2|2|fenced?|true
STATE|8|2|2|2|attacked?|true
STATE|8|2|2|2|cropped|true
STATE|8|2|2|2|totalLivestock|[1 7 4 5 1 2 7 2 7 0 3 3 5 3 3 8 6 6 10 8]
STATE|8|2|2|2|treeCount|5.04
STATE|8|2|2|2|grassMass|4.41
STATE|8|2|2|2|pAttack|2.94
STATE|8|2|2|2|arable|false
STATE|8|2|2|2|totalHarvest|7.74
STATE|8|2|2|2|animalLoss|4.7
STATE|8|2|2|2|ownedBy|2
STATE|8|2|2|2|village|1
STATE|8|2|2|2|shared?|false
STATE|8|2|2|3|animalCount|[5 2 1 5 9 4 6 8 3 7 3 7 9 4 1 10 9 0 4 2]
STATE|8|2|2|3|forageCount|6.36
STATE|8|2|2|3|forageMass|1.31
STATE|8|2|2|3|fenced?|true
STATE|8|2|2|3|attacked?|false
STATE|8|2|2|3|cropped|false
STATE|8|2|2|3|totalLivestock|[9 4 6 4 6 8 5 8 2 7 5 9 3 4 6 8 3 6 3 9]
STATE|8|2|2|3|treeCount|9.42
STATE|8|2|2|3|grassMass|9.23
STATE|8|2|2|3|pAttack|9.96
STATE|8|2|2|3|arable|true
STATE|8|2|2|3|totalHarvest|2.25
STATE|8|2|2|3|animalLoss|4.34
STATE|8|2|2|3|ownedBy|0
STATE|8|2|2|3|village|0
STATE|8|2|2|3|shared?|false
STATE|8|2|3|0|animalCount|[2 7 1 0 8 8 6 5 9 4 0 8 5 2 5 6 7 0 0 2]
STATE|8|2|3|0|forageCount|3.12
STATE|8|2|3|0|forageMass|6.76
STATE|8|2|3|0|fenced?|true
STATE|8|2|3|0|attacked?|false
STATE|8|2|3|0|cropped|false
STATE|8|2|3|0|totalLivestock|[3 2 8 8 0 9 3 6 7 9 8 0 8 10 9 8 9 9 4 10]
STATE|8|2|3|0|treeCount|2.82
STATE|8|2|3|0|grassMass|1.06
STATE|8|2|3|0|pAttack|6.49
STATE|8|2|3|0|arable|true
STATE|8|2|3|0|totalHarvest|7.13
STATE|8|2|3|0|animalLoss|0.97
STATE|8|2|3|0|ownedBy|2
STATE|8|2|3|0|village|3
STATE|8|2|3|0|shared?|false
STATE|8|2|3|1|animalCount|[6 1 0 4 9 7 2 2 4 0 9 9 10 1 2 5 0 8 6 3]
STATE|8|2|3|1|forageCount|7.03
STATE|8|2|3|1|forageMass|8.78
STATE|8|2|3|1|fenced?|true
STATE|8|2|3|1|attacked?|true
STATE|8|2|3|1|cropped|true
STATE|8|2|3|1|totalLivestock|[10 2 6 0 1 6 6 5 2 8 3 7 2 5 3 6 8 7 6 0]
STATE|8|2|3|1|treeCount|8.27
STATE|8|2|3|1|grassMass|5.1
STATE|8|2|3|1|pAttack|9.39
STATE|8|2|3|1|arable|true
STATE|8|2|3|1|totalHarvest|0.75
STATE|8|2|3|1|animalLoss|7.48
STATE|8|2|3|1|ownedBy|2
STATE|8|2|3|1|village|2
STATE|8|2|3|1|shared?|true
STATE|8|2|3|2|animalCount|[7 7 10 0 5 4 7 2 7 4 10 9 3 6 10 1 8 2 2 5]
STATE|8|2|3|2|forageCount|9.67
STATE|8|2|3|2|forageMass|0.41
STATE|8|2|3|2|fenced?|true
STATE|8|2|3|2|attacked?|true
STATE|8|2|3|2|cropped|true
STATE|8|2|3|2|totalLivestock|[8 5 2 2 3 1 8 6 0 6 0 3 7 9 5 2 9 0 2 7]
STATE|8|2|3|2|treeCount|0.52
STATE|8|2|3|2|grassMass|9.22
STATE|8|2|3|2|pAttack|4.8
STATE|8|2|3|2|arable|true
STATE|8|2|3|2|totalHarvest|4.72
STATE|8|2|3|2|animalLoss|2.04
STATE|8|2|3|2|ownedBy|3
STATE|8|2|3|2|village|3
STATE|8|2|3|2|shared?|false
STATE|8|2|3|3|animalCount|[8 6 3 9 0 5 1 7 7 4 1 10 1 9 8 5 8 3 9 0]
STATE|8|2|3|3|forageCount|3.0
STATE|8|2|3|3|forageMass|7.93
STATE|8|2|3|3|fenced?|false
STATE|8|2|3|3|attacked?|true
STATE|8|2|3|3|cropped|false
STATE|8|2|3|3|totalLivestock|[8 7 3 0 7 6 6 7 4 10 0 2 1 1 6 10 10 1 1 3]
STATE|8|2|3|3|treeCount|5.82
STATE|8|2|3|3|grassMass|6.77
STATE|8|2|3|3|pAttack|6.37
STATE|8|2|3|3|arable|true
STATE|8|2|3|3|totalHarvest|0.95
STATE|8|2|3|3|animalLoss|5.67
STATE|8|2|3|3|ownedBy|2
STATE|8|2|3|3|village|0
STATE|8|2|3|3|shared?|false
CHOICE|8|2|1|1|2|4|02:01:33.000 PM 28-Sep-2026
CHOICE|8|2|1|0|2|1|02:01:39.000 PM 28-Sep-2026
CONFIRM|8|2|1|02:01:44.000 PM 28-Sep-2026
CHOICE|8|2|2|3|0|3|02:01:47.000 PM 28-Sep-2026
CONFIRM|8|2|2|02:01:59.000 PM 28-Sep-2026
CHOICE|8|2|3|2|0|3|02:02:11.000 PM 28-Sep-2026
CHOICE|8|2|3|1|0|3|02:02:12.000 PM 28-Sep-2026
CHOICE|8|2|3|1|0|2|02:02:18.000 PM 28-Sep-2026
CONFIRM|8|2|3|02:02:21.000 PM 28-Sep-2026
CHOICE|8|2|4|3|0|3|02:02:34.000 PM 28-Sep-2026
CONFIRM|8|2|4|02:02:48.000 PM 28-Sep-2026
CHOICE|8|2|5|1|3|4|02:03:02.000 PM 28-Sep-2026
CONFIRM|8|2|5|02:03:10.000 PM 28-Sep-2026
CHOICE|8|2|6|0|1|3|02:03:13.000 PM 28-Sep-2026
CHOICE|8|2|6|2|3|1|02:03:18.000 PM 28-Sep-2026
CONFIRM|8|2|6|02:03:27.000 PM 28-Sep-2026
CHOICE|8|2|7|0|2|1|02:03:28.000 PM 28-Sep-2026
CONFIRM|8|2|7|02:03:40.000 PM 28-Sep-2026
CHOICE|8|2|8|2|1|3|02:03:55.000 PM 28-Sep-2026
CHOICE|8|2|8|1|1|4|02:03:58.000 PM 28-Sep-2026
CHOICE|8|2|8|1|1|-99|02:04:13.000 PM 28-Sep-2026
CONFIRM|8|2|8|02:04:28.000 PM 28-Sep-2026
CHOICE|8|2|9|3|1|1|02:04:37.000 PM 28-Sep-2026
CONFIRM|8|2|9|02:04:42.000 PM 28-Sep-2026
CHOICE|8|2|10|0|2|-99|02:04:47.000 PM 28-Sep-2026
CHOICE|8|2|10|0|2|2|02:04:54.000 PM 28-Sep-2026
CONFIRM|8|2|10|02:05:08.000 PM 28-Sep-2026
CHOICE|8|2|11|0|2|4|02:05:10.000 PM 28-Sep-2026
CHOICE|8|2|11|0|2|1|02:05:25.000 PM 28-Sep-2026
CHOICE|8|2|11|0|2|4|02:05:29.000 PM 28-Sep-2026
CONFIRM|8|2|11|02:05:36.000 PM 28-Sep-2026
CHOICE|8|2|12|0|0|1|02:05:46.000 PM 28-Sep-2026
CONFIRM|8|2|12|02:05:58.000 PM 28-Sep-2026
CHOICE|8|2|13|1|1|-99|02:06:00.000 PM 28-Sep-2026
CHOICE|8|2|13|2|0|1|02:06:10.000 PM 28-Sep-2026
CONFIRM|8|2|13|02:06:11.000 PM 28-Sep-2026
CHOICE|8|2|14|2|0|3|02:06:14.000 PM 28-Sep-2026
CHOICE|8|2|14|2|0|1|02:06:24.000 PM 28-Sep-2026
CHOICE|8|2|14|2|0|1|02:06:30.000 PM 28-Sep-2026
CONFIRM|8|2|14|02:06:31.000 PM 28-Sep-2026
CHOICE|8|2|15|1|2|4|02:06:34.000 PM 28-Sep-2026
CHOICE|8|2|15|2|2|-99|02:06:42.000 PM 28-Sep-2026
CHOICE|8|2|15|2|2|3|02:06:52.000 PM 28-Sep-2026
CONFIRM|8|2|15|02:07:00.000 PM 28-Sep-2026
CHOICE|8|2|16|3|2|4|02:07:10.000 PM 28-Sep-2026
CONFIRM|8|2|16|02:07:21.000 PM 28-Sep-2026
CHOICE|8|2|17|3|0|3|02:07:25.000 PM 28-Sep-2026
CONFIRM|8|2|17|02:07:39.000 PM 28-Sep-2026
CHOICE|8|2|18|2|1|2|02:07:54.000 PM 28-Sep-2026
CONFIRM|8|2|18|02:07:57.000 PM 28-Sep-2026
CHOICE|8|2|19|1|1|-99|02:08:07.000 PM 28-Sep-2026
CHOICE|8|2|19|0|0|2|02:08:22.000 PM 28-Sep-2026
CONFIRM|8|2|19|02:08:23.000 PM 28-Sep-2026
CHOICE|8|2|20|3|0|1|02:08:25.000 PM 28-Sep-2026
CONFIRM|8|2|20|02:08:30.000 PM 28-Sep-2026
SCORE|8|2|1|2|18|10
SCORE|8|2|2|3|51|10
SCORE|8|2|3|13|57|0
SCORE|8|2|4|15|45|7
SCORE|8|2|5|5|54|17
SCORE|8|2|6|16|35|4
SCORE|8|2|7|8|46|0
SCORE|8|2|8|1|10|9
SCORE|8|2|9|12|16|11
SCORE|8|2|10|11|26|11
SCORE|8|2|11|8|21|7
SCORE|8|2|12|10|42|2
SCORE|8|2|13|8|52|10
SCORE|8|2|14|10|60|19
SCORE|8|2|15|1|38|11
SCORE|8|2|16|13|54|10
SCORE|8|2|17|18|44|5
SCORE|8|2|18|16|61|6
SCORE|8|2|19|3|27|12
SCORE|8|2|20|18|57|16
PHASE|phase-9-1|02:08:44.000 PM 28-Sep-2026
STATE|9|1|0|0|animalCount|[8 10 7 9 0 10 10 6 10 0 0 0 0 4 5 2 3 7 9 0]
STATE|9|1|0|0|forageCount|7.46
STATE|9|1|0|0|forageMass|7.16
STATE|9|1|0|0|fenced?|true
STATE|9|1|0|0|attacked?|true
STATE|9|1|0|0|cropped|true
STATE|9|1|0|0|totalLivestock|[6 2 3 0 6 5 3 4 2 3 0 2 5 3 9 0 4 3 0 0]
STATE|9|1|0|0|treeCount|9.98
STATE|9|1|0|0|grassMass|6.2
STATE|9|1|0|0|pAttack|8.88
STATE|9|1|0|0|arable|true
STATE|9|1|0|0|totalHarvest|8.11
STATE|9|1|0|0|animalLoss|0.77
STATE|9|1|0|0|ownedBy|0
STATE|9|1|0|0|village|2
STATE|9|1|0|0|shared?|true
STATE|9|1|0|1|animalCount|[10 3 1 1 6 10 8 3 3 0 10 10 5 3 10 1 2 0 3 5]
STATE|9|1|0|1|forageCount|7.1
STATE|9|1|0|1|forageMass|7.44
STATE|9|1|0|1|fenced?|true
STATE|9|1|0|1|attacked?|true
STATE|9|1|0|1|cropped|true
STATE|9|1|0|1|totalLivestock|[7 2 10 9 5 9 0 9 10 6 3 9 8 0 10 8 7 10 2 8]
STATE|9|1|0|1|treeCount|2.62
STATE|9|1|0|1|grassMass|9.26
STATE|9|1|0|1|pAttack|1.69
STATE|9|1|0|1|arable|true
STATE|9|1|0|1|totalHarvest|2.34
STATE|9|1|0|1|animalLoss|3.12
STATE|9|1|0|1|ownedBy|3
STATE|9|1|0|1|village|2
STATE|9|1|0|1|shared?|true
STATE|9|1|0|2|animalCount|[4 1 8 3 10 1 10 3 0 7 9 6 7 9 8 7 9 0 6 10]
STATE|9|1|0|2|forageCount|4.92
STATE|9|1|0|2|forageMass|7.55
STATE|9|1|0|2|fenced?|false
STATE|9|1|0|2|attacked?|true
STATE|9|1|0|2|cropped|false
STATE|9|1|0|2|totalLivestock|[6 3 10 6 2 9 8 6 9 6 4 5 10 5 3 3 9 9 8 3]
STATE|9|1|0|2|treeCount|9.88
STATE|9|1|0|2|grassMass|0.01
STATE|9|1|0|2|pAttack|2.49
STATE|9|1|0|2|arable|true
STATE|9|1|0|2|totalHarvest|5.62
STATE|9|1|0|2|animalLoss|7.62
STATE|9|1|0|2|ownedBy|3
STATE|9|1|0|2|village|0
STATE|9|1|0|2|shared?|false
STATE|9|1|0|3|animalCount|[2 7 3 3 8 3 8 2 5 1 9 10 6 9 8 4 10 6 5 6]
STATE|9|1|0|3|forageCount|8.13
STATE|9|1|0|3|forageMass|6.37
STATE|9|1|0|3|fenced?|true
STATE|9|1|0|3|attacked?|true
STATE|9|1|0|3|cropped|false
STATE|9|1|0|3|totalLivestock|[7 0 0 4 3 2 1 4 2 4 7 10 4 5 6 9 1 1 2 5]
STATE|9|1|0|3|treeCount|0.76
STATE|9|1|0|3|grassMass|3.82
STATE|9|1|0|3|pAttack|1.34
STATE|9|1|0|3|arable|false
STATE|9|1|0|3|totalHarvest|8.12
STATE|9|1|0|3|animalLoss|5.63
STATE|9|1|0|3|ownedBy|2
STATE|9|1|0|3|village|3
STATE|9|1|0|3|shared?|false
STATE|9|1|1|0|animalCount|[4 8 8 3 2 7 0 9 4 2 7 10 2 2 8 9 1 3 2 2]
STATE|9|1|1|0|forageCount|0.98
STATE|9|1|1|0|forageMass|1.4
STATE|9|1|1|0|fenced?|false
STATE|9|1|1|0|attacked?|true
STATE|9|1|1|0|cropped|false
STATE|9|1|1|0|totalLivestock|[2 4 8 3 8 3 3 6 8 1 1 3 3 10 7 6 8 6 9 3]
STATE|9|1|1|0|treeCount|7.63
STATE|9|1|1|0|grassMass|5.79
STATE|9|1|1|0|pAttack|7.19
STATE|9|1|1|0|arable|false
STATE|9|1|1|0|totalHarvest|7.99
STATE|9|1|1|0|animalLoss|5.99
STATE|9|1|1|0|ownedBy|3
STATE|9|1|1|0|village|3
STATE|9|1|1|0|shared?|true
STATE|9|1|1|1|animalCount|[8 0 6 2 2 7 6 7 1 9 2 7 7 4 1 8 1 10 2 0]
STATE|9|1|1|1|forageCount|5.43
STATE|9|1|1|1|forageMass|0.79
STATE|9|1|1|1|fenced?|true
STATE|9|1|1|1|attacked?|false
STATE|9|1|1|1|cropped|false
STATE|9|1|1|1|totalLivestock|[9 7 8 3 9 6 10 6 8 1 3 1 1 8 9 3 7 9 4 5]
STATE|9|1|1|1|treeCount|7.1
STATE|9|1|1|1|grassMass|4.46
STATE|9|1|1|1|pAttack|3.78
STATE|9|1|1|1|arable|false
STATE|9|1|1|1|totalHarvest|1.87
STATE|9|1|1|1|animalLoss|9.12
STATE|9|1|1|1|ownedBy|3
STATE|9|1|1|1|village|0
STATE|9|1|1|1|shared?|true
STATE|9|1|1|2|animalCount|[7 6 0 6 8 1 6 10 5 6 5 1 2 8 7 3 5 9 10 9]
STATE|9|1|1|2|forageCount|5.62
STATE|9|1|1|2|forageMass|5.28
STATE|9|1|1|2|fenced?|false
STATE|9|1|1|2|attacked?|false
STATE|9|1|1|2|cropped|false
STATE|9|1|1|2|totalLivestock|[6 1 9 3 8 4 1 7 7 4 5 10 0 2 2 6 3 8 3 3]
STATE|9|1|1|2|treeCount|5.84
STATE|9|1|1|2|grassMass|5.75
STATE|9|1|1|2|pAttack|9.62
STATE|9|1|1|2|arable|true
STATE|9|1|1|2|totalHarvest|8.89
STATE|9|1|1|2|animalLoss|2.69
STATE|9|1|1|2|ownedBy|2
STATE|9|1|1|2|village|0
STATE|9|1|1|2|shared?|true
STATE|9|1|1|3|animalCount|[10 7 3 5 8 2 9 1 2 3 9 1 6 7 0 3 7 1 0 1]
STATE|9|1|1|3|forageCount|3.83
STATE|9|1|1|3|forageMass|5.53
STATE|9|1|1|3|fenced?|false
STATE|9|1|1|3|attacked?|true
STATE|9|1|1|3|cropped|true
STATE|9|1|1|3|totalLivestock|[7 9 4 9 6 0 7 9 10 4 10 8 3 2 1 2 0 7 1 1]
STATE|9|1|1|3|treeCount|8.05
STATE|9|1|1|3|grassMass|9.49
STATE|9|1|1|3|pAttack|2.77
STATE|9|1|1|3|arable|false
STATE|9|1|1|3|totalHarvest|4.53
STATE|9|1|1|3|animalLoss|2.76
STATE|9|1|1|3|ownedBy|2
STATE|9|1|1|3|village|3
STATE|9|1|1|3|shared?|false
STATE|9|1|2|0|animalCount|[8 3 8 6 8 7 3 6 9 4 10 2 9 7 6 5 7 4 2 0]
STATE|9|1|2|0|forageCount|0.26
STATE|9|1|2|0|forageMass|7.76
STATE|9|1|2|0|fenced?|true
STATE|9|1|2|0|attacked?|true
STATE|9|1|2|0|cropped|false
STATE|9|1|2|0|totalLivestock|[6 2 7 6 4 5 5 3 1 0 0 0 1 8 10 3 8 6 5 1]
STATE|9|1|2|0|treeCount|6.82
STATE|9|1|2|0|grassMass|5.69
STATE|9|1|2|0|pAttack|4.03
STATE|9|1|2|0|arable|false
STATE|9|1|2|0|totalHarvest|6.31
STATE|9|1|2|0|animalLoss|7.75
STATE|9|1|2|0|ownedBy|0
STATE|9|1|2|0|village|3
STATE|9|1|2|0|shared?|false
STATE|9|1|2|1|animalCount|[10 9 8 10 0 1 2 10 6 7 2 0 9 2 0 10 0 2 9 4]
STATE|9|1|2|1|forageCount|7.9
STATE|9|1|2|1|forageMass|9.09
STATE|9|1|2|1|fenced?|true
STATE|9|1|2|1|attacked?|false
STATE|9|1|2|1|cropped|true
STATE|9|1|2|1|totalLivestock|[9 1 9 5 1 10 10 5 6 6 9 4 3 4 5 2 5 0 1 2]
STATE|9|1|2|1|treeCount|0.88
STATE|9|1|2|1|grassMass|1.55
STATE|9|1|2|1|pAttack|6.7
STATE|9|1|2|1|arable|true
STATE|9|1|2|1|totalHarvest|1.2
STATE|9|1|2|1|animalLoss|2.13
STATE|9|1|2|1|ownedBy|3
STATE|9|1|2|1|village|1
STATE|9|1|2|1|shared?|true
STATE|9|1|2|2|animalCount|[4 3 2 10 3 10 9 2 6 3 1 4 1 7 9 1 3 5 7 8]
STATE|9|1|2|2|forageCount|8.9
STATE|9|1|2|2|forageMass|8.22
STATE|9|1|2|2|fenced?|false
STATE|9|1|2|2|attacked?|false
STATE|9|1|2|2|cropped|false
STATE|9|1|2|2|totalLivestock|[4 9 8 3 7 0 8 2 8 8 10 9 9 5 2 7 0 3 10 2]
STATE|9|1|2|2|treeCount|2.62
STATE|9|1|2|2|grassMass|0.23
STATE|9|1|2|2|pAttack|7.33
STATE|9|1|2|2|arable|false
STATE|9|1|2|2|totalHarvest|3.95
STATE|9|1|2|2|animalLoss|6.13
STATE|9|1|2|2|ownedBy|0
STATE|9|1|2|2|village|2
STATE|9|1|2|2|shared?|false
STATE|9|1|2|3|animalCount|[5 3 8 7 4 0 6 6 9 5 2 8 8 0 9 3 7 5 9 0]
STATE|9|1|2|3|forageCount|9.42
STATE|9|1|2|3|forageMass|1.2
STATE|9|1|2|3|fenced?|true
STATE|9|1|2|3|attacked?|true
STATE|9|1|2|3|cropped|false
STATE|9|1|2|3|totalLivestock|[6 9 0 4 8 10 2 1 7 2 10 3 9 8 6 2 0 8 7 7]
STATE|9|1|2|3|treeCount|1.65
STATE|9|1|2|3|grassMass|7.63
STATE|9|1|2|3|pAttack|5.9
STATE|9|1|2|3|arable|false
STATE|9|1|2|3|totalHarvest|2.3
STATE|9|1|2|3|animalLoss|0.89
STATE|9|1|2|3|ownedBy|1
STATE|9|1|2|3|village|0
STATE|9|1|2|3|shared?|false
STATE|9|1|3|0|animalCount|[8 3 0 0 1 6 10 6 6 2 1 10 8 1 7 1 3 3 4 3]
STATE|9|1|3|0|forageCount|6.61
STATE|9|1|3|0|forageMass|1.03
STATE|9|1|3|0|fenced?|false
STATE|9|1|3|0|attacked?|true
STATE|9|1|3|0|cropped|true
STATE|9|1|3|0|totalLivestock|[7 3 7 3 10 10 6 0 9 0 4 6 8 9 2 10 6 2 9 3]
STATE|9|1|3|0|treeCount|4.7
STATE|9|1|3|0|grassMass|0.24
STATE|9|1|3|0|pAttack|9.34
STATE|9|1|3|0|arable|true
STATE|9|1|3|0|totalHarvest|2.76
STATE|9|1|3|0|animalLoss|8.39
STATE|9|1|3|0|ownedBy|0
STATE|9|1|3|0|village|0
STATE|9|1|3|0|shared?|true
STATE|9|1|3|1|animalCount|[10 10 4 1 6 9 10 2 10 8 2 3 8 4 6 6 9 2 6 0]
STATE|9|1|3|1|forageCount|4.84
STATE|9|1|3|1|forageMass|8.67
STATE|9|1|3|1|fenced?|false
STATE|9|1|3|1|attacked?|true
STATE|9|1|3|1|cropped|false
STATE|9|1|3|1|totalLivestock|[7 3 10 7 4 3 8 10 0 3 7 1 2 9 10 0 5 0 3 9]
STATE|9|1|3|1|treeCount|1.56
STATE|9|1|3|1|grassMass|9.8
STATE|9|1|3|1|pAttack|2.66
STATE|9|1|3|1|arable|true
STATE|9|1|3|1|totalHarvest|2.27
STATE|9|1|3|1|animalLoss|3.77
STATE|9|1|3|1|ownedBy|2
STATE|9|1|3|1|village|0
STATE|9|1|3|1|shared?|false
STATE|9|1|3|2|animalCount|[9 10 5 4 10 0 0 8 5 10 0 2 4 2 6 7 1 7 4 7]
STATE|9|1|3|2|forageCount|5.63
STATE|9|1|3|2|forageMass|8.82
STATE|9|1|3|2|fenced?|true
STATE|9|1|3|2|attacked?|false
STATE|9|1|3|2|cropped|false
STATE|9|1|3|2|totalLivestock|[9 5 0 6 8 5 6 6 3 2 5 4 4 8 5 7 1 3 1 10]
STATE|9|1|3|2|treeCount|0.51
STATE|9|1|3|2|grassMass|8.82
STATE|9|1|3|2|pAttack|9.62
STATE|9|1|3|2|arable|true
STATE|9|1|3|2|totalHarvest|2.75
STATE|9|1|3|2|animalLoss|4.79
STATE|9|1|3|2|ownedBy|1
STATE|9|1|3|2|village|3
STATE|9|1|3|2|shared?|true
STATE|9|1|3|3|animalCount|[9 2 1 5 2 6 6 5 2 1 8 4 4 1 8 2 4 1 6 2]
STATE|9|1|3|3|forageCount|9.99
STATE|9|1|3|3|forageMass|8.91
STATE|9|1|3|3|fenced?|true
STATE|9|1|3|3|attacked?|true
STATE|9|1|3|3|cropped|false
STATE|9|1|3|3|totalLivestock|[0 6 6 2 4 10 5 8 1 1 9 2 10 7 4 7 6 0 1 7]
STATE|9|1|3|3|treeCount|1.54
STATE|9|1|3|3|grassMass|9.32
STATE|9|1|3|3|pAttack|1.61
STATE|9|1|3|3|arable|false
STATE|9|1|3|3|totalHarvest|6.18
STATE|9|1|3|3|animalLoss|3.91
STATE|9|1|3|3|ownedBy|1
STATE|9|1|3|3|village|3
STATE|9|1|3|3|shared?|true
CHOICE|9|1|1|3|1|1|02:08:46.000 PM 28-Sep-2026
CHOICE|9|1|1|3|1|3|02:08:59.000 PM 28-Sep-2026
CHOICE|9|1|1|3|1|3|02:09:00.000 PM 28-Sep-2026
CONFIRM|9|1|1|02:09:11.000 PM 28-Sep-2026
CHOICE|9|1|2|3|1|3|02:09:24.000 PM 28-Sep-2026
CHOICE|9|1|2|3|1|1|02:09:36.000 PM 28-Sep-2026
CONFIRM|9|1|2|02:09:39.000 PM 28-Sep-2026
CHOICE|9|1|3|1|2|1|02:09:54.000 PM 28-Sep-2026
CHOICE|9|1|3|3|2|3|02:10:07.000 PM 28-Sep-2026
CONFIRM|9|1|3|02:10:19.000 PM 28-Sep-2026
CHOICE|9|1|4|0|3|2|02:10:26.000 PM 28-Sep-2026
CONFIRM|9|1|4|02:10:35.000 PM 28-Sep-2026
CHOICE|9|1|5|1|0|-99|02:10:42.000 PM 28-Sep-2026
CHOICE|9|1|5|3|1|3|02:10:57.000 PM 28-Sep-2026
CONFIRM|9|1|5|02:10:58.000 PM 28-Sep-2026
CHOICE|9|1|6|1|2|3|02:11:05.000 PM 28-Sep-2026
CHOICE|9|1|6|1|2|-99|02:11:17.000 PM 28-Sep-2026
CHOICE|9|1|6|1|2|4|02:11:22.000 PM 28-Sep-2026
CONFIRM|9|1|6|02:11:25.000 PM 28-Sep-2026
CHOICE|9|1|7|2|3|3|02:11:30.000 PM 28-Sep-2026
CHOICE|9|1|7|2|3|3|02:11:44.000 PM 28-Sep-2026
CONFIRM|9|1|7|02:11:54.000 PM 28-Sep-2026
CHOICE|9|1|8|1|2|4|02:12:04.000 PM 28-Sep-2026
CHOICE|9|1|8|0|0|2|02:12:14.000 PM 28-Sep-2026
CHOICE|9|1|8|3|3|3|02:12:25.000 PM 28-Sep-2026
CONFIRM|9|1|8|02:12:39.000 PM 28-Sep-2026
CHOICE|9|1|9|0|0|4|02:12:44.000 PM 28-Sep-2026
CHOICE|9|1|9|0|0|2|02:12:51.000 PM 28-Sep-2026
CONFIRM|9|1|9|02:13:02.000 PM 28-Sep-2026
CHOICE|9|1|10|2|0|4|02:13:16.000 PM 28-Sep-2026
CHOICE|9|1|10|0|0|4|02:13:24.000 PM 28-Sep-2026
CONFIRM|9|1|10|02:13:37.000 PM 28-Sep-2026
CHOICE|9|1|11|2|0|2|02:13:44.000 PM 28-Sep-2026
CHOICE|9|1|11|3|3|3|02:13:51.000 PM 28-Sep-2026
CONFIRM|9|1|11|02:14:06.000 PM 28-Sep-2026
CHOICE|9|1|12|2|0|3|02:14:08.000 PM 28-Sep-2026
CHOICE|9|1|12|1|2|4|02:14:18.000 PM 28-Sep-2026
CHOICE|9|1|12|0|3|-99|02:14:20.000 PM 28-Sep-2026
CONFIRM|9|1|12|02:14:21.000 PM 28-Sep-2026
CHOICE|9|1|13|3|1|3|02:14:23.000 PM 28-Sep-2026
CONFIRM|9|1|13|02:14:34.000 PM 28-Sep-2026
CHOICE|9|1|14|2|0|2|02:14:48.000 PM 28-Sep-2026
CHOICE|9|1|14|3|2|4|02:14:58.000 PM 28-Sep-2026
CONFIRM|9|1|14|02:15:08.000 PM 28-Sep-2026
CHOICE|9|1|15|0|1|2|02:15:10.000 PM 28-Sep-2026
CHOICE|9|1|15|0|1|1|02:15:15.000 PM 28-Sep-2026
CONFIRM|9|1|15|02:15:25.000 PM 28-Sep-2026
CHOICE|9|1|16|2|1|1|02:15:31.000 PM 28-Sep-2026
CHOICE|9|1|16|1|0|4|02:15:42.000 PM 28-Sep-2026
CONFIRM|9|1|16|02:15:45.000 PM 28-Sep-2026
CHOICE|9|1|17|3|3|1|02:15:48.000 PM 28-Sep-2026
CONFIRM|9|1|17|02:15:54.000 PM 28-Sep-2026
CHOICE|9|1|18|0|3|2|02:15:59.000 PM 28-Sep-2026
CONFIRM|9|1|18|02:16:05.000 PM 28-Sep-2026
CHOICE|9|1|19|1|2|2|02:16:10.000 PM 28-Sep-2026
CONFIRM|9|1|19|02:16:19.000 PM 28-Sep-2026
CHOICE|9|1|20|3|0|1|02:16:32.000 PM 28-Sep-2026
CONFIRM|9|1|20|02:16:44.000 PM 28-Sep-2026
SCORE|9|1|1|15|44|6
SCORE|9|1|2|8|52|9
SCORE|9|1|3|13|31|14
SCORE|9|1|4|0|22|7
SCORE|9|1|5|11|31|7
SCORE|9|1|6|18|18|3
SCORE|9|1|7|3|44|2
SCORE|9|1|8|13|53|0
SCORE|9|1|9|7|49|1
SCORE|9|1|10|17|22|15
SCORE|9|1|11|11|36|5
SCORE|9|1|12|18|56|17
SCORE|9|1|13|13|23|7
SCORE|9|1|14|1|18|4
SCORE|9|1|15|11|24|3
SCORE|9|1|16|3|14|17
SCORE|9|1|17|15|54|8
SCORE|9|1|18|19|40|3
SCORE|9|1|19|0|50|2
SCORE|9|1|20|8|34|6
PHASE|phase-9-2|02:16:52.000 PM 28-Sep-2026
STATE|9|2|0|0|animalCount|[10 7 3 6 5 10 8 6 6 9 4 2 6 6 8 5 1 6 4 5]
STATE|9|2|0|0|forageCount|5.14
STATE|9|2|0|0|forageMass|1.58
STATE|9|2|0|0|fenced?|true
STATE|9|2|0|0|attacked?|false
STATE|9|2|0|0|cropped|true
STATE|9|2|0|0|totalLivestock|[0 4 7 3 8 3 6 10 4 4 8 5 2 8 2 10 10 2 9 9]
STATE|9|2|0|0|treeCount|4.8
STATE|9|2|0|0|grassMass|4.15
STATE|9|2|0|0|pAttack|7.47
STATE|9|2|0|0|arable|true
STATE|9|2|0|0|totalHarvest|9.16
STATE|9|2|0|0|animalLoss|6.6
STATE|9|2|0|0|ownedBy|1
STATE|9|2|0|0|village|2
STATE|9|2|0|0|shared?|false
STATE|9|2|0|1|animalCount|[3 6 5 1 7 1 0 9 5 4 6 10 3 6 1 4 3 9 7 1]
STATE|9|2|0|1|forageCount|0.73
STATE|9|2|0|1|forageMass|0.1
STATE|9|2|0|1|fenced?|true
STATE|9|2|0|1|attacked?|true
STATE|9|2|0|1|cropped|true
STATE|9|2|0|1|totalLivestock|[1 10 4 2 9 5 8 8 4 3 6 6 2 3 5 10 4 6 8 8]
STATE|9|2|0|1|treeCount|5.5
STATE|9|2|0|1|grassMass|3.34
STATE|9|2|0|1|pAttack|8.71
STATE|9|2|0|1|arable|false
STATE|9|2|0|1|totalHarvest|9.54
STATE|9|2|0|1|animalLoss|8.67
STATE|9|2|0|1|ownedBy|3
STATE|9|2|0|1|village|3
STATE|9|2|0|1|shared?|false
STATE|9|2|0|2|animalCount|[8 8 7 4 5 3 0 9 0 7 8 3 7 2 5 7 5 0 5 10]
STATE|9|2|0|2|forageCount|7.08
STATE|9|2|0|2|forageMass|4.25
STATE|9|2|0|2|fenced?|true
STATE|9|2|0|2|attacked?|false
STATE|9|2|0|2|cropped|false
STATE|9|2|0|2|totalLivestock|[5 3 4 5 0 5 10 3 0 10 4 7 10 5 7 7 0 5 2 7]
STATE|9|2|0|2|treeCount|5.6
STATE|9|2|0|2|grassMass|2.37
STATE|9|2|0|2|pAttack|8.35
STATE|9|2|0|2|arable|true
STATE|9|2|0|2|totalHarvest|2.49
STATE|9|2|0|2|animalLoss|6.43
STATE|9|2|0|2|ownedBy|2
STATE|9|2|0|2|village|3
STATE|9|2|0|2|shared?|true
STATE|9|2|0|3|animalCount|[7 5 2 3 0 3 4 6 8 7 10 0 0 10 7 3 4 1 4 5]
STATE|9|2|0|3|forageCount|9.12
STATE|9|2|0|3|forageMass|9.52
STATE|9|2|0|3|fenced?|false
STATE|9|2|0|3|attacked?|true
STATE|9|2|0|3|cropped|false
STATE|9|2|0|3|totalLivestock|[4 5 10 0 4 8 8 8 9 5 7 9 4 1 1 5 1 0 4 5]
STATE|9|2|0|3|treeCount|9.79
STATE|9|2|0|3|grassMass|3.95
STATE|9|2|0|3|pAttack|0.55
STATE|9|2|0|3|arable|true
STATE|9|2|0|3|totalHarvest|9.82
STATE|9|2|0|3|animalLoss|0.92
STATE|9|2|0|3|ownedBy|2
STATE|9|2|0|3|village|3
STATE|9|2|0|3|shared?|false
STATE|9|2|1|0|animalCount|[8 2 4 6 1 2 6 6 5 6 2 8 1 7 1 5 1 4 4 2]
STATE|9|2|1|0|forageCount|6.59
STATE|9|2|1|0|forageMass|3.26
STATE|9|2|1|0|fenced?|false
STATE|9|2|1|0|attacked?|true
STATE|9|2|1|0|cropped|true
STATE|9|2|1|0|totalLivestock|[5 1 4 4 6 1 5 1 5 7 9 8 5 4 0 8 1 2 7 8]
STATE|9|2|1|0|treeCount|9.69
STATE|9|2|1|0|grassMass|3.46
STATE|9|2|1|0|pAttack|0.09
STATE|9|2|1|0|arable|false
STATE|9|2|1|0|totalHarvest|6.52
STATE|9|2|1|0|animalLoss|9.18
STATE|9|2|1|0|ownedBy|0
STATE|9|2|1|0|village|2
STATE|9|2|1|0|shared?|true
STATE|9|2|1|1|animalCount|[6 5 10 10 2 4 3 1 9 3 6 8 2 8 0 7 9 10 1 4]
STATE|9|2|1|1|forageCount|8.75
STATE|9|2|1|1|forageMass|3.11
STATE|9|2|1|1|fenced?|false
STATE|9|2|1|1|attacked?|true
STATE|9|2|1|1|cropped|false
STATE|9|2|1|1|totalLivestock|[3 5 3 0 10 2 3 3 10 7 9 9 5 2 3 10 8 5 6 3]
STATE|9|2|1|1|treeCount|0.27
STATE|9|2|1|1|grassMass|5.38
STATE|9|2|1|1|pAttack|4.64
STATE|9|2|1|1|arable|false
STATE|9|2|1|1|totalHarvest|6.79
STATE|9|2|1|1|animalLoss|8.84
STATE|9|2|1|1|ownedBy|2
STATE|9|2|1|1|village|3
STATE|9|2|1|1|shared?|true
STATE|9|2|1|2|animalCount|[10 8 4 8 8 4 8 2 7 7 5 1 3 5 0 9 3 0 1 9]
STATE|9|2|1|2|forageCount|6.71
STATE|9|2|1|2|forageMass|6.83
STATE|9|2|1|2|fenced?|false
STATE|9|2|1|2|attacked?|false
STATE|9|2|1|2|cropped|true
STATE|9|2|1|2|totalLivestock|[2 5 5 10 10 8 8 6 9 8 4 1 0 0 9 1 3 9 3 9]
STATE|9|2|1|2|treeCount|0.69
STATE|9|2|1|2|grassMass|0.79
STATE|9|2|1|2|pAttack|4.91
STATE|9|2|1|2|arable|false
STATE|9|2|1|2|totalHarvest|3.86
STATE|9|2|1|2|animalLoss|1.6
STATE|9|2|1|2|ownedBy|3
STATE|9|2|1|2|village|1
STATE|9|2|1|2|shared?|false
STATE|9|2|1|3|animalCount|[8 4 4 4 1 0 4 10 9 10 9 8 6 4 1 4 6 6 1 0]
STATE|9|2|1|3|forageCount|6.76
STATE|9|2|1|3|forageMass|0.59
STATE|9|2|1|3|fenced?|false
STATE|9|2|1|3|attacked?|false
STATE|9|2|1|3|cropped|false
STATE|9|2|1|3|totalLivestock|[8 6 10 5 8 8 1 7 6 6 0 2 3 3 9 5 10 2 8 1]
STATE|9|2|1|3|treeCount|6.59
STATE|9|2|1|3|grassMass|3.83
STATE|9|2|1|3|pAttack|0.53
STATE|9|2|1|3|arable|false
STATE|9|2|1|3|totalHarvest|4.67
STATE|9|2|1|3|animalLoss|4.28
STATE|9|2|1|3|ownedBy|3
STATE|9|2|1|3|village|0
STATE|9|2|1|3|shared?|true
STATE|9|2|2|0|animalCount|[2 0 8 8 7 0 9 4 3 4 5 0 3 9 7 4 7 0 8 6]
STATE|9|2|2|0|forageCount|2.1
STATE|9|2|2|0|forageMass|8.4
STATE|9|2|2|0|fenced?|false
STATE|9|2|2|0|attacked?|false
STATE|9|2|2|0|cropped|false
STATE|9|2|2|0|totalLivestock|[5 10 0 3 6 4 5 8 7 4 6 9 2 2 7 7 3 10 3 3]
STATE|9|2|2|0|treeCount|0.31
STATE|9|2|2|0|grassMass|4.02
STATE|9|2|2|0|pAttack|3.38
STATE|9|2|2|0|arable|false
STATE|9|2|2|0|totalHarvest|2.45
STATE|9|2|2|0|animalLoss|9.72
STATE|9|2|2|0|ownedBy|0
STATE|9|2|2|0|village|0
STATE|9|2|2|0|shared?|true
STATE|9|2|2|1|animalCount|[5 9 6 5 0 8 2 7 0 4 5 4 4 9 1 4 1 4 10 4]
STATE|9|2|2|1|forageCount|2.16
STATE|9|2|2|1|forageMass|6.73
STATE|9|2|2|1|fenced?|false
STATE|9|2|2|1|attacked?|false
STATE|9|2|2|1|cropped|false
STATE|9|2|2|1|totalLivestock|[3 4 5 7 10 3 1 4 3 3 10 2 9 2 3 6 8 2 3 0]
STATE|9|2|2|1|treeCount|0.16
STATE|9|2|2|1|grassMass|1.95
STATE|9|2|2|1|pAttack|1.24
STATE|9|2|2|1|arable|false
STATE|9|2|2|1|totalHarvest|1.23
STATE|9|2|2|1|animalLoss|0.34
STATE|9|2|2|1|ownedBy|2
STATE|9|2|2|1|village|3
STATE|9|2|2|1|shared?|true
STATE|9|2|2|2|animalCount|[0 2 10 7 0 1 4 3 10 9 1 3 4 3 10 10 9 5 9 1]
STATE|9|2|2|2|forageCount|2.14
STATE|9|2|2|2|forageMass|5.71
STATE|9|2|2|2|fenced?|false
STATE|9|2|2|2|attacked?|true
STATE|9|2|2|2|cropped|true
STATE|9|2|2|2|totalLivestock|[5 5 2 5 4 1 7 8 0 7 8 0 3 6 9 10 3 1 10 4]
STATE|9|2|2|2|treeCount|2.99
STATE|9|2|2|2|grassMass|7.24
STATE|9|2|2|2|pAttack|7.47
STATE|9|2|2|2|arable|false
STATE|9|2|2|2|totalHarvest|0.27
STATE|9|2|2|2|animalLoss|3.53
STATE|9|2|2|2|ownedBy|3
STATE|9|2|2|2|village|0
STATE|9|2|2|2|shared?|false
STATE|9|2|2|3|animalCount|[3 2 2 5 3 10 7 5 10 10 2 10 0 6 6 4 10 6 6 6]
STATE|9|2|2|3|forageCount|8.48
STATE|9|2|2|3|forageMass|1.88
STATE|9|2|2|3|fenced?|false
STATE|9|2|2|3|attacked?|true
STATE|9|2|2|3|cropped|true
STATE|9|2|2|3|totalLivestock|[1 5 5 4 0 4 4 4 8 0 0 3 10 4 5 4 7 6 7 9]
STATE|9|2|2|3|treeCount|9.36
STATE|9|2|2|3|grassMass|4.69
STATE|9|2|2|3|pAttack|6.2
STATE|9|2|2|3|arable|false
STATE|9|2|2|3|totalHarvest|9.27
STATE|9|2|2|3|animalLoss|8.29
STATE|9|2|2|3|ownedBy|0
STATE|9|2|2|3|village|0
STATE|9|2|2|3|shared?|true
STATE|9|2|3|0|animalCount|[9 5 10 2 2 7 1 0 7 8 5 1 1 8 8 9 0 4 9 3]
STATE|9|2|3|0|forageCount|4.49
STATE|9|2|3|0|forageMass|5.97
STATE|9|2|3|0|fenced?|false
STATE|9|2|3|0|attacked?|true
STATE|9|2|3|0|cropped|true
STATE|9|2|3|0|totalLivestock|[6 2 6 6 0 4 8 10 1 5 4 1 1 2 5 7 7 10 10 10]
STATE|9|2|3|0|treeCount|9.32
STATE|9|2|3|0|grassMass|1.81
STATE|9|2|3|0|pAttack|8.91
STATE|9|2|3|0|arable|true
STATE|9|2|3|0|totalHarvest|7.91
STATE|9|2|3|0|animalLoss|7.77
STATE|9|2|3|0|ownedBy|2
STATE|9|2|3|0|village|2
STATE|9|2|3|0|shared?|false
STATE|9|2|3|1|animalCount|[1 4 5 1 8 10 0 4 3 5 2 2 1 0 3 3 2 10 5 9]
STATE|9|2|3|1|forageCount|4.62
STATE|9|2|3|1|forageMass|3.03
STATE|9|2|3|1|fenced?|true
STATE|9|2|3|1|attacked?|false
STATE|9|2|3|1|cropped|false
STATE|9|2|3|1|totalLivestock|[10 10 6 10 0 3 5 3 2 3 4 1 8 2 7 3 7 4 3 2]
STATE|9|2|3|1|treeCount|3.06
STATE|9|2|3|1|grassMass|8.02
STATE|9|2|3|1|pAttack|0.24
STATE|9|2|3|1|arable|false
STATE|9|2|3|1|totalHarvest|7.4
STATE|9|2|3|1|animalLoss|6.56
STATE|9|2|3|1|ownedBy|1
STATE|9|2|3|1|village|1
STATE|9|2|3|1|shared?|true
STATE|9|2|3|2|animalCount|[8 9 1 9 8 2 9 3 0 5 7 7 9 0 6 10 6 2 2 8]
STATE|9|2|3|2|forageCount|1.95
STATE|9|2|3|2|forageMass|8.9
STATE|9|2|3|2|fenced?|false
STATE|9|2|3|2|attacked?|false
STATE|9|2|3|2|cropped|true
STATE|9|2|3|2|totalLivestock|[7 0 5 6 5 4 2 10 3 10 8 10 6 10 8 3 10 4 8 8]
STATE|9|2|3|2|treeCount|7.27
STATE|9|2|3|2|grassMass|6.42
STATE|9|2|3|2|pAttack|4.16
STATE|9|2|3|2|arable|false
STATE|9|2|3|2|totalHarvest|2.71
STATE|9|2|3|2|animalLoss|3.91
STATE|9|2|3|2|ownedBy|2
STATE|9|2|3|2|village|0
STATE|9|2|3|2|shared?|true
STATE|9|2|3|3|animalCount|[2 3 1 7 9 6 0 6 5 9 7 0 0 5 10 3 4 5 10 5]
STATE|9|2|3|3|forageCount|9.3
STATE|9|2|3|3|forageMass|1.01
STATE|9|2|3|3|fenced?|false
STATE|9|2|3|3|attacked?|true
STATE|9|2|3|3|cropped|false
STATE|9|2|3|3|totalLivestock|[4 6 7 7 6 4 4 0 1 8 6 7 5 4 0 6 0 5 5 3]
STATE|9|2|3|3|treeCount|5.81
STATE|9|2|3|3|grassMass|8.9
STATE|9|2|3|3|pAttack|0.21
STATE|9|2|3|3|arable|false
STATE|9|2|3|3|totalHarvest|5.98
STATE|9|2|3|3|animalLoss|8.01
STATE|9|2|3|3|ownedBy|0
STATE|9|2|3|3|village|2
STATE|9|2|3|3|shared?|false
CHOICE|9|2|1|2|3|-99|02:17:04.000 PM 28-Sep-2026
CONFIRM|9|2|1|02:17:17.000 PM 28-Sep-2026
CHOICE|9|2|2|0|3|1|02:17:19.000 PM 28-Sep-2026
CHOICE|9|2|2|3|3|2|02:17:31.000 PM 28-Sep-2026
CHOICE|9|2|2|3|3|1|02:17:34.000 PM 28-Sep-2026
CONFIRM|9|2|2|02:17:49.000 PM 28-Sep-2026
CHOICE|9|2|3|3|1|1|02:17:57.000 PM 28-Sep-2026
CONFIRM|9|2|3|02:17:59.000 PM 28-Sep-2026
CHOICE|9|2|4|1|3|3|02:18:13.000 PM 28-Sep-2026
CONFIRM|9|2|4|02:18:23.000 PM 28-Sep-2026
CHOICE|9|2|5|0|0|4|02:18:27.000 PM 28-Sep-2026
CHOICE|9|2|5|3|3|4|02:18:40.000 PM 28-Sep-2026
CONFIRM|9|2|5|02:18:54.000 PM 28-Sep-2026
CHOICE|9|2|6|1|2|3|02:18:56.000 PM 28-Sep-2026
CONFIRM|9|2|6|02:18:59.000 PM 28-Sep-2026
CHOICE|9|2|7|2|3|4|02:19:13.000 PM 28-Sep-2026
CHOICE|9|2|7|3|2|2|02:19:22.000 PM 28-Sep-2026
CHOICE|9|2|7|1|3|4|02:19:26.000 PM 28-Sep-2026
CONFIRM|9|2|7|02:19:40.000 PM 28-Sep-2026
CHOICE|9|2|8|1|0|4|02:19:42.000 PM 28-Sep-2026
CHOICE|9|2|8|1|0|4|02:19:54.000 PM 28-Sep-2026
CHOICE|9|2|8|0|0|1|02:20:03.000 PM 28-Sep-2026
CONFIRM|9|2|8|02:20:17.000 PM 28-Sep-2026
CHOICE|9|2|9|0|0|2|02:20:21.000 PM 28-Sep-2026
CHOICE|9|2|9|0|0|1|02:20:23.000 PM 28-Sep-2026
CHOICE|9|2|9|0|2|2|02:20:28.000 PM 28-Sep-2026
CONFIRM|9|2|9|02:20:38.000 PM 28-Sep-2026
CHOICE|9|2|10|1|3|4|02:20:49.000 PM 28-Sep-2026
CONFIRM|9|2|10|02:21:01.000 PM 28-Sep-2026
CHOICE|9|2|11|2|0|-99|02:21:15.000 PM 28-Sep-2026
CHOICE|9|2|11|2|1|1|02:21:17.000 PM 28-Sep-2026
CHOICE|9|2|11|2|1|3|02:21:32.000 PM 28-Sep-2026
CONFIRM|9|2|11|02:21:39.000 PM 28-Sep-2026
CHOICE|9|2|12|3|1|3|02:21:54.000 PM 28-Sep-2026
CHOICE|9|2|12|3|1|-99|02:21:55.000 PM 28-Sep-2026
CHOICE|9|2|12|1|3|4|02:22:05.000 PM 28-Sep-2026
CONFIRM|9|2|12|02:22:16.000 PM 28-Sep-2026
CHOICE|9|2|13|2|1|3|02:22:25.000 PM 28-Sep-2026
CHOICE|9|2|13|3|1|1|02:22:40.000 PM 28-Sep-2026
CONFIRM|9|2|13|02:22:55.000 PM 28-Sep-2026
CHOICE|9|2|14|2|2|1|02:23:07.000 PM 28-Sep-2026
CHOICE|9|2|14|0|3|2|02:23:13.000 PM 28-Sep-2026
CHOICE|9|2|14|0|3|1|02:23:21.000 PM 28-Sep-2026
CONFIRM|9|2|14|02:23:36.000 PM 28-Sep-2026
CHOICE|9|2|15|1|3|1|02:23:50.000 PM 28-Sep-2026
CHOICE|9|2|15|1|3|2|02:23:58.000 PM 28-Sep-2026
CONFIRM|9|2|15|02:24:08.000 PM 28-Sep-2026
CHOICE|9|2|16|3|2|3|02:24:21.000 PM 28-Sep-2026
CONFIRM|9|2|16|02:24:22.000 PM 28-Sep-2026
CHOICE|9|2|17|0|2|-99|02:24:32.000 PM 28-Sep-2026
CONFIRM|9|2|17|02:24:43.000 PM 28-Sep-2026
CHOICE|9|2|18|2|3|1|02:24:50.000 PM 28-Sep-2026
CHOICE|9|2|18|2|3|-99|02:24:51.000 PM 28-Sep-2026
CONFIRM|9|2|18|02:24:56.000 PM 28-Sep-2026
CHOICE|9|2|19|0|3|4|02:25:11.000 PM 28-Sep-2026
CHOICE|9|2|19|2|3|-99|02:25:25.000 PM 28-Sep-2026
CONFIRM|9|2|19|02:25:32.000 PM 28-Sep-2026
CHOICE|9|2|20|1|3|4|02:25:34.000 PM 28-Sep-2026
CHOICE|9|2|20|2|0|4|02:25:44.000 PM 28-Sep-2026
CHOICE|9|2|20|2|0|2|02:25:59.000 PM 28-Sep-2026
CONFIRM|9|2|20|02:26:03.000 PM 28-Sep-2026
SCORE|9|2|1|15|34|15
SCORE|9|2|2|19|49|8
SCORE|9|2|3|12|17|4
SCORE|9|2|4|16|59|11
SCORE|9|2|5|18|51|15
SCORE|9|2|6|6|46|7
SCORE|9|2|7|17|63|9
SCORE|9|2|8|17|20|9
SCORE|9|2|9|5|25|10
SCORE|9|2|10|16|58|6
SCORE|9|2|11|0|33|16
SCORE|9|2|12|20|51|6
SCORE|9|2|13|8|28|18
SCORE|9|2|14|11|12|10
SCORE|9|2|15|14|48|12
SCORE|9|2|16|15|59|19
SCORE|9|2|17|10|59|16
SCORE|9|2|18|6|18|9
SCORE|9|2|19|10|44|4
SCORE|9|2|20|20|28|11
